ds,trend,yhat_lower,yhat_upper,trend_lower,trend_upper,multiplicative_terms,multiplicative_terms_lower,multiplicative_terms_upper,weekly,weekly_lower,weekly_upper,yearly,yearly_lower,yearly_upper,additive_terms,additive_terms_lower,additive_terms_upper,yhat,residual,yhat_original
2023-05-10 17:15:39.185076,-0.600132774534615,96.21917785476776,117.27839709125719,-0.600132774534615,-0.600132774534615,1.3414219162781602,1.3414219162781602,1.3414219162781602,0.024197687089243507,0.024197687089243507,0.024197687089243507,1.3172242291889167,1.3172242291889167,1.3172242291889167,0.0,0.0,0.0,102.46354816813624,-0.20443000187707405,-1.4051640309721674
2023-05-11 17:15:39.185076,-0.6030746083951551,96.02687914493688,116.83028726613661,-0.6030746083951551,-0.6030746083951551,1.341917141028639,1.341917141028639,1.341917141028639,-0.02086781241150488,-0.02086781241150488,-0.02086781241150488,1.362784953440144,1.362784953440144,1.362784953440144,0.0,0.0,0.0,107.58421808016112,0.04591650102957276,-1.4123507627197478
2023-05-12 17:15:39.185076,-0.6060164422556952,95.02121827628322,116.11761187267525,-0.6060164422556952,-0.6060164422556952,1.4029271929906917,1.4029271929906917,1.4029271929906917,0.0011054477714630227,0.0011054477714630227,0.0011054477714630227,1.4018217452192288,1.4018217452192288,1.4018217452192288,0.0,0.0,0.0,106.49331836738496,0.037976739798834425,-1.4562133884956834
2023-05-13 17:15:39.185076,-0.6089582761162353,94.8219154168449,115.48256622777016,-0.6089582761162353,-0.6089582761162353,1.4239368512287298,1.4239368512287298,1.4239368512287298,-0.009946262067118721,-0.009946262067118721,-0.009946262067118721,1.4338831132958485,1.4338831132958485,1.4338831132958485,0.0,0.0,0.0,105.36334062794819,0.004181714210811439,-1.4760764063388627
2023-05-14 17:15:39.185076,-0.6119001099767754,94.4508090196881,115.55988456505055,-0.6119001099767754,-0.6119001099767754,1.449576863681757,1.449576863681757,1.449576863681757,-0.009035996848527093,-0.009035996848527093,-0.009035996848527093,1.4586128605302842,1.4586128605302842,1.4586128605302842,0.0,0.0,0.0,102.96032896396281,-0.08710758264800919,-1.4988963522834313
2023-05-15 17:15:39.185076,-0.6148419438373155,93.29265478221583,114.26167434651585,-0.6148419438373155,-0.6148419438373155,1.4701388006734295,1.4701388006734295,1.4701388006734295,-0.005617552629469849,-0.005617552629469849,-0.005617552629469849,1.4757563533028992,1.4757563533028992,1.4757563533028992,0.0,0.0,0.0,96.33459534180047,-0.3818881137818392,-1.5187449417540264
2023-05-16 17:15:39.185076,-0.6177837776978555,92.86889668568156,113.27756559935122,-0.6177837776978555,-0.6177837776978555,1.5053294065735676,1.5053294065735676,1.5053294065735676,0.020164489095873973,0.020164489095873973,0.020164489095873973,1.4851649174776937,1.4851649174776937,1.4851649174776937,0.0,0.0,0.0,95.5312875448501,-0.3910270078916658,-1.547751865170545
2023-05-17 17:15:39.185076,-0.6207256115583957,93.21939388418734,113.37223621527797,-0.6207256115583957,-0.6207256115583957,1.5109959471099705,1.5109959471099705,1.5109959471099705,0.024197687089234015,0.024197687089234015,0.024197687089234015,1.4867982600207366,1.4867982600207366,1.4867982600207366,0.0,0.0,0.0,100.32946954274495,-0.15229324541322353,-1.5586394948904894
2023-05-18 17:15:39.185076,-0.6236674454189357,94.19077424157703,114.75409597153258,-0.6236674454189357,-0.6236674454189357,1.4598570455330988,1.4598570455330988,1.4598570455330988,-0.02086781241154267,-0.02086781241154267,-0.02086781241154267,1.4807248579446415,1.4807248579446415,1.4807248579446415,0.0,0.0,0.0,106.24081317305811,0.10390566709466606,-1.5341327596833982
2023-05-19 17:15:39.185076,-0.6266092792794759,94.31487067204097,114.30231139124542,-0.6266092792794759,-0.6266092792794759,1.4682257482229226,1.4682257482229226,1.4682257482229226,0.0011054477714708341,0.0011054477714708341,0.0011054477714708341,1.467120300451452,1.467120300451452,1.467120300451452,0.0,0.0,0.0,105.41407423157509,0.0771275973972389,-1.5466131571930106
2023-05-20 17:15:39.185076,-0.6295511131400159,94.23281920196779,114.63536042656467,-0.6295511131400159,-0.6295511131400159,1.4363173528802318,1.4363173528802318,1.4363173528802318,-0.009946262067071089,-0.009946262067071089,-0.009946262067071089,1.4462636149473027,1.4462636149473027,1.4462636149473027,0.0,0.0,0.0,102.69757935616437,-0.06469454285256646,-1.5337863014680866
2023-05-21 17:15:39.185076,-0.632492947000556,93.84743918417158,114.52187865396603,-0.632492947000556,-0.632492947000556,1.4094956550789302,1.4094956550789302,1.4094956550789302,-0.009035996848484452,-0.009035996848484452,-0.009035996848484452,1.4185316519274147,1.4185316519274147,1.4185316519274147,0.0,0.0,0.0,102.21769262428307,-0.09727970424068434,-1.523989007665908
2023-05-22 17:15:39.185076,-0.6354347808610961,93.61863538732993,115.62219760569404,-0.6354347808610961,-0.6354347808610961,1.378774093876979,1.378774093876979,1.378774093876979,-0.005617552629506335,-0.005617552629506335,-0.005617552629506335,1.3843916465064854,1.3843916465064854,1.3843916465064854,0.0,0.0,0.0,97.33389139261166,-0.3416247585153812,-1.5115557950607705
2023-05-23 17:15:39.185076,-0.6383766147216362,93.80610730140344,115.55618925080115,-0.6383766147216362,-0.6383766147216362,1.364556603657039,1.364556603657039,1.364556603657039,0.020164489095871155,0.020164489095871155,0.020164489095871155,1.3443921145611677,1.3443921145611677,1.3443921145611677,0.0,0.0,0.0,98.38114006755677,-0.2939733367204259,-1.50947763996027
2023-05-24 17:15:39.185076,-0.6413184485821762,94.69092651661012,115.07942041934318,-0.6413184485821762,-0.6413184485821762,1.3233499651686207,1.3233499651686207,1.3233499651686207,0.024197687089289426,0.024197687089289426,0.024197687089289426,1.2991522780793312,1.2991522780793312,1.2991522780793312,0.0,0.0,0.0,103.0127841467297,-0.09350585663785319,-1.4900071951753933
2023-05-25 17:15:39.185076,-0.6442602824427164,95.87942699928224,116.79118263039643,-0.6442602824427164,-0.6442602824427164,1.228482434057692,1.228482434057692,1.228482434057692,-0.02086781241147319,-0.02086781241147319,-0.02086781241147319,1.2493502464691653,1.2493502464691653,1.2493502464691653,0.0,0.0,0.0,107.20193001028824,0.05113515630574917,-1.4357227223846407
2023-05-26 17:15:39.185076,-0.6472021163032564,95.9691154486485,115.75814646955659,-0.6472021163032564,-0.6472021163032564,1.196815655270889,1.196815655270889,1.196815655270889,0.0011054477714786456,0.0011054477714786456,0.0011054477714786456,1.1957102074994106,1.1957102074994106,1.1957102074994106,0.0,0.0,0.0,107.95699489532882,0.07305113314625487,-1.4217837412194443
2023-05-27 17:15:39.185076,-0.6501439501637966,96.82904675559197,117.05656958410559,-0.6501439501637966,-0.6501439501637966,1.1290426404758376,1.1290426404758376,1.1290426404758376,-0.009946262067107671,-0.009946262067107671,-0.009946262067107671,1.1389889025429454,1.1389889025429454,1.1389889025429454,0.0,0.0,0.0,106.8088171078265,-0.01907070536018149,-1.384184192346121
2023-05-28 17:15:39.185076,-0.6530857840243366,96.39532411905589,117.86810369052697,-0.6530857840243366,-0.6530857840243366,1.0709256785264423,1.0709256785264423,1.0709256785264423,-0.00903599684850607,-0.00903599684850607,-0.00903599684850607,1.0799616753749481,1.0799616753749481,1.0799616753749481,0.0,0.0,0.0,106.48309314139158,-0.06623008264236506,-1.3524921204165727
2023-05-29 17:15:39.185076,-0.6560276178848767,97.90268891733008,119.13656748592405,-0.6560276178848767,-0.6560276178848767,1.0137908389468022,1.0137908389468022,1.0137908389468022,-0.005617552629581648,-0.005617552629581648,-0.005617552629581648,1.0194083915763839,1.0194083915763839,1.0194083915763839,0.0,0.0,0.0,102.15505164608183,-0.3031408699974647,-1.321102406992658
2023-05-30 17:15:39.185076,-0.6589694518010429,99.48393332569223,119.53037378078247,-0.6589694518010429,-0.6589694518010429,0.9782640155286949,0.9782640155286949,0.9782640155286949,0.02016448909586833,0.02016448909586833,0.02016448909586833,0.9580995264328265,0.9580995264328265,0.9580995264328265,0.0,0.0,0.0,102.11142770970352,-0.32269924633298946,-1.303615553830674
2023-05-31 17:15:39.185076,-0.6619112857172093,98.85705174510186,120.47004984331927,-0.6619112857172093,-0.6619112857172093,0.9209804001662837,0.9209804001662837,0.9209804001662837,0.02419768708932972,0.02419768708932972,0.02419768708932972,0.8967827130769539,0.8967827130769539,0.8967827130769539,0.0,0.0,0.0,106.6434692743658,-0.1395879867807453,-1.271518606511624
2023-06-01 17:15:39.185076,-0.6648531196333756,101.02300067875329,121.38516733776554,-0.6648531196333756,-0.6648531196333756,0.8153022172597965,0.8153022172597965,0.8153022172597965,-0.020867812411510978,-0.020867812411510978,-0.020867812411510978,0.8361700296713074,0.8361700296713074,0.8361700296713074,0.0,0.0,0.0,113.53796760154557,0.12319441140715576,-1.2069093422225594
2023-06-02 17:15:39.185076,-0.6677949535495418,100.84315882327158,121.18559675964826,-0.6677949535495418,-0.6677949535495418,0.7780317327726505,0.7780317327726505,0.7780317327726505,0.001105447771498071,0.001105447771498071,0.001105447771498071,0.7769262850011525,0.7769262850011525,0.7769262850011525,0.0,0.0,0.0,110.71833835771416,-0.030247028306193427,-1.1873606183965233
2023-06-03 17:15:39.185076,-0.6707367874657081,102.16415628223956,122.6181811642114,-0.6707367874657081,-0.6707367874657081,0.7097122743725781,0.7097122743725781,0.7097122743725781,-0.009946262067102144,-0.009946262067102144,-0.009946262067102144,0.7196585364396803,0.7196585364396803,0.7196585364396803,0.0,0.0,0.0,114.74845901605258,0.12053329772870353,-1.1467669184033522
2023-06-04 17:15:39.185076,-0.6736786213818743,103.18793251495163,123.11890132616234,-0.6736786213818743,-0.6736786213818743,0.655871046651451,0.655871046651451,0.655871046651451,-0.009035996848489183,-0.009035996848489183,-0.009035996848489183,0.6649070434999402,0.6649070434999402,0.6649070434999402,0.0,0.0,0.0,112.9731095821885,0.0049871849143560895,-1.1155249238943108
2023-06-05 17:15:39.185076,-0.6766204552980407,103.04757722826815,123.67777245741536,-0.6766204552980407,-0.6766204552980407,0.6075202722632547,0.6075202722632547,0.6075202722632547,-0.005617552629618133,-0.005617552629618133,-0.005617552629618133,0.6131378248928728,0.6131378248928728,0.6131378248928728,0.0,0.0,0.0,108.64249431305747,-0.22849993243413672,-1.0876810985195937
2023-06-06 17:15:39.185076,-0.6795622892142069,103.52632286090338,124.0612106709443,-0.6795622892142069,-0.6795622892142069,0.5849014371483954,0.5849014371483954,0.5849014371483954,0.020164489095865507,0.020164489095865507,0.020164489095865507,0.5647369480525298,0.5647369480525298,0.5647369480525298,0.0,0.0,0.0,108.9494009425952,-0.2245680355295833,-1.07703924880745
2023-06-07 17:15:39.185076,-0.6825041231303732,104.29989575645268,124.61008595126073,-0.6825041231303732,-0.6825041231303732,0.5442043255291935,0.5442043255291935,0.5442043255291935,0.02419768708927044,0.02419768708927044,0.02419768708927044,0.5200066384399231,0.5200066384399231,0.5200066384399231,0.0,0.0,0.0,112.15252735190052,-0.09557802990293232,-1.0539258191294316
2023-06-08 17:15:39.185076,-0.6854459570465395,105.00573076482584,125.88721187063763,-0.6854459570465395,-0.6854459570465395,0.45829544025526847,0.45829544025526847,0.45829544025526847,-0.020867812411506405,-0.020867812411506405,-0.020867812411506405,0.47916325266677484,0.47916325266677484,0.47916325266677484,0.0,0.0,0.0,117.19258453346848,0.08941066538240414,-0.9995827137023772
2023-06-09 17:15:39.185076,-0.6883877909627057,105.5491623365591,126.63163329382773,-0.6883877909627057,-0.6883877909627057,0.4434425634128762,0.4434425634128762,0.4434425634128762,0.0011054477714482983,0.0011054477714482983,0.0011054477714482983,0.4423371156414279,0.4423371156414279,0.4423371156414279,0.0,0.0,0.0,115.60000520726443,0.007851079456945124,-0.9936482376093352
2023-06-10 17:15:39.185076,-0.6913296248788722,105.52079233456065,126.05488924282463,-0.6913296248788722,-0.6913296248788722,0.39962791658370034,0.39962791658370034,0.39962791658370034,-0.009946262067096617,-0.009946262067096617,-0.009946262067096617,0.409574178650797,0.409574178650797,0.409574178650797,0.0,0.0,0.0,117.73703167185342,0.08328577272862364,-0.9676042425418069
2023-06-11 17:15:39.185076,-0.6942714587950384,106.01026341830482,126.46908483183314,-0.6942714587950384,-0.6942714587950384,0.37180341674912254,0.37180341674912254,0.37180341674912254,-0.009035996848575069,-0.009035996848575069,-0.009035996848575069,0.3808394135976976,0.3808394135976976,0.3808394135976976,0.0,0.0,0.0,116.6622504318724,0.017048503171650357,-0.9524039593264314
2023-06-12 17:15:39.185076,-0.6972132927112047,105.7052233093502,127.1853119157278,-0.6972132927112047,-0.6972132927112047,0.3504042669331975,0.3504042669331975,0.3504042669331975,-0.005617552629507238,-0.005617552629507238,-0.005617552629507238,0.35602181956270473,0.35602181956270473,0.35602181956270473,0.0,0.0,0.0,115.65620018587752,-0.041608881912015755,-0.9415198054397552
2023-06-13 17:15:39.185076,-0.7001551266273709,105.96691985864472,126.27897154365326,-0.7001551266273709,-0.7001551266273709,0.3551053714775557,0.3551053714775557,0.3551053714775557,0.020164489095931208,0.020164489095931208,0.020164489095931208,0.33494088238162456,0.33494088238162456,0.33494088238162456,0.0,0.0,0.0,116.43614858699583,0.002691860507926221,-0.9487839729602986
2023-06-14 17:15:39.185076,-0.7030969605435372,106.49964407801016,126.69147109882383,-0.7030969605435372,-0.7030969605435372,0.3415519839731575,0.3415519839731575,0.3415519839731575,0.024197687089260955,0.024197687089260955,0.024197687089260955,0.31735429688389655,0.31735429688389655,0.31735429688389655,0.0,0.0,0.0,117.5599106697251,0.05051189708442237,-0.9432411223426792
2023-06-15 17:15:39.185076,-0.7060387944597035,106.788363021819,127.77718939786051,-0.7060387944597035,-0.7060387944597035,0.2820989231464289,0.2820989231464289,0.2820989231464289,-0.02086781241150183,-0.02086781241150183,-0.02086781241150183,0.30296673555793074,0.30296673555793074,0.30296673555793074,0.0,0.0,0.0,122.95520251915262,0.26868280197467614,-0.9052115780763889
2023-06-16 17:15:39.185076,-0.7089806283758697,106.26120823865148,126.99429898286448,-0.7089806283758697,-0.7089806283758697,0.29254487504924326,0.29254487504924326,0.29254487504924326,0.001105447771467722,0.001105447771467722,0.001105447771467722,0.2914394272777755,0.2914394272777755,0.2914394272777755,0.0,0.0,0.0,123.05186313048584,0.2844505206035701,-0.9163892777164224
2023-06-17 17:15:39.185076,-0.7119224625621354,107.0067392751881,127.47063063394431,-0.7119224625621354,-0.7119224625621354,0.27245403372544025,0.27245403372544025,0.27245403372544025,-0.009946262067091094,-0.009946262067091094,-0.009946262067091094,0.28240029579253134,0.28240029579253134,0.28240029579253134,0.0,0.0,0.0,121.3594273145558,0.1935829639963063,-0.9058886091869379
2023-06-18 17:15:39.185076,-0.7148642967484011,107.47774433792387,127.866972017758,-0.7148642967484011,-0.7148642967484011,0.26641840335928196,0.26641840335928196,0.26641840335928196,-0.00903599684853243,-0.00903599684853243,-0.00903599684853243,0.27545440020781436,0.27545440020781436,0.27545440020781436,0.0,0.0,0.0,117.05088487499847,-0.011583487025618623,-0.9053173013066661
2023-06-19 17:15:39.185076,-0.7178061309346667,106.31632706574055,127.59045993452585,-0.7178061309346667,-0.7178061309346667,0.26457686616333825,0.26457686616333825,0.26457686616333825,-0.005617552629543724,-0.005617552629543724,-0.005617552629543724,0.270194418792882,0.270194418792882,0.270194418792882,0.0,0.0,0.0,117.85588833621266,0.029046576958178503,-0.9077210275701917
2023-06-20 17:15:39.185076,-0.7207479651209324,106.04910554914488,126.53375023378324,-0.7207479651209324,-0.7207479651209324,0.28637541214875445,0.28637541214875445,0.28637541214875445,0.020164489095858024,0.020164489095858024,0.020164489095858024,0.26621092305289645,0.26621092305289645,0.26621092305289645,0.0,0.0,0.0,117.9585241612106,0.05335176764033872,-0.9271524606878155
2023-06-21 17:15:39.185076,-0.7236897993071979,106.6660940776176,127.0080736484066,-0.7236897993071979,-0.7236897993071979,0.2872998879679595,0.2872998879679595,0.2872998879679595,0.02419768708936615,0.02419768708936615,0.02419768708936615,0.2631022008785934,0.2631022008785934,0.2631022008785934,0.0,0.0,0.0,119.48782911348755,0.13042557188824774,-0.931605797571711
2023-06-22 17:15:39.185076,-0.7266316334934636,106.13891824854642,128.55391258029866,-0.7266316334934636,-0.7266316334934636,0.23961559292020002,0.23961559292020002,0.23961559292020002,-0.020867812411539618,-0.020867812411539618,-0.020867812411539618,0.26048340533173964,0.26048340533173964,0.26048340533173964,0.0,0.0,0.0,123.40817316923534,0.285724859505292,-0.9007439031875734
2023-06-23 17:15:39.185076,-0.7295734676797292,106.11449034501833,127.24699079971472,-0.7295734676797292,-0.7295734676797292,0.2591002764637225,0.2591002764637225,0.2591002764637225,0.0011054477714639212,0.0011054477714639212,0.0011054477714639212,0.2579948286922586,0.2579948286922586,0.2579948286922586,0.0,0.0,0.0,122.72516542871836,0.27115385366316513,-0.9186061548561437
2023-06-24 17:15:39.185076,-0.7325153018659949,106.96056667741877,128.08722765937497,-0.7325153018659949,-0.7325153018659949,0.24536286703663374,0.24536286703663374,0.24536286703663374,-0.009946262067127676,-0.009946262067127676,-0.009946262067127676,0.2553091291037614,0.2553091291037614,0.2553091291037614,0.0,0.0,0.0,120.28149803971218,0.14875523758581766,-0.9122473564800406
2023-06-25 17:15:39.185076,-0.7354571360522604,106.64767955443904,126.81302784788262,-0.7354571360522604,-0.7354571360522604,0.24310137186775435,0.24310137186775435,0.24310137186775435,-0.00903599684851554,-0.00903599684851554,-0.00903599684851554,0.2521373687162699,0.2521373687162699,0.2521373687162699,0.0,0.0,0.0,116.27481617374163,-0.039505357300538266,-0.9142477747764945
2023-06-26 17:15:39.185076,-0.738398970238526,105.94086516505531,126.94965007544491,-0.738398970238526,-0.738398970238526,0.24261620411470378,0.24261620411470378,0.24261620411470378,-0.005617552629580209,-0.005617552629580209,-0.005617552629580209,0.248233756744284,0.248233756744284,0.248233756744284,0.0,0.0,0.0,115.92195810900361,-0.05296239979256732,-0.9175465255200033
2023-06-27 17:15:39.185076,-0.7413408044247917,105.2001495445192,126.54245731634781,-0.7413408044247917,-0.7413408044247917,0.2635635164857523,0.2635635164857523,0.2635635164857523,0.02016448909592372,0.02016448909592372,0.02016448909592372,0.2433990273898286,0.2433990273898286,0.2433990273898286,0.0,0.0,0.0,117.55731522214278,0.04387872125382768,-0.9367311937533662
2023-06-28 17:15:39.185076,-0.7442826386110574,106.10161537203787,126.64259741810785,-0.7442826386110574,-0.7442826386110574,0.2616801072063747,0.2616801072063747,0.2616801072063747,0.024197687089356656,0.024197687089356656,0.024197687089356656,0.23748242011701803,0.23748242011701803,0.23748242011701803,0.0,0.0,0.0,117.10826359920908,0.024870493003133695,-0.9390465992746422
2023-06-29 17:15:39.185076,-0.7472244727973228,106.74794634250904,127.69537242367636,-0.7472244727973228,-0.7472244727973228,0.209514454897434,0.209514454897434,0.209514454897434,-0.02086781241153504,-0.02086781241153504,-0.02086781241153504,0.23038226730896905,0.23038226730896905,0.23038226730896905,0.0,0.0,0.0,123.01043334573289,0.26987271194478885,-0.9037788009014763
2023-06-30 17:15:39.185076,-0.7501663069835884,106.9087000542992,127.29155101810684,-0.7501663069835884,-0.7501663069835884,0.22315067865112215,0.22315067865112215,0.22315067865112215,0.0011054477714833484,0.0011054477714833484,0.0011054477714833484,0.2220452308796388,0.2220452308796388,0.2220452308796388,0.0,0.0,0.0,117.48191411150698,0.021133463154111465,-0.9175664274881822
2023-07-01 17:15:39.185076,-0.7531081411698541,107.14818046932206,127.20627059992901,-0.7531081411698541,-0.7531081411698541,0.2025180019397172,0.2025180019397172,0.2025180019397172,-0.009946262067099792,-0.009946262067099792,-0.009946262067099792,0.21246426400681698,0.21246426400681698,0.21246426400681698,0.0,0.0,0.0,126.71302772858687,0.44754114456213556,-0.9056260971641075
2023-07-02 17:15:39.185076,-0.7560499753561197,106.87222824111171,128.4077956638013,-0.7560499753561197,-0.7560499753561197,0.19263940905092536,0.19263940905092536,0.19263940905092536,-0.009035996848472897,-0.009035996848472897,-0.009035996848472897,0.20167540589939828,0.20167540589939828,0.20167540589939828,0.0,0.0,0.0,123.39541668355427,0.2860701985578856,-0.9016949958216893
2023-07-03 17:15:39.185076,-0.7589918095423854,107.19546827244741,128.26809740705482,-0.7589918095423854,-0.7589918095423854,0.1841359929811642,0.1841359929811642,0.1841359929811642,-0.005617552629469313,-0.005617552629469313,-0.005617552629469313,0.1897535456106335,0.1897535456106335,0.1897535456106335,0.0,0.0,0.0,120.23021258195617,0.13282206352419262,-0.8987495200570431
2023-07-04 17:15:39.185076,-0.7619336437286509,106.8782219377904,127.45730138364874,-0.7619336437286509,-0.7619336437286509,0.1969718037662176,0.1969718037662176,0.1969718037662176,0.020164489095852382,0.020164489095852382,0.020164489095852382,0.1768073146703652,0.1768073146703652,0.1768073146703652,0.0,0.0,0.0,117.47546490432103,0.015273876951304761,-0.9120130878840499
2023-07-05 17:15:39.185076,-0.7648754779149164,106.474883617584,127.58206105514313,-0.7648754779149164,-0.7648754779149164,0.18717097425157136,0.18717097425157136,0.18717097425157136,0.024197687089347164,0.024197687089347164,0.024197687089347164,0.1629732871622242,0.1629732871622242,0.1629732871622242,0.0,0.0,0.0,124.18601435463407,0.3299554344171056,-0.9080379662973876
2023-07-06 17:15:39.185076,-0.7678173120786083,106.8272026085736,127.38556544618129,-0.7678173120786083,-0.7678173120786083,0.12754186698566805,0.12754186698566805,0.12754186698566805,-0.02086781241148674,-0.02086781241148674,-0.02086781241148674,0.1484096793971548,0.1484096793971548,0.1484096793971548,0.0,0.0,0.0,129.7891914228619,0.5537357057147245,-0.8657461655650313
2023-07-07 17:15:39.185076,-0.7707591462423,108.15870879303236,128.41991857756443,-0.7707591462423,-0.7707591462423,0.13439519703162087,0.13439519703162087,0.13439519703162087,0.0011054477715027738,0.0011054477715027738,0.0011054477715027738,0.13328974926011808,0.13328974926011808,0.13328974926011808,0.0,0.0,0.0,123.92906159305589,0.28406130092772053,-0.8743454735654578
2023-07-08 17:15:39.185076,-0.7737009804059917,108.56623043743866,129.10514110722872,-0.7737009804059917,-0.7737009804059917,0.10784883544757844,0.10784883544757844,0.10784883544757844,-0.009946262067094265,-0.009946262067094265,-0.009946262067094265,0.11779509751467271,0.11779509751467271,0.11779509751467271,0.0,0.0,0.0,127.26244673844558,0.42514844997123513,-0.8571437301274275
2023-07-09 17:15:39.185076,-0.7766428145696834,108.16534495482531,129.22232031697507,-0.7766428145696834,-0.7766428145696834,0.09307307304105902,0.09307307304105902,0.09307307304105902,-0.00903599684849452,-0.00903599684849452,-0.00903599684849452,0.10210906988955354,0.10210906988955354,0.10210906988955354,0.0,0.0,0.0,123.68471342750183,0.2470400755417073,-0.8489273479769411
2023-07-10 17:15:39.185076,-0.7795846487333752,108.80563339597273,128.41326164806256,-0.7795846487333752,-0.7795846487333752,0.08079289720971594,0.08079289720971594,0.08079289720971594,-0.005617552629505797,-0.005617552629505797,-0.005617552629505797,0.08641044983922173,0.08641044983922173,0.08641044983922173,0.0,0.0,0.0,121.65732239033451,0.14440973054306885,-0.8425695511247634
2023-07-11 17:15:39.185076,-0.7825264828970668,108.11307656256515,128.75958639857296,-0.7825264828970668,-0.7825264828970668,0.09103210691087228,0.09103210691087228,0.09103210691087228,0.020164489095918076,0.020164489095918076,0.020164489095918076,0.07086761781495421,0.07086761781495421,0.07086761781495421,0.0,0.0,0.0,120.5255735879973,0.1018595527675633,-0.8537615173487416
2023-07-12 17:15:39.185076,-0.7854683170607585,108.4009198786925,129.2502175303609,-0.7854683170607585,-0.7854683170607585,0.07983102128508303,0.07983102128508303,0.07983102128508303,0.024197687089337668,0.024197687089337668,0.024197687089337668,0.05563333419574536,0.05563333419574536,0.05563333419574536,0.0,0.0,0.0,124.29053269186726,0.2750536735265999,-0.8481730549987943
2023-07-13 17:15:39.185076,-0.7884101512244502,108.89537873193225,130.3631950002523,-0.7884101512244502,-0.7884101512244502,0.019972467897116916,0.019972467897116916,0.019972467897116916,-0.020867812411482167,-0.020867812411482167,-0.020867812411482167,0.04084028030859908,0.04084028030859908,0.04084028030859908,0.0,0.0,0.0,129.64546003949218,0.4853209694512848,-0.8041566476595416
2023-07-14 17:15:39.185076,-0.7913519853881421,108.99229098451964,130.44439461917062,-0.7913519853881421,-0.7913519853881421,0.027702913707616024,0.027702913707616024,0.027702913707616024,0.001105447771498973,0.001105447771498973,0.001105447771498973,0.026597465936117053,0.026597465936117053,0.026597465936117053,0.0,0.0,0.0,125.2694752063593,0.28664135504561655,-0.8132747411517005
2023-07-15 17:15:39.185076,-0.7942938195518338,109.20140808920463,128.8584731797481,-0.7942938195518338,-0.7942938195518338,0.0030413210848501057,0.0030413210848501057,0.0030413210848501057,-0.00994626206704663,-0.00994626206704663,-0.00994626206704663,0.012987583151896735,0.012987583151896735,0.012987583151896735,0.0,0.0,0.0,124.60534419364807,0.23853925744446441,-0.7967095220928029
2023-07-16 17:15:39.185076,-0.7972356537155255,109.48072617216073,130.1494959202662,-0.7972356537155255,-0.7972356537155255,-0.008970640743753502,-0.008970640743753502,-0.008970640743753502,-0.00903599684851614,-0.00903599684851614,-0.00903599684851614,6.535610476263859e-05,6.535610476263859e-05,6.535610476263859e-05,0.0,0.0,0.0,123.02418805303023,0.15683100518420384,-0.7900839390779321
2023-07-17 17:15:39.185076,-0.8001774878792173,109.62061454769024,130.5282331405083,-0.8001774878792173,-0.8001774878792173,-0.017760647261008438,-0.017760647261008438,-0.017760647261008438,-0.005617552629581111,-0.005617552629581111,-0.005617552629581111,-0.012143094631427327,-0.012143094631427327,-0.012143094631427327,0.0,0.0,0.0,117.63369621275986,-0.10325963238236355,-0.7859658177707947
2023-07-18 17:15:39.185076,-0.8031193220429089,109.1578739835901,129.90973047465394,-0.8031193220429089,-0.8031193220429089,-0.003475396311741829,-0.003475396311741829,-0.003475396311741829,0.020164489095776374,0.020164489095776374,0.020164489095776374,-0.023639885407518203,-0.023639885407518203,-0.023639885407518203,0.0,0.0,0.0,122.67757003004073,0.15061575116735504,-0.8003281641131924
2023-07-19 17:15:39.185076,-0.8060611562066006,109.69049676301871,129.81386609599227,-0.8060611562066006,-0.8060611562066006,-0.010256355604006432,-0.010256355604006432,-0.010256355604006432,0.0241976870892784,0.0241976870892784,0.0241976870892784,-0.03445404269328483,-0.03445404269328483,-0.03445404269328483,0.0,0.0,0.0,125.32983504009164,0.27402676306166285,-0.7977939063499692
2023-07-20 17:15:39.185076,-0.8090029903702923,110.11985194326232,130.63727504955574,-0.8090029903702923,-0.8090029903702923,-0.065507098711374,-0.065507098711374,-0.065507098711374,-0.020867812411498775,-0.020867812411498775,-0.020867812411498775,-0.04463928629987523,-0.04463928629987523,-0.04463928629987523,0.0,0.0,0.0,130.54395279839608,0.47983763734663765,-0.7560075516223089
2023-07-21 17:15:39.185076,-0.8119448245339841,110.25841957231366,130.63652518546067,-0.8119448245339841,-0.8119448245339841,-0.05316557045984192,-0.05316557045984192,-0.05316557045984192,0.0011054477715183985,0.0011054477715183985,0.0011054477715183985,-0.05427101823136031,-0.05427101823136031,-0.05427101823136031,0.0,0.0,0.0,127.22005016042709,0.33476879367870577,-0.7687773147557185
2023-07-22 17:15:39.185076,-0.8148866586976757,110.22500500329473,130.4613955543769,-0.8148866586976757,-0.8148866586976757,-0.07338889693963428,-0.07338889693963428,-0.07338889693963428,-0.009946262067060854,-0.009946262067060854,-0.009946262067060854,-0.06344263487257343,-0.06344263487257343,-0.06344263487257343,0.0,0.0,0.0,125.38838516270872,0.23409618939981094,-0.7550830256850292
2023-07-23 17:15:39.185076,-0.8178284928613676,109.7713857819704,131.398296501937,-0.8178284928613676,-0.8178284928613676,-0.08129729526986287,-0.08129729526986287,-0.08129729526986287,-0.009035996848537762,-0.009035996848537762,-0.009035996848537762,-0.07226129842132512,-0.07226129842132512,-0.07226129842132512,0.0,0.0,0.0,124.68335479749358,0.19687538979426006,-0.7513412483971101
2023-07-24 17:15:39.185076,-0.8207703270250594,109.67499429718747,130.4731830673889,-0.8207703270250594,-0.8207703270250594,-0.08646086994232266,-0.08646086994232266,-0.08646086994232266,-0.005617552629617596,-0.005617552629617596,-0.005617552629617596,-0.08084331731270507,-0.08084331731270507,-0.08084331731270507,0.0,0.0,0.0,119.45750357342992,-0.052814451617348636,-0.7498058105276281
2023-07-25 17:15:39.185076,-0.8239011945842171,110.07380389416309,130.24919280123513,-0.8239011945842171,-0.8239011945842171,-0.06914480541545248,-0.06914480541545248,-0.06914480541545248,0.02016448909584207,0.02016448909584207,0.02016448909584207,-0.08930929451129455,-0.08930929451129455,-0.08930929451129455,0.0,0.0,0.0,121.73519313548647,0.07247065094684385,-0.7669327068031325
2023-07-26 17:15:39.185076,-0.8270320621433749,109.94460424862297,130.84437098421898,-0.8270320621433749,-0.8270320621433749,-0.07358151968448665,-0.07358151968448665,-0.07358151968448665,0.024197687089318687,0.024197687089318687,0.024197687089318687,-0.09777920677380533,-0.09777920677380533,-0.09777920677380533,0.0,0.0,0.0,126.18332023052838,0.2829391805977901,-0.7661777861830705
2023-07-27 17:15:39.185076,-0.8301629297025327,110.94589260507134,130.82214134408332,-0.8301629297025327,-0.8301629297025327,-0.1272353896718291,-0.1272353896718291,-0.1272353896718291,-0.020867812411515384,-0.020867812411515384,-0.020867812411515384,-0.10636757726031372,-0.10636757726031372,-0.10636757726031372,0.0,0.0,0.0,131.41521381234375,0.489739550782636,-0.7245368258507237
2023-07-28 17:15:39.185076,-0.8332937972616905,110.12783435897079,131.33674428139443,-0.8332937972616905,-0.8332937972616905,-0.11407345050716645,-0.11407345050716645,-0.11407345050716645,0.0011054477714686258,0.0011054477714686258,0.0011054477714686258,-0.11517889827863509,-0.11517889827863509,-0.11517889827863509,0.0,0.0,0.0,130.6934243875812,0.46916498161358694,-0.7382370985218303
2023-07-29 17:15:39.185076,-0.8364246648208483,110.24847594488858,132.0034687251336,-0.8364246648208483,-0.8364246648208483,-0.13424971279268047,-0.13424971279268047,-0.13424971279268047,-0.009946262067055327,-0.009946262067055327,-0.009946262067055327,-0.12430345072562513,-0.12430345072562513,-0.12430345072562513,0.0,0.0,0.0,127.2697206108298,0.2924850202320001,-0.7241348937959354
2023-07-30 17:15:39.185076,-0.8395555323800061,111.18886479572441,131.56779954191768,-0.8395555323800061,-0.8395555323800061,-0.14284964914296472,-0.14284964914296472,-0.14284964914296472,-0.009035996848495119,-0.009035996848495119,-0.009035996848495119,-0.13381365229446962,-0.13381365229446962,-0.13381365229446962,0.0,0.0,0.0,125.07474320577694,0.18374490295882662,-0.7196253191434873
2023-07-31 17:15:39.185076,-0.842686399939164,111.93349597865787,131.87122659666645,-0.842686399939164,-0.842686399939164,-0.14937860086773216,-0.14937860086773216,-0.14937860086773216,-0.005617552629580392,-0.005617552629580392,-0.005617552629580392,-0.14376104823815178,-0.14376104823815178,-0.14376104823815178,0.0,0.0,0.0,120.67849183387125,-0.02783341497074127,-0.7168070845459855
2023-08-01 17:15:39.185076,-0.8458172674983218,110.16504164782512,131.36547916019626,-0.8458172674983218,-0.8458172674983218,-0.13400954790494696,-0.13400954790494696,-0.13400954790494696,0.02016448909590777,0.02016448909590777,0.02016448909590777,-0.15417403700085475,-0.15417403700085475,-0.15417403700085475,0.0,0.0,0.0,125.11333230426257,0.19842170090162625,-0.7324696778706741
2023-08-02 17:15:39.185076,-0.8489481350574797,111.13875796619386,131.81272930110575,-0.8489481350574797,-0.8489481350574797,-0.14085871193657684,-0.14085871193657684,-0.14085871193657684,0.024197687089374104,0.024197687089374104,0.024197687089374104,-0.16505639902595096,-0.16505639902595096,-0.16505639902595096,0.0,0.0,0.0,130.1940534800531,0.43658118556425685,-0.729366394252324
2023-08-03 17:15:39.185076,-0.8520790026166374,111.44063307080893,132.53001961750377,-0.8520790026166374,-0.8520790026166374,-0.19725448367257833,-0.19725448367257833,-0.19725448367257833,-0.020867812411531992,-0.020867812411531992,-0.020867812411531992,-0.17638667126104635,-0.17638667126104635,-0.17638667126104635,0.0,0.0,0.0,135.17578507553745,0.6277795462545127,-0.684002598907247
2023-08-04 17:15:39.185076,-0.8552098701757951,111.16519902380448,131.63079322744994,-0.8552098701757951,-0.8552098701757951,-0.18701293532558913,-0.18701293532558913,-0.18701293532558913,0.0011054477714764407,0.0011054477714764407,0.0011054477714764407,-0.18811838309706558,-0.18811838309706558,-0.18811838309706558,0.0,0.0,0.0,134.79231069348145,0.620841871856493,-0.6952745620348036
2023-08-05 17:15:39.185076,-0.858340737734953,111.19235423022435,132.96872155028615,-0.858340737734953,-0.858340737734953,-0.2101274045669621,-0.2101274045669621,-0.2101274045669621,-0.009946262067091911,-0.009946262067091911,-0.009946262067091911,-0.20018114249987018,-0.20018114249987018,-0.20018114249987018,0.0,0.0,0.0,131.70030738664445,0.456720484622977,-0.6779798262806158
2023-08-06 17:15:39.185076,-0.8614716052941108,111.70287649509756,132.03557169488556,-0.8614716052941108,-0.8614716052941108,-0.22151853157598683,-0.22151853157598683,-0.22151853157598683,-0.009035996848581002,-0.009035996848581002,-0.009035996848581002,-0.21248253472740583,-0.21248253472740583,-0.21248253472740583,0.0,0.0,0.0,128.29958292096705,0.2878937759304866,-0.6706396802949512
2023-08-07 17:15:39.185076,-0.8646024728532686,110.9963929007687,131.9794708480531,-0.8646024728532686,-0.8646024728532686,-0.23052832367929174,-0.23052832367929174,-0.23052832367929174,-0.005617552629543186,-0.005617552629543186,-0.005617552629543186,-0.22491077104974858,-0.22491077104974858,-0.22491077104974858,0.0,0.0,0.0,123.74350724380379,0.0661917207264626,-0.6652871141374342
2023-08-08 17:15:39.185076,-0.8677333404124264,112.51388287640516,132.54548518217587,-0.8677333404124264,-0.8677333404124264,-0.21717351293886167,-0.21717351293886167,-0.21717351293886167,0.020164489095836426,0.020164489095836426,0.020164489095836426,-0.2373380020346981,-0.2373380020346981,-0.2373380020346981,0.0,0.0,0.0,126.58682671818292,0.2152069176782045,-0.6792846425808867
2023-08-09 17:15:39.185076,-0.8708642079715841,111.50825039616946,132.79915040855727,-0.8708642079715841,-0.8708642079715841,-0.225426502794464,-0.225426502794464,-0.225426502794464,0.02419768708936461,0.02419768708936461,0.02419768708936461,-0.2496241898838286,-0.2496241898838286,-0.2496241898838286,0.0,0.0,0.0,129.6835864551579,0.35752312524320085,-0.6745483351596792
2023-08-10 17:15:39.185076,-0.8739950755307421,113.39188512685749,133.03091697812968,-0.8739950755307421,-0.8739950755307421,-0.28248922999595744,-0.28248922999595744,-0.28248922999595744,-0.020867812411527416,-0.020867812411527416,-0.020867812411527416,-0.26162141758443,-0.26162141758443,-0.26162141758443,0.0,0.0,0.0,133.68396901724012,0.5000375545889051,-0.6271008796238041
2023-08-11 17:15:39.185076,-0.8771259430899,112.7320633665849,134.00347507497344,-0.8771259430899,-0.8771259430899,-0.27207305197160925,-0.27207305197160925,-0.27207305197160925,0.0011054477714842505,0.0011054477714842505,0.0011054477714842505,-0.2731784997430935,-0.2731784997430935,-0.2731784997430935,0.0,0.0,0.0,134.0784965054133,0.5301547903000331,-0.6384836107899549
2023-08-12 17:15:39.185076,-0.880256810644089,112.5464405059507,132.69677399102326,-0.880256810644089,-0.880256810644089,-0.29409201330945545,-0.29409201330945545,-0.29409201330945545,-0.009946262067128493,-0.009946262067128493,-0.009946262067128493,-0.28414575124232694,-0.28414575124232694,-0.28414575124232694,0.0,0.0,0.0,130.29493182677015,0.3333854063588844,-0.6213803129724088
2023-08-13 17:15:39.185076,-0.8833876781982781,112.81297315814159,133.06012310897916,-0.8833876781982781,-0.8833876781982781,-0.3034157623903413,-0.3034157623903413,-0.3034157623903413,-0.009035996848499851,-0.009035996848499851,-0.009035996848499851,-0.2943797655418415,-0.2943797655418415,-0.2943797655418415,0.0,0.0,0.0,126.64864799048766,0.15421184801583424,-0.6153539323315141
2023-08-14 17:15:39.185076,-0.8865185457524672,112.53482256344819,133.77920311497004,-0.8865185457524672,-0.8865185457524672,-0.3093656072508608,-0.3093656072508608,-0.3093656072508608,-0.005617552629505979,-0.005617552629505979,-0.005617552629505979,-0.3037480546213548,-0.3037480546213548,-0.3037480546213548,0.0,0.0,0.0,126.82889292955322,0.15967721168560448,-0.6122601975066052
2023-08-15 17:15:39.185076,-0.8896494133066564,112.31794157000039,134.13538367083808,-0.8896494133066564,-0.8896494133066564,-0.29196891810397607,-0.29196891810397607,-0.29196891810397607,0.020164489095902124,0.020164489095902124,0.020164489095902124,-0.3121334071998782,-0.3121334071998782,-0.3121334071998782,0.0,0.0,0.0,125.88398765299816,0.1324467453104264,-0.6298994366116748
2023-08-16 17:15:39.185076,-0.8927802808608455,112.99559774012639,133.6379817127085,-0.8927802808608455,-0.8927802808608455,-0.295240143697359,-0.295240143697359,-0.295240143697359,0.024197687089305333,0.024197687089305333,0.024197687089305333,-0.3194378307866644,-0.3194378307866644,-0.3194378307866644,0.0,0.0,0.0,129.69008713482978,0.31247918335036307,-0.6291957024493209
2023-08-17 17:15:39.185076,-0.8959111484150346,113.92476538087075,134.49674636785318,-0.8959111484150346,-0.8959111484150346,-0.34645376845857173,-0.34645376845857173,-0.34645376845857173,-0.020867812411565205,-0.020867812411565205,-0.020867812411565205,-0.3255859560470065,-0.3255859560470065,-0.3255859560470065,0.0,0.0,0.0,134.82852605084273,0.5128063845758823,-0.5855193548425991
2023-08-18 17:15:39.185076,-0.8990420159692237,112.84364332836434,134.17644473781795,-0.8990420159692237,-0.8990420159692237,-0.3294223506930039,-0.3294223506930039,-0.3294223506930039,0.001105447771434476,0.001105447771434476,0.001105447771434476,-0.33052779846443836,-0.33052779846443836,-0.33052779846443836,0.0,0.0,0.0,133.88378174295698,0.4853024496968067,-0.602877481696865
2023-08-19 17:15:39.185076,-0.9021728835234127,113.63225609253084,134.73085856015967,-0.9021728835234127,-0.9021728835234127,-0.34418705392892146,-0.34418705392892146,-0.34418705392892146,-0.009946262067080859,-0.009946262067080859,-0.009946262067080859,-0.3342407918618406,-0.3342407918618406,-0.3342407918618406,0.0,0.0,0.0,129.5241808377068,0.2670619227577308,-0.5916566566089293
2023-08-20 17:15:39.185076,-0.9053037510776019,113.88419606791443,134.39508032181905,-0.9053037510776019,-0.9053037510776019,-0.34576702723662894,-0.34576702723662894,-0.34576702723662894,-0.009035996848521473,-0.009035996848521473,-0.009035996848521473,-0.3367310303881075,-0.3367310303881075,-0.3367310303881075,0.0,0.0,0.0,128.08132822931537,0.19916963302519758,-0.5922795643213304
2023-08-21 17:15:39.185076,-0.908434618631791,112.97248374301931,133.88690866436062,-0.908434618631791,-0.908434618631791,-0.343651232055552,-0.343651232055552,-0.343651232055552,-0.005617552629581293,-0.005617552629581293,-0.005617552629581293,-0.33803367942597073,-0.33803367942597073,-0.33803367942597073,0.0,0.0,0.0,122.7600435700906,-0.04954613752869418,-0.5962499426970604
2023-08-22 17:15:39.185076,-0.9115654861859801,112.66586061232358,133.6777969991076,-0.9115654861859801,-0.9115654861859801,-0.3180480517118574,-0.3180480517118574,-0.3180480517118574,0.020164489095899303,0.020164489095899303,0.020164489095899303,-0.3382125408077567,-0.3382125408077567,-0.3382125408077567,0.0,0.0,0.0,124.19376492994202,0.0439293706902288,-0.6216438592967571
2023-08-23 17:15:39.185076,-0.9146963537401692,111.48190029796513,133.64394031647507,-0.9146963537401692,-0.9146963537401692,-0.31316109590221763,-0.31316109590221763,-0.31316109590221763,0.024197687089246064,0.024197687089246064,0.024197687089246064,-0.3373587829914637,-0.3373587829914637,-0.3373587829914637,0.0,0.0,0.0,129.06158205100795,0.28168737389657394,-0.6282490411851352
2023-08-24 17:15:39.185076,-0.9178272212943583,113.32419898731827,134.88077086326334,-0.9178272212943583,-0.9178272212943583,-0.35645668411476533,-0.35645668411476533,-0.35645668411476533,-0.020867812411495726,-0.020867812411495726,-0.020867812411495726,-0.3355888717032696,-0.3355888717032696,-0.3355888717032696,0.0,0.0,0.0,133.92001887447302,0.4748072952790195,-0.5906615734015024
2023-08-25 17:15:39.185076,-0.9209580888485475,113.52498561599795,133.51169993108414,-0.9209580888485475,-0.9209580888485475,-0.33193631248431044,-0.33193631248431044,-0.33193631248431044,0.001105447771442291,0.001105447771442291,0.001105447771442291,-0.3330417602557527,-0.3330417602557527,-0.3330417602557527,0.0,0.0,0.0,132.40496502149352,0.42746063809561713,-0.6152586568835626
2023-08-26 17:15:39.185076,-0.9240889564027366,113.17024109782479,133.96072171483345,-0.9240889564027366,-0.9240889564027366,-0.3398216826781701,-0.3398216826781701,-0.3398216826781701,-0.009946262067117441,-0.009946262067117441,-0.009946262067117441,-0.3298754206110526,-0.3298754206110526,-0.3298754206110526,0.0,0.0,0.0,130.4009485454669,0.3271028881249617,-0.6100634922936444
2023-08-27 17:15:39.185076,-0.9272198239569257,112.97363377191,133.4863973131318,-0.9272198239569257,-0.9272198239569257,-0.3352988124790449,-0.3352988124790449,-0.3352988124790449,-0.009035996848478832,-0.009035996848478832,-0.009035996848478832,-0.3262628156305661,-0.3262628156305661,-0.3262628156305661,0.0,0.0,0.0,127.44427940279975,0.19296333102697133,-0.6163241180771394
2023-08-28 17:15:39.185076,-0.9303506915111148,113.4014526123373,133.66503817923208,-0.9303506915111148,-0.9303506915111148,-0.32800498191544286,-0.32800498191544286,-0.32800498191544286,-0.005617552629544089,-0.005617552629544089,-0.005617552629544089,-0.3223874292858988,-0.3223874292858988,-0.3223874292858988,0.0,0.0,0.0,123.95231305124858,0.03601097423705158,-0.6251910297669918
2023-08-29 17:15:39.185076,-0.9334815590653037,111.18124997131775,133.14437451020552,-0.9334815590653037,-0.9334815590653037,-0.29827399532645,-0.29827399532645,-0.29827399532645,0.02016448909582612,0.02016448909582612,0.02016448909582612,-0.3184384844222761,-0.3184384844222761,-0.3184384844222761,0.0,0.0,0.0,123.12701077577537,0.026677983563412805,-0.6550482848793321
2023-08-30 17:15:39.185076,-0.9366124266194928,112.17912461119045,131.94310261791534,-0.9366124266194928,-0.9366124266194928,-0.2904082995199882,-0.2904082995199882,-0.2904082995199882,0.02419768708928635,0.02419768708928635,0.02419768708928635,-0.3146059866092746,-0.3146059866092746,-0.3146059866092746,0.0,0.0,0.0,125.71006613925107,0.15890088842947395,-0.6646124044956363
2023-08-31 17:15:39.185076,-0.9397432941809105,112.54196881290784,134.05801026187683,-0.9397432941809105,-0.9397432941809105,-0.3319435498458628,-0.3319435498458628,-0.3319435498458628,-0.02086781241153351,-0.02086781241153351,-0.02086781241153351,-0.31107573743432926,-0.31107573743432926,-0.31107573743432926,0.0,0.0,0.0,133.42955791676647,0.48865729651468154,-0.6278015691666542
2023-09-01 17:15:39.185076,-0.9428741617423282,112.60988616840012,132.625697268974,-0.9428741617423282,-0.9428741617423282,-0.3069190133994919,-0.3069190133994919,-0.3069190133994919,0.0011054477714617147,0.0011054477714617147,0.0011054477714617147,-0.3080244611709536,-0.3080244611709536,-0.3080244611709536,0.0,0.0,0.0,136.20768684896245,0.6462659166174257,-0.6534881542604999
2023-09-02 17:15:39.185076,-0.9460050293037456,112.11494430832096,133.45102112490858,-0.9460050293037456,-0.9460050293037456,-0.31556144715670564,-0.31556144715670564,-0.31556144715670564,-0.009946262067111918,-0.009946262067111918,-0.009946262067111918,-0.30561518508959373,-0.30561518508959373,-0.30561518508959373,0.0,0.0,0.0,131.93409054335,0.4373243821121512,-0.647482313239134
2023-09-03 17:15:39.185076,-0.9491358968651631,112.84800504897723,133.27843779877293,-0.9491358968651631,-0.9491358968651631,-0.3130290027445841,-0.3130290027445841,-0.3130290027445841,-0.009035996848436189,-0.009035996848436189,-0.009035996848436189,-0.3039930058961479,-0.3039930058961479,-0.3039930058961479,0.0,0.0,0.0,128.36685092595954,0.27247721298809846,-0.6520288336003747
2023-09-04 17:15:39.185076,-0.9522667644265808,112.34012718385263,132.30401315775566,-0.9522667644265808,-0.9522667644265808,-0.30889891576362555,-0.30889891576362555,-0.30889891576362555,-0.005617552629580574,-0.005617552629580574,-0.005617552629580574,-0.303281363134045,-0.303281363134045,-0.303281363134045,0.0,0.0,0.0,123.25307364929317,0.0357285048038096,-0.6581125933774742
2023-09-05 17:15:39.185076,-0.9553976319879982,111.8550495963285,132.98633753545633,-0.9553976319879982,-0.9553976319879982,-0.283414436135409,-0.283414436135409,-0.283414436135409,0.020164489095823298,0.020164489095823298,0.020164489095823298,-0.3035789252312323,-0.3035789252312323,-0.3035789252312323,0.0,0.0,0.0,126.52416970717454,0.2175710995140503,-0.6846241508330148
2023-09-06 17:15:39.185076,-0.9585284995494157,111.60484672073343,132.11279818613102,-0.9585284995494157,-0.9585284995494157,-0.280759488580704,-0.280759488580704,-0.280759488580704,0.02419768708922708,0.02419768708922708,0.02419768708922708,-0.3049571756699311,-0.3049571756699311,-0.3049571756699311,0.0,0.0,0.0,130.11109533424278,0.3926879748626981,-0.6894125282258922
2023-09-07 17:15:39.185076,-0.9616593671108333,112.73320570605819,133.5773873973805,-0.9616593671108333,-0.9616593671108333,-0.3283265784712152,-0.3283265784712152,-0.3283265784712152,-0.02086781241152894,-0.02086781241152894,-0.02086781241152894,-0.30745876605968625,-0.30745876605968625,-0.30745876605968625,0.0,0.0,0.0,132.84941229712715,0.4792280107246273,-0.6459210374525391
2023-09-08 17:15:39.185076,-0.9647902346722509,112.06423288798459,132.5554718679001,-0.9647902346722509,-0.9647902346722509,-0.30999123254743366,-0.30999123254743366,-0.30999123254743366,0.0011054477714695279,0.0011054477714695279,0.0011054477714695279,-0.3110966803189032,-0.3110966803189032,-0.3110966803189032,0.0,0.0,0.0,133.7549759450342,0.5420222256188522,-0.665713720676472
2023-09-09 17:15:39.185076,-0.9679211022336685,112.29313903555887,133.61323905344676,-0.9679211022336685,-0.9679211022336685,-0.32580049246084436,-0.32580049246084436,-0.32580049246084436,-0.00994626206708403,-0.00994626206708403,-0.00994626206708403,-0.31585423039376037,-0.31585423039376037,-0.31585423039376037,0.0,0.0,0.0,128.66200203527356,0.2870358346608769,-0.6525719304626959
2023-09-10 17:15:39.185076,-0.9710519697950859,112.60440642419911,132.8726321546095,-0.9710519697950859,-0.9710519697950859,-0.33072187651251206,-0.33072187651251206,-0.33072187651251206,-0.00903599684852207,-0.00903599684852207,-0.00903599684852207,-0.32168587966399,-0.32168587966399,-0.32168587966399,0.0,0.0,0.0,126.26825026889037,0.1706982163940998,-0.649903840153284
2023-09-11 17:15:39.185076,-0.9741828373565036,112.05010343946506,133.36983009182399,-0.9741828373565036,-0.9741828373565036,-0.33413641875598865,-0.33413641875598865,-0.33413641875598865,-0.0056175526294696765,-0.0056175526294696765,-0.0056175526294696765,-0.328518866126519,-0.328518866126519,-0.328518866126519,0.0,0.0,0.0,124.64303507840904,0.09229239492219561,-0.6486728728686537
2023-09-12 17:15:39.185076,-0.977313704917921,111.7659393846776,132.53970893327818,-0.977313704917921,-0.977313704917921,-0.3160910852133849,-0.3160910852133849,-0.3160910852133849,0.020164489095888995,0.020164489095888995,0.020164489095888995,-0.33625557430927394,-0.33625557430927394,-0.33625557430927394,0.0,0.0,0.0,122.46143766409071,0.008417896067940392,-0.6683935553365016
2023-09-13 17:15:39.185076,-0.9804445724793385,111.29962223889352,133.3675570554455,-0.9804445724793385,-0.9804445724793385,-0.32057889624184477,-0.32057889624184477,-0.32057889624184477,0.024197687089217587,0.024197687089217587,0.024197687089217587,-0.3447765833310623,-0.3447765833310623,-0.3447765833310623,0.0,0.0,0.0,126.34455936466405,0.19055271820132544,-0.6661347336076048
2023-09-14 17:15:39.185076,-0.9835754400407561,112.4398856043791,133.60074866070798,-0.9835754400407561,-0.9835754400407561,-0.3748121116227396,-0.3748121116227396,-0.3748121116227396,-0.020867812411480634,-0.020867812411480634,-0.020867812411480634,-0.3539442992112589,-0.3539442992112589,-0.3539442992112589,0.0,0.0,0.0,130.3159197794528,0.327921178249695,-0.614919452418815
2023-09-15 17:15:39.185076,-0.9867063076021737,112.78633445204628,133.14121122427937,-0.9867063076021737,-0.9867063076021737,-0.3625016152312425,-0.3625016152312425,-0.3625016152312425,0.0011054477714889533,0.0011054477714889533,0.0011054477714889533,-0.3636070630027315,-0.3636070630027315,-0.3636070630027315,0.0,0.0,0.0,132.32164054595475,0.43726891836674675,-0.6290236773375304
2023-09-16 17:15:39.185076,-0.9898371751635913,113.86177664364735,134.64495527164334,-0.9898371751635913,-0.9898371751635913,-0.3835498751171432,-0.3835498751171432,-0.3835498751171432,-0.009946262067078507,-0.009946262067078507,-0.009946262067078507,-0.37360361305006473,-0.37360361305006473,-0.37360361305006473,0.0,0.0,0.0,127.16798530934936,0.17370438131121174,-0.6101852502432901
2023-09-17 17:15:39.185076,-0.9929680427250087,112.7557487544399,134.00641360128938,-0.9929680427250087,-0.9929680427250087,-0.39280376688225827,-0.39280376688225827,-0.39280376688225827,-0.009035996848569448,-0.009035996848569448,-0.009035996848569448,-0.38376777003368884,-0.38376777003368884,-0.38376777003368884,0.0,0.0,0.0,127.01564141267103,0.15921139465788559,-0.6029264551489222
2023-09-18 17:15:39.185076,-0.9960989101515493,113.4786858700894,134.05047180526836,-0.9960989101515493,-0.9960989101515493,-0.39955076034854553,-0.39955076034854553,-0.39955076034854553,-0.005617552629506163,-0.005617552629506163,-0.005617552629506163,-0.3939332077190394,-0.3939332077190394,-0.3939332077190394,0.0,0.0,0.0,123.94839845851409,0.008740889613035303,-0.5981068332181402
2023-09-19 17:15:39.185076,-0.9992297775780895,112.73600826521869,133.2474928271367,-0.9992297775780895,-0.9992297775780895,-0.3837736815418015,-0.3837736815418015,-0.3837736815418015,0.02016448909588617,0.02016448909588617,0.02016448909588617,-0.4039381706376877,-0.4039381706376877,-0.4039381706376877,0.0,0.0,0.0,122.27342136376436,-0.05315210094653794,-0.6157516871307506
2023-09-20 17:15:39.185076,-1.00236064500463,112.70694609389398,133.86995373758603,-1.00236064500463,-1.00236064500463,-0.38943231522978217,-0.38943231522978217,-0.38943231522978217,0.02419768708932278,0.02419768708932278,0.02419768708932278,-0.41363000231910496,-0.41363000231910496,-0.41363000231910496,0.0,0.0,0.0,128.57830224477405,0.24249836016078277,-0.6120090183252592
2023-09-21 17:15:39.185076,-1.0054915124311703,114.58337799321258,134.4456855496055,-1.0054915124311703,-1.0054915124311703,-0.4437371664845501,-0.4437371664845501,-0.4437371664845501,-0.020867812411497245,-0.020867812411497245,-0.020867812411497245,-0.4228693540730528,-0.4228693540730528,-0.4228693540730528,0.0,0.0,0.0,131.6036681391026,0.33346921161369153,-0.559317557780698
2023-09-22 17:15:39.185076,-1.0086223798577107,113.81099663418061,134.40709153945676,-1.0086223798577107,-1.0086223798577107,-0.43042850672315436,-0.43042850672315436,-0.43042850672315436,0.0011054477714851525,0.0011054477714851525,0.0011054477714851525,-0.4315339544946395,-0.4315339544946395,-0.4315339544946395,0.0,0.0,0.0,133.30777793207486,0.42955544661123646,-0.5744825550480022
2023-09-23 17:15:39.185076,-1.0117532472842512,114.63807295605716,134.7209902632883,-1.0117532472842512,-1.0117532472842512,-0.449468095570991,-0.449468095570991,-0.449468095570991,-0.009946262067115089,-0.009946262067115089,-0.009946262067115089,-0.43952183350387586,-0.43952183350387586,-0.43952183350387586,0.0,0.0,0.0,128.0789964077619,0.1637817820292757,-0.5570024420396329
2023-09-24 17:15:39.185076,-1.0148841147107917,114.19667691035286,134.85919471265552,-1.0148841147107917,-1.0148841147107917,-0.4557899082774999,-0.4557899082774999,-0.4557899082774999,-0.009035996848526807,-0.009035996848526807,-0.009035996848526807,-0.4467539114289731,-0.4467539114289731,-0.4467539114289731,0.0,0.0,0.0,128.70072923534528,0.1886130784504608,-0.5523101771544683
2023-09-25 17:15:39.185076,-1.0180149821373319,114.41351629493205,134.56945367521368,-1.0180149821373319,-1.0180149821373319,-0.4587934355134792,-0.4587934355134792,-0.4587934355134792,-0.005617552629581476,-0.005617552629581476,-0.005617552629581476,-0.4531758828838977,-0.4531758828838977,-0.4531758828838977,0.0,0.0,0.0,121.76284607466432,-0.14219253925375958,-0.5509563910783523
2023-09-26 17:15:39.185076,-1.0211458495638723,113.9766240852795,134.40970419147163,-1.0211458495638723,-1.0211458495638723,-0.43859485731224046,-0.43859485731224046,-0.43859485731224046,0.020164489095951872,0.020164489095951872,0.020164489095951872,-0.4587593464081923,-0.4587593464081923,-0.4587593464081923,0.0,0.0,0.0,122.47904997076631,-0.08586279113352238,-0.5732765313794191
2023-09-27 17:15:39.185076,-1.0242767169904128,113.99146835913808,134.59735999870637,-1.0242767169904128,-1.0242767169904128,-0.43930446629693887,-0.43930446629693887,-0.43930446629693887,0.02419768708931329,0.02419768708931329,0.02419768708931329,-0.46350215338625217,-0.46350215338625217,-0.46350215338625217,0.0,0.0,0.0,127.29066765870834,0.14365219697037876,-0.5743073804925588
2023-09-28 17:15:39.185076,-1.027407584416953,115.21809105893466,135.32776825091238,-1.027407584416953,-1.027407584416953,-0.48829578539595775,-0.48829578539595775,-0.48829578539595775,-0.02086781241151385,-0.02086781241151385,-0.02086781241151385,-0.4674279729844439,-0.4674279729844439,-0.4674279729844439,0.0,0.0,0.0,132.42032376927543,0.3386600966909187,-0.5257287910623132
2023-09-29 17:15:39.185076,-1.0305384518434935,114.61666438925735,135.177346167281,-1.0305384518434935,-1.0305384518434935,-0.4694796452673049,-0.4694796452673049,-0.4694796452673049,0.001105447771504578,0.001105447771504578,0.001105447771504578,-0.47058509303880947,-0.47058509303880947,-0.47058509303880947,0.0,0.0,0.0,128.30480875101054,0.16422387407099165,-0.5467216250376926
2023-09-30 17:15:39.185076,-1.033669319270034,114.95168637451613,135.2381406490773,-1.033669319270034,-1.033669319270034,-0.48299076138902397,-0.48299076138902397,-0.48299076138902397,-0.009946262067109562,-0.009946262067109562,-0.009946262067109562,-0.4730444993219144,-0.4730444993219144,-0.4730444993219144,0.0,0.0,0.0,128.40163505141896,0.15651672365325267,-0.5344165877313262
2023-10-01 17:15:39.185076,-1.0368001866965744,115.47613422125596,135.69228353733493,-1.0368001866965744,-1.0368001866965744,-0.48393329359171616,-0.48393329359171616,-0.48393329359171616,-0.009035996848484164,-0.009035996848484164,-0.009035996848484164,-0.474897296743232,-0.474897296743232,-0.474897296743232,0.0,0.0,0.0,129.96588868949783,0.23143823167298344,-0.5350580575519949
2023-10-02 17:15:39.185076,-1.0399310541231146,114.51414916256199,134.93378009862317,-1.0399310541231146,-1.0399310541231146,-0.48186910781110254,-0.48186910781110254,-0.48186910781110254,-0.0056175526295442705,-0.0056175526295442705,-0.0056175526295442705,-0.47625155518155826,-0.47625155518155826,-0.47625155518155826,0.0,0.0,0.0,122.00341918378567,-0.14290468771102147,-0.53882040488775
2023-10-03 17:15:39.185076,-1.043061921549655,114.4743431310673,135.33399654313158,-1.043061921549655,-1.043061921549655,-0.45706419015724475,-0.45706419015724475,-0.45706419015724475,0.02016448909588053,0.02016448909588053,0.02016448909588053,-0.4772286792531253,-0.4772286792531253,-0.4772286792531253,0.0,0.0,0.0,121.78687307882088,-0.12569231661053834,-0.5663156690927024
2023-10-04 17:15:39.185076,-1.0461927889761955,114.13988212593618,134.49627783717273,-1.0461927889761955,-1.0461927889761955,-0.45376172780869534,-0.45376172780869534,-0.45376172780869534,0.0241976870893038,0.0241976870893038,0.0241976870893038,-0.47795941489799915,-0.47795941489799915,-0.47795941489799915,0.0,0.0,0.0,126.03517969261378,0.08119734468363217,-0.5714705414293592
2023-10-05 17:15:39.185076,-1.049323656402736,114.85737917812543,134.7882489985779,-1.049323656402736,-1.049323656402736,-0.4994474282581158,-0.4994474282581158,-0.4994474282581158,-0.020867812411509278,-0.020867812411509278,-0.020867812411509278,-0.47857961584660647,-0.47857961584660647,-0.47857961584660647,0.0,0.0,0.0,131.8963476905471,0.3132914692223395,-0.5252416548019867
2023-10-06 17:15:39.185076,-1.0524545238292762,114.90536169004567,135.55133613958608,-1.0524545238292762,-1.0524545238292762,-0.47812045172300616,-0.47812045172300616,-0.47812045172300616,0.0011054477714548053,0.0011054477714548053,0.0011054477714548053,-0.4792258994944609,-0.4792258994944609,-0.4792258994944609,0.0,0.0,0.0,131.8584358844862,0.33550402854326977,-0.5492544914781012
2023-10-07 17:15:39.185076,-1.0555853912409814,113.64001653996172,135.10980223146092,-1.0555853912409814,-1.0555853912409814,-0.4899775863859521,-0.4899775863859521,-0.4899775863859521,-0.009946262067146144,-0.009946262067146144,-0.009946262067146144,-0.48003132431880596,-0.48003132431880596,-0.48003132431880596,0.0,0.0,0.0,126.13500462376248,0.052839291927709364,-0.5383722090164543
2023-10-08 17:15:39.185076,-1.058716258652687,115.08143246535042,135.4136101915461,-1.058716258652687,-1.058716258652687,-0.4901572164721975,-0.4901572164721975,-0.4901572164721975,-0.009035996848505784,-0.009035996848505784,-0.009035996848505784,-0.48112121962369175,-0.48112121962369175,-0.48112121962369175,0.0,0.0,0.0,124.62644019249134,-0.01738965725392542,-0.5397788442776269
2023-10-09 17:15:39.185076,-1.0618471260643922,114.56692010460031,135.7004796332028,-1.0618471260643922,-1.0618471260643922,-0.488226845808396,-0.488226845808396,-0.488226845808396,-0.005617552629507068,-0.005617552629507068,-0.005617552629507068,-0.4826092931788889,-0.4826092931788889,-0.4826092931788889,0.0,0.0,0.0,118.58798139409308,-0.30048547819930826,-0.5434248529752638
2023-10-10 17:15:39.185076,-1.0649779934760975,113.74822897031517,134.40177702753257,-1.0649779934760975,-1.0649779934760975,-0.4644296442711319,-0.4644296442711319,-0.4644296442711319,0.020164489095946224,0.020164489095946224,0.020164489095946224,-0.48459413336707813,-0.48459413336707813,-0.48459413336707813,0.0,0.0,0.0,117.30334217568992,-0.3345419759047919,-0.5703706428094096
2023-10-11 17:15:39.185076,-1.0681088608878027,113.35584078921562,134.94872459220247,-1.0681088608878027,-1.0681088608878027,-0.46295852297960344,-0.46295852297960344,-0.46295852297960344,0.024197687089408997,0.024197687089408997,0.024197687089408997,-0.48715621006901244,-0.48715621006901244,-0.48715621006901244,0.0,0.0,0.0,124.27697137119081,-0.00014459312192084618,-0.5736187602697589
2023-10-12 17:15:39.185076,-1.0712397282995083,115.29830596315644,136.50141759216984,-1.0712397282995083,-1.0712397282995083,-0.511223275472605,-0.511223275472605,-0.511223275472605,-0.020867812411504705,-0.020867812411504705,-0.020867812411504705,-0.49035546306110034,-0.49035546306110034,-0.49035546306110034,0.0,0.0,0.0,127.3890422183015,0.09761326947501096,-0.5235970455818502
2023-10-13 17:15:39.185076,-1.0743705957112135,114.49562355881125,135.6941393938923,-1.0743705957112135,-1.0743705957112135,-0.49312410087439124,-0.49312410087439124,-0.49312410087439124,0.001105447771462615,0.001105447771462615,0.001105447771462615,-0.49422954864585383,-0.49422954864585383,-0.49422954864585383,0.0,0.0,0.0,129.43361740503377,0.21567733905204717,-0.5445725616952373
2023-10-14 17:15:39.185076,-1.0775014631229187,115.136048175377,135.57062814060086,-1.0775014631229187,-1.0775014631229187,-0.5087390571918659,-0.5087390571918659,-0.5087390571918659,-0.009946262067034044,-0.009946262067034044,-0.009946262067034044,-0.4987927951248317,-0.4987927951248317,-0.4987927951248317,0.0,0.0,0.0,124.5674953478108,-0.030633167627864305,-0.5293343846509091
2023-10-15 17:15:39.185076,-1.080632330534624,115.06919670302548,135.28447125347117,-1.080632330534624,-1.080632330534624,-0.5130718929985465,-0.5130718929985465,-0.5130718929985465,-0.009035996848527409,-0.009035996848527409,-0.009035996848527409,-0.5040358961500191,-0.5040358961500191,-0.5040358961500191,0.0,0.0,0.0,125.46422139544332,0.008804572798476953,-0.5261902550717934
2023-10-16 17:15:39.185076,-1.0837631979463291,114.6880759383584,136.0251036791164,-1.0837631979463291,-1.0837631979463291,-0.515543901233766,-0.515543901233766,-0.515543901233766,-0.005617552629543552,-0.005617552629543552,-0.005617552629543552,-0.5099263486042225,-0.5099263486042225,-0.5099263486042225,0.0,0.0,0.0,119.10045102357246,-0.2945395435422812,-0.5250356908634964
2023-10-17 17:15:39.185076,-1.0868940653580346,114.8034584993105,134.80435893410726,-1.0868940653580346,-1.0868940653580346,-0.49624513002197895,-0.49624513002197895,-0.49624513002197895,0.020164489095873043,0.020164489095873043,0.020164489095873043,-0.516409619117852,-0.516409619117852,-0.516409619117852,0.0,0.0,0.0,118.64302461871448,-0.2937683739086468,-0.5475281785743193
2023-10-18 17:15:39.185076,-1.09002493276974,115.04726770160511,135.49574520670387,-1.09002493276974,-1.09002493276974,-0.49921331421188475,-0.49921331421188475,-0.49921331421188475,0.02419768708934972,0.02419768708934972,0.02419768708934972,-0.5234110013012344,-0.5234110013012344,-0.5234110013012344,0.0,0.0,0.0,126.13123988773191,0.06015828442916002,-0.5458699735081712
2023-10-19 17:15:39.185076,-1.0931558001814452,115.74584100549069,136.80603846575914,-1.0931558001814452,-1.0931558001814452,-0.5517059173185729,-0.5517059173185729,-0.5517059173185729,-0.02086781241152131,-0.02086781241152131,-0.02086781241152131,-0.5308381049070515,-0.5308381049070515,-0.5308381049070515,0.0,0.0,0.0,130.16390556579634,0.1958384662469245,-0.4900552766702224
2023-10-20 17:15:39.185076,-1.0962866675931504,115.26817933190253,136.0636045339164,-1.0962866675931504,-1.0962866675931504,-0.5374784512774284,-0.5374784512774284,-0.5374784512774284,0.00110544777147043,0.00110544777147043,0.00110544777147043,-0.5385838990488989,-0.5385838990488989,-0.5385838990488989,0.0,0.0,0.0,131.93912710994704,0.2971374422591683,-0.507056207339091
2023-10-21 17:15:39.185076,-1.0994175350048558,115.77261151242799,137.270427072164,-1.0994175350048558,-1.0994175350048558,-0.5564764769197338,-0.5564764769197338,-0.5564764769197338,-0.009946262067070628,-0.009946262067070628,-0.009946262067070628,-0.5465302148526632,-0.5465302148526632,-0.5465302148526632,0.0,0.0,0.0,121.40970453146552,-0.22230064634431726,-0.4876175384615756
2023-10-22 17:15:39.185076,-1.102548402416561,115.95142132699158,137.36201312692882,-1.102548402416561,-1.102548402416561,-0.5635875958452714,-0.5635875958452714,-0.5635875958452714,-0.009035996848510518,-0.009035996848510518,-0.009035996848510518,-0.5545515989967609,-0.5545515989967609,-0.5545515989967609,0.0,0.0,0.0,121.69161813318999,-0.21536545635389498,-0.4811657989955666
2023-10-23 17:15:39.185076,-1.1056792698282663,115.43455887617203,136.66728858437367,-1.1056792698282663,-1.1056792698282663,-0.5681369515416669,-0.5681369515416669,-0.5681369515416669,-0.005617552629580034,-0.005617552629580034,-0.005617552629580034,-0.5625193989120868,-0.5625193989120868,-0.5625193989120868,0.0,0.0,0.0,117.87722495134075,-0.40015924152203647,-0.4775020200852189
2023-10-24 17:15:39.185076,-1.1088101372399717,115.31875380470366,135.44293686102017,-1.1088101372399717,-1.1088101372399717,-0.5501414641796627,-0.5501414641796627,-0.5501414641796627,0.020164489095870222,0.020164489095870222,0.020164489095870222,-0.5703059532755329,-0.5703059532755329,-0.5703059532755329,0.0,0.0,0.0,117.91589680207852,-0.3770171879824992,-0.4988077048415209
2023-10-25 17:15:39.185076,-1.111941004651677,115.52773745039423,135.28521630679006,-1.111941004651677,-1.111941004651677,-0.5535910709581302,-0.5535910709581302,-0.5535910709581302,0.02419768708939001,0.02419768708939001,0.02419768708939001,-0.5777887580475203,-0.5777887580475203,-0.5777887580475203,0.0,0.0,0.0,121.78123728219971,-0.195895213700771,-0.4963803930442958
2023-10-26 17:15:39.185076,-1.1150718719730508,116.39683171620167,137.2591465580545,-1.1150718719730508,-1.1150718719730508,-0.6057222911828992,-0.6057222911828992,-0.6057222911828992,-0.020867812411537914,-0.020867812411537914,-0.020867812411537914,-0.5848544787713613,-0.5848544787713613,-0.5848544787713613,0.0,0.0,0.0,126.66207747421652,-0.02085638994828155,-0.43964798284793
2023-10-27 17:15:39.185076,-1.1182027392944247,115.91537680825387,136.735703602774,-1.1182027392944247,-1.1182027392944247,-0.5902972363836586,-0.5902972363836586,-0.5902972363836586,0.0011054477714898554,0.0011054477714898554,0.0011054477714898554,-0.5914026841551484,-0.5914026841551484,-0.5914026841551484,0.0,0.0,0.0,124.47372195652217,-0.1062897163674487,-0.4581307525722891
2023-10-28 17:15:39.185076,-1.1213336066157988,117.48733633701397,137.830761939047,-1.1213336066157988,-1.1213336066157988,-0.6072954460317327,-0.6072954460317327,-0.6072954460317327,-0.0099462620670651,-0.0099462620670651,-0.0099462620670651,-0.5973491839646676,-0.5973491839646676,-0.5973491839646676,0.0,0.0,0.0,123.00828646048369,-0.19365522196289348,-0.4403528138356858
2023-10-29 17:15:39.185076,-1.1244644739371727,116.7230488062073,137.3268960930468,-1.1244644739371727,-1.1244644739371727,-0.6116648625863695,-0.6116648625863695,-0.6116648625863695,-0.009035996848467877,-0.009035996848467877,-0.009035996848467877,-0.6026288657379016,-0.6026288657379016,-0.6026288657379016,0.0,0.0,0.0,123.02774325528094,-0.19641504580665303,-0.43666906600313765
2023-10-30 17:15:39.185076,-1.1275953412585469,116.56872620875271,137.36976181162734,-1.1275953412585469,-1.1275953412585469,-0.6128154920717469,-0.6128154920717469,-0.6128154920717469,-0.005617552629542831,-0.005617552629542831,-0.005617552629542831,-0.6071979394422041,-0.6071979394422041,-0.6071979394422041,0.0,0.0,0.0,119.45311271780893,-0.36624131865867865,-0.4365874473473811
2023-10-31 17:15:39.185076,-1.130726208579921,116.2031185213481,137.56377727786148,-1.130726208579921,-1.130726208579921,-0.5908710274225493,-0.5908710274225493,-0.5908710274225493,0.020164489095867398,0.020164489095867398,0.020164489095867398,-0.6110355165184167,-0.6110355165184167,-0.6110355165184167,0.0,0.0,0.0,117.12272930781316,-0.4508763366678234,-0.46261285198269936
2023-11-01 17:15:39.185076,-1.133857075901295,116.15536992712035,136.73559159078454,-1.133857075901295,-1.133857075901295,-0.5899467821853267,-0.5899467821853267,-0.5899467821853267,0.024197687089330736,0.024197687089330736,0.024197687089330736,-0.6141444692746574,-0.6141444692746574,-0.6141444692746574,0.0,0.0,0.0,120.6666474868414,-0.2802611968311726,-0.4649417425152622
2023-11-02 17:15:39.185076,-1.1369879432226688,118.03721766343857,137.2942152077058,-1.1369879432226688,-1.1369879432226688,-0.6374193501581744,-0.6374193501581744,-0.6374193501581744,-0.02086781241148962,-0.02086781241148962,-0.02086781241148962,-0.6165515377466848,-0.6165515377466848,-0.6165515377466848,0.0,0.0,0.0,124.19692115684518,-0.16531478492187685,-0.41224982731599596
2023-11-03 17:15:39.185076,-1.1401188105440427,116.71074014016611,137.43673356684167,-1.1401188105440427,-1.1401188105440427,-0.6172012255386484,-0.6172012255386484,-0.6172012255386484,0.001105447771509279,0.001105447771509279,0.001105447771509279,-0.6183066733101577,-0.6183066733101577,-0.6183066733101577,0.0,0.0,0.0,120.90802312313302,-0.29730490944775734,-0.43643608341659346
2023-11-04 17:15:39.185076,-1.1432496778654166,117.53754919289445,137.85626101771,-1.1432496778654166,-1.1432496778654166,-0.6294278929408116,-0.6294278929408116,-0.6294278929408116,-0.009946262067101683,-0.009946262067101683,-0.009946262067101683,-0.6194816308737099,-0.6194816308737099,-0.6194816308737099,0.0,0.0,0.0,123.19202132355606,-0.20162677299673273,-0.42365644202132585
2023-11-05 17:15:39.185076,-1.1463805451867908,117.35644257179473,138.1229624961082,-1.1463805451867908,-1.1463805451867908,-0.6292038405906188,-0.6292038405906188,-0.6292038405906188,-0.009035996848553761,-0.009035996848553761,-0.009035996848553761,-0.6201678437420651,-0.6201678437420651,-0.6201678437420651,0.0,0.0,0.0,120.1772619767158,-0.34336836187086783,-0.42507350337689453
2023-11-06 17:15:39.185076,-1.1495114125081647,116.99586263219332,137.55233394689995,-1.1495114125081647,-1.1495114125081647,-0.626091189204712,-0.626091189204712,-0.626091189204712,-0.005617552629505624,-0.005617552629505624,-0.005617552629505624,-0.6204736365752064,-0.6204736365752064,-0.6204736365752064,0.0,0.0,0.0,118.12562536938471,-0.43605329158659495,-0.42981244524653966
2023-11-07 17:15:39.185076,-1.152642279829539,115.4256900697237,137.30806819259436,-1.152642279829539,-1.152642279829539,-0.6003563625689966,-0.6003563625689966,-0.6003563625689966,0.020164489095794217,0.020164489095794217,0.020164489095794217,-0.6205208516647909,-0.6205208516647909,-0.6205208516647909,0.0,0.0,0.0,115.32427810780351,-0.5382441624297672,-0.4606461533678415
2023-11-08 17:15:39.185076,-1.1557731471509127,115.62685578948967,137.28186650876367,-1.1557731471509127,-1.1557731471509127,-0.5962432943381618,-0.5962432943381618,-0.5962432943381618,0.024197687089321244,0.024197687089321244,0.024197687089321244,-0.620440981427483,-0.620440981427483,-0.620440981427483,0.0,0.0,0.0,118.43060922873913,-0.3847321363600114,-0.46665115838606747
2023-11-09 17:15:39.185076,-1.1589040144722866,117.35492555671492,137.37753061140094,-1.1589040144722866,-1.1589040144722866,-0.6412387274872295,-0.6412387274872295,-0.6412387274872295,-0.02086781241148504,-0.02086781241148504,-0.02086781241148504,-0.6203709150757446,-0.6203709150757446,-0.6203709150757446,0.0,0.0,0.0,121.01615046918559,-0.31283658636515577,-0.4157698789522357
2023-11-10 17:15:39.185076,-1.1620348817936608,116.6801481739935,137.11131894834244,-1.1620348817936608,-1.1620348817936608,-0.6193429716549689,-0.6193429716549689,-0.6193429716549689,0.001105447771517094,0.001105447771517094,0.001105447771517094,-0.620448419426486,-0.620448419426486,-0.620448419426486,0.0,0.0,0.0,117.41843215047334,-0.45711071933236547,-0.44233674493684444
2023-11-11 17:15:39.185076,-1.165165749115035,117.07382890177254,138.00147059081985,-1.165165749115035,-1.165165749115035,-0.6307537444774264,-0.6307537444774264,-0.6307537444774264,-0.00994626206709616,-0.00994626206709616,-0.00994626206709616,-0.6208074824103302,-0.6208074824103302,-0.6208074824103302,0.0,0.0,0.0,119.37403801552774,-0.37635061183111546,-0.4302330899238811
2023-11-12 17:15:39.185076,-1.1682966164364088,117.09684540502701,137.87692287640687,-1.1682966164364088,-1.1682966164364088,-0.6306096496471203,-0.6306096496471203,-0.6306096496471203,-0.00903599684851112,-0.00903599684851112,-0.00903599684851112,-0.6215736527986092,-0.6215736527986092,-0.6215736527986092,0.0,0.0,0.0,115.99734940685374,-0.5353714029857587,-0.43155749646152897
2023-11-13 17:15:39.185076,-1.1714274837330216,117.21999297212842,137.87672929271324,-1.1714274837330216,-1.1714274837330216,-0.6284770634602874,-0.6284770634602874,-0.6284770634602874,-0.005617552629580939,-0.005617552629580939,-0.005617552629580939,-0.6228595108307066,-0.6228595108307066,-0.6228595108307066,0.0,0.0,0.0,111.81367046427135,-0.7303826046569954,-0.4352121786998186
2023-11-14 17:15:39.185076,-1.1745583510296345,116.06584077026059,136.4625618119117,-1.1745583510296345,-1.1745583510296345,-0.6045959126733509,-0.6045959126733509,-0.6045959126733509,0.02016448909579139,0.02016448909579139,0.02016448909579139,-0.6247604017691424,-0.6247604017691424,-0.6247604017691424,0.0,0.0,0.0,111.66422339606842,-0.7082662435218399,-0.46442517280076656
2023-11-15 17:15:39.185076,-1.1776892183262473,116.26984068117622,136.18951657627923,-1.1776892183262473,-1.1776892183262473,-0.6031528709194001,-0.6031528709194001,-0.6031528709194001,0.024197687089261975,0.024197687089261975,0.024197687089261975,-0.627350558008662,-0.627350558008662,-0.627350558008662,0.0,0.0,0.0,117.77012285130327,-0.4153845191521307,-0.46736258524194707
2023-11-16 17:15:39.185076,-1.1808200856228603,117.62868475105185,138.33673988153333,-1.1808200856228603,-1.1808200856228603,-0.6515475378138617,-0.6515475378138617,-0.6515475378138617,-0.020867812411522833,-0.020867812411522833,-0.020867812411522833,-0.6306797254023387,-0.6306797254023387,-0.6306797254023387,0.0,0.0,0.0,122.08719147426858,-0.2662874212728717,-0.4114596662341324
2023-11-17 17:15:39.185076,-1.1839509529194732,117.16753146741674,137.89873205824256,-1.1839509529194732,-1.1839509529194732,-0.6336649484544169,-0.6336649484544169,-0.6336649484544169,0.0011054477714440934,0.0011054477714440934,0.0011054477714440934,-0.634770396225861,-0.634770396225861,-0.634770396225861,0.0,0.0,0.0,119.65436107655825,-0.359549567236853,-0.43372273336519745
2023-11-18 17:15:39.185076,-1.1870818202160862,116.497979929053,137.6542414966769,-1.1870818202160862,-1.1870818202160862,-0.6495619971236503,-0.6495619971236503,-0.6495619971236503,-0.009946262067068272,-0.009946262067068272,-0.009946262067068272,-0.639615735056582,-0.639615735056582,-0.639615735056582,0.0,0.0,0.0,119.61462409402553,-0.3791606658314112,-0.4159985823273473
2023-11-19 17:15:39.185076,-1.1902126875126988,117.22460268537966,138.41455118163103,-1.1902126875126988,-1.1902126875126988,-0.6542142621021279,-0.6542142621021279,-0.6542142621021279,-0.009035996848532738,-0.009035996848532738,-0.009035996848532738,-0.6451782652535951,-0.6451782652535951,-0.6451782652535951,0.0,0.0,0.0,114.28085417378665,-0.6368796989074619,-0.41155857240698807
2023-11-20 17:15:39.185076,-1.1933435548093119,117.4091333349914,137.85578081817076,-1.1933435548093119,-1.1933435548093119,-0.657006915844666,-0.657006915844666,-0.657006915844666,-0.005617552629617424,-0.005617552629617424,-0.005617552629617424,-0.6513893632150486,-0.6513893632150486,-0.6513893632150486,0.0,0.0,0.0,111.80861499515885,-0.7565262606864587,-0.40930858632093575
2023-11-21 17:15:39.185076,-1.1964744221059247,116.94498358544146,137.36372266667152,-1.1964744221059247,-1.1964744221059247,-0.6379850966390821,-0.6379850966390821,-0.6379850966390821,0.02016448909585709,0.02016448909585709,0.02016448909585709,-0.6581495857349392,-0.6581495857349392,-0.6581495857349392,0.0,0.0,0.0,110.92729417121492,-0.7745436133521788,-0.43314157229248645
2023-11-22 17:15:39.185076,-1.1996052894025373,116.33991073437788,136.91508926803323,-1.1996052894025373,-1.1996052894025373,-0.6411321461105491,-0.6411321461105491,-0.6411321461105491,0.024197687089252483,0.024197687089252483,0.024197687089252483,-0.6653298331998017,-0.6653298331998017,-0.6653298331998017,0.0,0.0,0.0,113.33529814895714,-0.6628391024591503,-0.4304997757223222
2023-11-23 17:15:39.185076,-1.2027361566991503,118.75286350236512,139.28371990367856,-1.2027361566991503,-1.2027361566991503,-0.6936411410945924,-0.6936411410945924,-0.6936411410945924,-0.020867812411518256,-0.020867812411518256,-0.020867812411518256,-0.6727733286830742,-0.6727733286830742,-0.6727733286830742,0.0,0.0,0.0,116.1697964968058,-0.5902712125363387,-0.3684688765306272
2023-11-24 17:15:39.185076,-1.2058670239957632,117.91215940555531,137.77252155165132,-1.2058670239957632,-1.2058670239957632,-0.6791929230771965,-0.6791929230771965,-0.6791929230771965,0.001105447771463517,0.001105447771463517,0.001105447771463517,-0.68029837084866,-0.68029837084866,-0.68029837084866,0.0,0.0,0.0,116.09305515361035,-0.5755335479648481,-0.38685067512568094
2023-11-25 17:15:39.185076,-1.208997891292376,118.70984074487663,139.0185726257109,-1.208997891292376,-1.208997891292376,-0.6976480596405842,-0.6976480596405842,-0.6976480596405842,-0.009946262067062747,-0.009946262067062747,-0.009946262067062747,-0.6877017975735215,-0.6877017975735215,-0.6877017975735215,0.0,0.0,0.0,115.28719837962608,-0.6351082228382716,-0.36554285832269195
2023-11-26 17:15:39.185076,-1.212128758588989,118.7337290622554,139.3870371903936,-1.212128758588989,-1.212128758588989,-0.703799074771569,-0.703799074771569,-0.703799074771569,-0.009035996848490099,-0.009035996848490099,-0.009035996848490099,-0.6947630779230789,-0.6947630779230789,-0.6947630779230789,0.0,0.0,0.0,114.49785441706206,-0.6791001532400665,-0.35903365979004803
2023-11-27 17:15:39.185076,-1.2152596258856019,118.48449663779684,138.76585299260893,-1.2152596258856019,-1.2152596258856019,-0.70686648572093,-0.70686648572093,-0.70686648572093,-0.005617552629506528,-0.005617552629506528,-0.005617552629506528,-0.7012489330914236,-0.7012489330914236,-0.7012489330914236,0.0,0.0,0.0,113.42496870461329,-0.7328474635873679,-0.3562333248973143
2023-11-28 17:15:39.185076,-1.2183904931822147,118.84048558817486,138.25184288037096,-1.2183904931822147,-1.2183904931822147,-0.6867538835096659,-0.6867538835096659,-0.6867538835096659,0.020164489095785748,0.020164489095785748,0.020164489095785748,-0.7069183726054518,-0.7069183726054518,-0.7069183726054518,0.0,0.0,0.0,111.17618048089534,-0.8142104974964104,-0.38165609035807163
2023-11-29 17:15:39.185076,-1.2215213604788275,117.58916406604772,138.5581025999462,-1.2215213604788275,-1.2215213604788275,-0.6873303337909371,-0.6873303337909371,-0.6873303337909371,0.024197687089357673,0.024197687089357673,0.024197687089357673,-0.7115280208802948,-0.7115280208802948,-0.7115280208802948,0.0,0.0,0.0,112.29851869242884,-0.7606386384596319,-0.3819326760481554
2023-11-30 17:15:39.185076,-1.2246522277754404,119.37477614302749,140.32702916495055,-1.2246522277754404,-1.2246522277754404,-0.7357054137960753,-0.7357054137960753,-0.7357054137960753,-0.02086781241153486,-0.02086781241153486,-0.02086781241153486,-0.7148376013845404,-0.7148376013845404,-0.7148376013845404,0.0,0.0,0.0,117.28776604708366,-0.5819833118776586,-0.3236689537836245
2023-12-01 17:15:39.185076,-1.2277830950720534,117.96285610910479,139.4223142034642,-1.2277830950720534,-1.2277830950720534,-0.7155099936660955,-0.7155099936660955,-0.7155099936660955,0.0011054477714829442,0.0011054477714829442,0.0011054477714829442,-0.7166154414375784,-0.7166154414375784,-0.7166154414375784,0.0,0.0,0.0,113.64534552531406,-0.7293239697885888,-0.3492920204937094
2023-12-02 17:15:39.185076,-1.230310736553686,118.76216101551046,139.5061847698593,-1.230310736553686,-1.230310736553686,-0.7265901221651473,-0.7265901221651473,-0.7265901221651473,-0.00994626206709933,-0.00994626206709933,-0.00994626206709933,-0.7166438600980479,-0.7166438600980479,-0.7166438600980479,0.0,0.0,0.0,115.25895706985132,-0.6656130378298567,-0.33637910818005096
2023-12-03 17:15:39.185076,-1.2328383780353187,118.33604840688923,139.0083290894611,-1.2328383780353187,-1.2328383780353187,-0.7237603015706175,-0.7237603015706175,-0.7237603015706175,-0.009035996848511718,-0.009035996848511718,-0.009035996848511718,-0.7147243047221058,-0.7147243047221058,-0.7147243047221058,0.0,0.0,0.0,113.29025188981576,-0.7549190399130207,-0.34055890176064546
2023-12-04 17:15:39.185076,-1.2353660195169511,118.85005882676856,139.46141433811033,-1.2353660195169511,-1.2353660195169511,-0.7162996610743897,-0.7162996610743897,-0.7162996610743897,-0.00561755262965553,-0.00561755262965553,-0.00561755262965553,-0.7106821084447341,-0.7106821084447341,-0.7106821084447341,0.0,0.0,0.0,112.12124362422657,-0.8005156274894675,-0.35047375843414114
2023-12-05 17:15:39.185076,-1.2378936609985838,117.83123589519501,137.96191459121434,-1.2378936609985838,-1.2378936609985838,-0.6842062617784446,-0.6842062617784446,-0.6842062617784446,0.020164489095851442,0.020164489095851442,0.020164489095851442,-0.704370750874296,-0.704370750874296,-0.704370750874296,0.0,0.0,0.0,110.60191197235298,-0.8322171951188668,-0.39091906672750965
2023-12-06 17:15:39.185076,-1.2404213024802164,116.08156258319906,138.46616063816091,-1.2404213024802164,-1.2404213024802164,-0.6714778302891301,-0.6714778302891301,-0.6714778302891301,0.024197687089348184,0.024197687089348184,0.024197687089348184,-0.6956755173784782,-0.6956755173784782,-0.6956755173784782,0.0,0.0,0.0,111.63181554318926,-0.7667244356978704,-0.40750589764638395
2023-12-07 17:15:39.185076,-1.242948943961849,118.52806445458988,139.67214904864701,-1.242948943961849,-1.242948943961849,-0.705384280516525,-0.705384280516525,-0.705384280516525,-0.02086781241153029,-0.02086781241153029,-0.02086781241153029,-0.6845164681049948,-0.6845164681049948,-0.6845164681049948,0.0,0.0,0.0,114.50424809651885,-0.6716379058107345,-0.3661922974065456
2023-12-08 17:15:39.185076,-1.2454765854434817,117.49299628299163,137.85042519956747,-1.2454765854434817,-1.2454765854434817,-0.6697451980958326,-0.6697451980958326,-0.6697451980958326,0.0011054477714907557,0.0011054477714907557,0.0011054477714907557,-0.6708506458673233,-0.6708506458673233,-0.6708506458673233,0.0,0.0,0.0,111.59229837593617,-0.7647822197661445,-0.41132462300191597
2023-12-09 17:15:39.185076,-1.2480042269251141,117.44711572794029,138.06808326586898,-1.2480042269251141,-1.2480042269251141,-0.6646197337906967,-0.6646197337906967,-0.6646197337906967,-0.009946262067051697,-0.009946262067051697,-0.009946262067051697,-0.6546734717236451,-0.6546734717236451,-0.6546734717236451,0.0,0.0,0.0,111.75266892150123,-0.7499355084683307,-0.4185559898564805
2023-12-10 17:15:39.185076,-1.2505318684067468,116.59075938886375,137.41585312018336,-1.2505318684067468,-1.2505318684067468,-0.6450552947889154,-0.6450552947889154,-0.6450552947889154,-0.00903599684849483,-0.00903599684849483,-0.00903599684849483,-0.6360192979404207,-0.6360192979404207,-0.6360192979404207,0.0,0.0,0.0,110.80249281519289,-0.7697418286671751,-0.44386966538869954
2023-12-11 17:15:39.185076,-1.2530595098883794,116.30187203778652,136.36418080864297,-1.2530595098883794,-1.2530595098883794,-0.6205786621058599,-0.6205786621058599,-0.6205786621058599,-0.0056175526295446365,-0.0056175526295446365,-0.0056175526295446365,-0.6149611094763152,-0.6149611094763152,-0.6149611094763152,0.0,0.0,0.0,109.33767680477898,-0.8077321283611096,-0.47543751570282444
2023-12-12 17:15:39.185076,-1.255587151370012,114.48060462761792,135.30515342590044,-1.255587151370012,-1.255587151370012,-0.5714448974713207,-0.5714448974713207,-0.5714448974713207,0.020164489095917143,0.020164489095917143,0.020164489095917143,-0.5916093865672378,-0.5916093865672378,-0.5916093865672378,0.0,0.0,0.0,107.64992790946313,-0.8252256889701255,-0.538088280389068
2023-12-13 17:15:39.185076,-1.2581147928516445,114.26800891758154,134.48608835631273,-1.2581147928516445,-1.2581147928516445,-0.541912474766011,-0.541912474766011,-0.541912474766011,0.024197687089288905,0.024197687089288905,0.024197687089288905,-0.5661101618552999,-0.5661101618552999,-0.5661101618552999,0.0,0.0,0.0,108.09156464312747,-0.766015746579684,-0.5763266919176825
2023-12-14 17:15:39.185076,-1.2606424343332772,113.84376455463361,134.60199279324885,-1.2606424343332772,-1.2606424343332772,-0.5595101376409727,-0.5595101376409727,-0.5595101376409727,-0.02086781241150317,-0.02086781241150317,-0.02086781241150317,-0.5386423252294694,-0.5386423252294694,-0.5386423252294694,0.0,0.0,0.0,118.58929372794225,-0.28854780139832936,-0.5553002123834144
2023-12-15 17:15:39.185076,-1.2631700758149098,112.9751961782778,133.2003806307876,-1.2631700758149098,-1.2631700758149098,-0.5083087998448348,-0.5083087998448348,-0.5083087998448348,0.0011054477714525987,0.0011054477714525987,0.0011054477714525987,-0.5094142476162874,-0.5094142476162874,-0.5094142476162874,0.0,0.0,0.0,117.55481457316112,-0.2718816075636152,-0.621089610577524
2023-12-16 17:15:39.185076,-1.2656977172965425,111.86495192390134,133.13963842637253,-1.2656977172965425,-1.2656977172965425,-0.4886060729805738,-0.4886060729805738,-0.4886060729805738,-0.009946262067088277,-0.009946262067088277,-0.009946262067088277,-0.4786598109134855,-0.4786598109134855,-0.4786598109134855,0.0,0.0,0.0,117.60768037768074,-0.2431907101994843,-0.6472701260678024
2023-12-17 17:15:39.185076,-1.2682253587781749,112.28433695478896,132.6431907266612,-1.2682253587781749,-1.2682253587781749,-0.45566994154230844,-0.45566994154230844,-0.45566994154230844,-0.009035996848516453,-0.009035996848516453,-0.009035996848516453,-0.44663394469379203,-0.44663394469379203,-0.44663394469379203,0.0,0.0,0.0,116.17399176424634,-0.2682076892112076,-0.6903331836812507
2023-12-18 17:15:39.185076,-1.2707530002598075,110.12558841807618,130.363937546221,-1.2707530002598075,-1.2707530002598075,-0.4192253335342824,-0.4192253335342824,-0.4192253335342824,-0.005617552629581123,-0.005617552629581123,-0.005617552629581123,-0.41360778090470124,-0.41360778090470124,-0.41360778090470124,0.0,0.0,0.0,111.9484923571533,-0.4211714905511067,-0.7380211498861997
2023-12-19 17:15:39.185076,-1.2732806417414402,108.60209383122992,129.552207550556,-1.2732806417414402,-1.2732806417414402,-0.35969905621171355,-0.35969905621171355,-0.35969905621171355,0.02016448909591432,0.02016448909591432,0.02016448909591432,-0.3798635453076279,-0.3798635453076279,-0.3798635453076279,0.0,0.0,0.0,111.741002756614,-0.3537626803954312,-0.8152827966143993
2023-12-20 17:15:39.185076,-1.2758082832230726,107.61339763057042,128.5916621612662,-1.2758082832230726,-1.2758082832230726,-0.32149162160632255,-0.32149162160632255,-0.32149162160632255,0.024197687089329203,0.024197687089329203,0.024197687089329203,-0.3456893086956518,-0.3456893086956518,-0.3456893086956518,0.0,0.0,0.0,113.8420744839057,-0.2036275234052877,-0.8656466093909084
2023-12-21 17:15:39.185076,-1.2759581105857545,108.40926902642742,129.23737261206284,-1.2759581105857545,-1.2759581105857545,-0.33224153434296844,-0.33224153434296844,-0.33224153434296844,-0.020867812411519783,-0.020867812411519783,-0.020867812411519783,-0.3113737219314487,-0.3113737219314487,-0.3113737219314487,0.0,0.0,0.0,117.25217265012407,-0.05531062103761553,-0.8520318301673884
2023-12-22 17:15:39.185076,-1.2761079379484364,106.900542047165,128.15728554501933,-1.2761079379484364,-1.2761079379484364,-0.27609540883792316,-0.27609540883792316,-0.27609540883792316,0.0011054477714487962,0.0011054477714487962,0.0011054477714487962,-0.27720085660937194,-0.27720085660937194,-0.27720085660937194,0.0,0.0,0.0,114.30590105740698,-0.12346850166187533,-0.9237803950992437
2023-12-23 17:15:39.185076,-1.2762577653111185,106.11966942096974,126.46649429113322,-1.2762577653111185,-1.2762577653111185,-0.25339152984531715,-0.25339152984531715,-0.25339152984531715,-0.009946262067124862,-0.009946262067124862,-0.009946262067124862,-0.24344526777819225,-0.24344526777819225,-0.24344526777819225,0.0,0.0,0.0,114.71065105319498,-0.07516410925681924,-0.9528648576819685
2023-12-24 17:15:39.185076,-1.2764075926738003,105.1834530838963,126.05604326618362,-1.2764075926738003,-1.2764075926738003,-0.2194033837279188,-0.2194033837279188,-0.2194033837279188,-0.00903599684847381,-0.00903599684847381,-0.00903599684847381,-0.21036738687944498,-0.21036738687944498,-0.21036738687944498,0.0,0.0,0.0,112.35496821760226,-0.14353130850195223,-0.9963594478251615
2023-12-25 17:15:39.185076,-1.2765574200364824,103.7364681686013,125.02755526580381,-1.2765574200364824,-1.2765574200364824,-0.1838268947794201,-0.1838268947794201,-0.1838268947794201,-0.005617552629543916,-0.005617552629543916,-0.005617552629543916,-0.1782093421498762,-0.1782093421498762,-0.1782093421498762,0.0,0.0,0.0,107.47335541895774,-0.32980684471638516,-1.0418918335035479
2023-12-26 17:15:39.185076,-1.2767072473991643,101.93051593081154,123.90318087724133,-1.2767072473991643,-1.2767072473991643,-0.12702680145907255,-0.12702680145907255,-0.12702680145907255,0.020164489095909663,0.020164489095909663,0.020164489095909663,-0.14719129055498223,-0.14719129055498223,-0.14719129055498223,0.0,0.0,0.0,106.15473006935186,-0.3197836194322063,-1.1145312093624318
2023-12-27 17:15:39.185076,-1.2768570747618464,102.05243867921526,122.51028645723942,-1.2768570747618464,-1.2768570747618464,-0.09331064318998646,-0.09331064318998646,-0.09331064318998646,0.024197687089269924,0.024197687089269924,0.024197687089269924,-0.11750833027925639,-0.11750833027925639,-0.11750833027925639,0.0,0.0,0.0,107.86416683811393,-0.19542791481270663,-1.157712719854134
2023-12-28 17:15:39.185076,-1.2770069021245283,102.39873069164261,123.25432042799272,-1.2770069021245283,-1.2770069021245283,-0.11019585875913668,-0.11019585875913668,-0.11019585875913668,-0.020867812411536388,-0.020867812411536388,-0.020867812411536388,-0.08932804634760029,-0.08932804634760029,-0.08932804634760029,0.0,0.0,0.0,112.45915690318921,0.0013427701696655167,-1.136286029903571
2023-12-29 17:15:39.185076,-1.2771567294872102,101.08370926750297,121.4432962769628,-1.2771567294872102,-1.2771567294872102,-0.06168327681104206,-0.06168327681104206,-0.06168327681104206,0.0011054477714682216,0.0011054477714682216,0.0011054477714682216,-0.06278872458251028,-0.06278872458251028,-0.06278872458251028,0.0,0.0,0.0,110.10164623401621,-0.04851432808785581,-1.1983775174111655
2023-12-30 17:15:39.185076,-1.277306556849892,100.36996592279945,121.43352648080106,-1.277306556849892,-1.277306556849892,-0.04794451337176228,-0.04794451337176228,-0.04794451337176228,-0.009946262067119337,-0.009946262067119337,-0.009946262067119337,-0.03799825130464295,-0.03799825130464295,-0.03799825130464295,0.0,0.0,0.0,110.20186732623417,-0.02606603821021609,-1.2160667155551628
2023-12-31 17:15:39.185076,-1.2774563842125741,99.9041349696966,120.69380274972026,-1.2774563842125741,-1.2774563842125741,-0.024069695310762133,-0.024069695310762133,-0.024069695310762133,-0.009035996848521183,-0.009035996848521183,-0.009035996848521183,-0.015033698462240952,-0.015033698462240952,-0.015033698462240952,0.0,0.0,0.0,107.34816071179536,-0.1309352670039276,-1.2467083982717897
2024-01-01 17:15:39.185076,-1.277606211575256,99.28170503861651,120.21751385213666,-1.277606211575256,-1.277606211575256,0.0004408706548732108,0.0004408706548732108,0.0004408706548732108,-0.005617552629506712,-0.005617552629506712,-0.005617552629506712,0.006058423284379923,0.006058423284379923,0.006058423284379923,0.0,0.0,0.0,108.81194913445725,-0.029964840564926768,-1.2781694706624234
2024-01-02 17:15:39.185076,-1.277756038937938,98.00446449646796,118.68318170907814,-1.277756038937938,-1.277756038937938,0.04542576623513154,0.04542576623513154,0.04542576623513154,0.020164489095838317,0.020164489095838317,0.020164489095838317,0.02526127713929322,0.02526127713929322,0.02526127713929322,0.0,0.0,0.0,107.47296508626698,-0.035918127462362545,-1.3357990860682607
2024-01-03 17:15:39.185076,-1.27790586630062,97.37098773269932,118.12292739656147,-1.27790586630062,-1.27790586630062,0.06678391382363467,0.06678391382363467,0.06678391382363467,0.024197687089210648,0.024197687089210648,0.024197687089210648,0.04258622673442402,0.04258622673442402,0.04258622673442402,0.0,0.0,0.0,110.07816245462517,0.11524242695545968,-1.3632494215503577
2024-01-04 17:15:39.185076,-1.278055693663302,98.25819910386068,119.29183731275455,-1.278055693663302,-1.278055693663302,0.037203025505621476,0.037203025505621476,0.037203025505621476,-0.020867812411531815,-0.020867812411531815,-0.020867812411531815,0.058070837917153284,0.058070837917153284,0.058070837917153284,0.0,0.0,0.0,113.98476238110078,0.26310476688294604,-1.3256032322322626
2024-01-05 17:15:39.185076,-1.278205521025984,97.54860482638918,117.59538890011169,-1.278205521025984,-1.278205521025984,0.07288187557648176,0.07288187557648176,0.07288187557648176,0.001105447771476033,0.001105447771476033,0.001105447771476033,0.07177642780500572,0.07177642780500572,0.07177642780500572,0.0,0.0,0.0,112.47756386673618,0.23729434881256836,-1.3713635367705717
2024-01-06 17:15:39.185076,-1.2783553483886658,97.07099656008879,117.21835062933745,-1.2783553483886658,-1.2783553483886658,0.07383897955803317,0.07383897955803317,0.07383897955803317,-0.009946262067133557,-0.009946262067133557,-0.009946262067133557,0.08378524162516673,0.08378524162516673,0.08378524162516673,0.0,0.0,0.0,111.28730304642242,0.18215797329994357,-1.372747802826239
2024-01-07 17:15:39.185076,-1.278505175751348,96.66583150970982,118.04611428441677,-1.278505175751348,-1.278505175751348,0.08516134698268983,0.08516134698268983,0.08516134698268983,-0.009035996848478542,-0.009035996848478542,-0.009035996848478542,0.09419734383116837,0.09419734383116837,0.09419734383116837,0.0,0.0,0.0,107.06173158713483,-0.0038606198939114197,-1.3873843986426733
2024-01-08 17:15:39.185076,-1.2758633738099014,97.2281731332314,118.1637422616177,-1.2758633738099014,-1.2758633738099014,0.0975097607582014,0.0975097607582014,0.0975097607582014,-0.0056175526294695065,-0.0056175526294695065,-0.0056175526294695065,0.10312731338767091,0.10312731338767091,0.10312731338767091,0.0,0.0,0.0,105.55828869856305,-0.06236489561285775,-1.4002725061502566
2024-01-09 17:15:39.185076,-1.2732215718684547,94.89141335287495,116.08789220681969,-1.2732215718684547,-1.2732215718684547,0.13086532301897436,0.13086532301897436,0.13086532301897436,0.020164489095904018,0.020164489095904018,0.020164489095904018,0.11070083392307033,0.11070083392307033,0.11070083392307033,0.0,0.0,0.0,104.60393900703784,-0.06811345992239225,-1.4398421241457462
2024-01-10 17:15:39.185076,-1.2705797699270083,95.78782975872105,116.15739537264031,-1.2705797699270083,-1.2705797699270083,0.14124895483714256,0.14124895483714256,0.14124895483714256,0.02419768708936563,0.02419768708936563,0.02419768708936563,0.11705126774777692,0.11705126774777692,0.11705126774777692,0.0,0.0,0.0,106.99290516280402,0.05553452918659053,-1.4500478344664152
2024-01-11 17:15:39.185076,-1.2679379679855618,97.20844743911655,117.84417591680688,-1.2679379679855618,-1.2679379679855618,0.1014484862491362,0.1014484862491362,0.1014484862491362,-0.020867812411483513,-0.020867812411483513,-0.020867812411483513,0.12231629866061973,0.12231629866061973,0.12231629866061973,0.0,0.0,0.0,110.93994356354001,0.18948383800479277,-1.3965683554955028
2024-01-12 17:15:39.185076,-1.2652961660441153,95.19210516627902,116.09068128326497,-1.2652961660441153,-1.2652961660441153,0.1277401699931468,0.1277401699931468,0.1277401699931468,0.001105447771483848,0.001105447771483848,0.001105447771483848,0.12663472222166294,0.12663472222166294,0.12663472222166294,0.0,0.0,0.0,108.816262571788,0.11899582974051763,-1.4269253133862676
2024-01-13 17:15:39.185076,-1.2626543641026686,96.21441240164928,117.13609340886805,-1.2626543641026686,-1.2626543641026686,0.12019719196223727,0.12019719196223727,0.12019719196223727,-0.009946262067085924,-0.009946262067085924,-0.009946262067085924,0.1301434540293232,0.1301434540293232,0.1301434540293232,0.0,0.0,0.0,108.18859886691821,0.07668719491303852,-1.4144218730866738
2024-01-14 17:15:39.185076,-1.2600125621612221,95.72683089068303,117.33106982026155,-1.2600125621612221,-1.2600125621612221,0.12393881995834614,0.12393881995834614,0.12393881995834614,-0.009035996848564428,-0.009035996848564428,-0.009035996848564428,0.13297481680691056,0.13297481680691056,0.13297481680691056,0.0,0.0,0.0,104.74828696777992,-0.08492405471228943,-1.4161770322481764
2024-01-15 17:15:39.185076,-1.2573707602197757,96.62351052278147,117.57735660699184,-1.2573707602197757,-1.2573707602197757,0.12963660350952322,0.12963660350952322,0.12963660350952322,-0.005617552629505992,-0.005617552629505992,-0.005617552629505992,0.13525415613902922,0.13525415613902922,0.13525415613902922,0.0,0.0,0.0,103.47367810982152,-0.14125503858288382,-1.4203720349268547
2024-01-16 17:15:39.185076,-1.2547289582783292,95.6151423642286,116.47154262063724,-1.2547289582783292,-1.2547289582783292,0.15726231195967985,0.15726231195967985,0.15726231195967985,0.02016448909590119,0.02016448909590119,0.02016448909590119,0.13709782286377864,0.13709782286377864,0.13709782286377864,0.0,0.0,0.0,102.81233509576234,-0.14098102620422084,-1.45205053513994
2024-01-17 17:15:39.185076,-1.2520871563368827,95.02330013942039,116.76852404751213,-1.2520871563368827,-1.2520871563368827,0.16280923491349714,0.16280923491349714,0.16280923491349714,0.024197687089306356,0.024197687089306356,0.024197687089306356,0.13861154782419077,0.13861154782419077,0.13861154782419077,0.0,0.0,0.0,107.01514090003796,0.0624810876790976,-1.4559385083051068
2024-01-18 17:15:39.185076,-1.249445354395436,96.70741879329665,117.34478557649035,-1.249445354395436,-1.249445354395436,0.11902140987734108,0.11902140987734108,0.11902140987734108,-0.020867812411478934,-0.020867812411478934,-0.020867812411478934,0.13988922228882003,0.13988922228882003,0.13988922228882003,0.0,0.0,0.0,111.06275344114489,0.19690332575677422,-1.3981561020402749
2024-01-19 17:15:39.185076,-1.2468035524539895,96.66378118482518,116.27389198299117,-1.2468035524539895,-1.2468035524539895,0.14211753302445662,0.14211753302445662,0.14211753302445662,0.0011054477714916577,0.0011054477714916577,0.0011054477714916577,0.14101208525296496,0.14101208525296496,0.14101208525296496,0.0,0.0,0.0,109.49534382903963,0.14831351865174944,-1.4239961974948792
2024-01-20 17:15:39.185076,-1.2441617505125429,96.55994436594341,116.68561847949387,-1.2441617505125429,-1.2441617505125429,0.1321020453077438,0.1321020453077438,0.1321020453077438,-0.009946262067122506,-0.009946262067122506,-0.009946262067122506,0.14204830737486632,0.14204830737486632,0.14204830737486632,0.0,0.0,0.0,108.11223683524156,0.0671572622118084,-1.4085180624489124
2024-01-21 17:15:39.185076,-1.2415199485710964,95.96368344432038,118.02143365430464,-1.2415199485710964,-1.2415199485710964,0.13401695396411364,0.13401695396411364,0.13401695396411364,-0.009035996848521783,-0.009035996848521783,-0.009035996848521783,0.14305295081263542,0.14305295081263542,0.14305295081263542,0.0,0.0,0.0,105.06941116391582,-0.07794753561233932,-1.4079046703642777
2024-01-22 17:15:39.185076,-1.23887814662965,96.68893336924904,116.21919355497815,-1.23887814662965,-1.23887814662965,0.13845072234988373,0.13845072234988373,0.13845072234988373,-0.005617552629581303,-0.005617552629581303,-0.005617552629581303,0.14406827497946503,0.14406827497946503,0.14406827497946503,0.0,0.0,0.0,102.05152964709791,-0.2187573944161973,-1.41040172093401
2024-01-23 17:15:39.185076,-1.2362363446882032,96.31870679623634,116.33274796864711,-1.2362363446882032,-1.2362363446882032,0.16528883955354703,0.16528883955354703,0.16528883955354703,0.02016448909589837,0.02016448909589837,0.02016448909589837,0.14512435045764865,0.14512435045764865,0.14512435045764865,0.0,0.0,0.0,102.90560881951376,-0.14802995634507787,-1.440572415515635
2024-01-24 17:15:39.185076,-1.2335945427467567,95.85583284202147,116.0966999159872,-1.2335945427467567,-1.2335945427467567,0.17043762426487954,0.17043762426487954,0.17043762426487954,0.024197687089346644,0.024197687089346644,0.024197687089346644,0.1462399371755329,0.1462399371755329,0.1462399371755329,0.0,0.0,0.0,107.59296700075191,0.07782665485607182,-1.4438454659186344
2024-01-25 17:15:39.185076,-1.23095274080531,97.28650009575993,117.29714371433272,-1.23095274080531,-1.23095274080531,0.12655576615516373,0.12655576615516373,0.12655576615516373,-0.020867812411516726,-0.020867812411516726,-0.020867812411516726,0.14742357856668045,0.14742357856668045,0.14742357856668045,0.0,0.0,0.0,111.17519819776342,0.19082367553655216,-1.3867369080187246
2024-01-26 17:15:39.185076,-1.2283109388638636,96.07953879406082,117.10978084208223,-1.2283109388638636,-1.2283109388638636,0.1497803086175834,0.1497803086175834,0.1497803086175834,0.001105447771511085,0.001105447771511085,0.001105447771511085,0.14867486084607234,0.14867486084607234,0.14867486084607234,0.0,0.0,0.0,109.20449042943093,0.12279360745234642,-1.4122877303652466
2024-01-27 17:15:39.185076,-1.2224471068176992,96.72150706447616,116.70995603657902,-1.2224471068176992,-1.2224471068176992,0.1400395236764562,0.1400395236764562,0.1400395236764562,-0.009946262067052514,-0.009946262067052514,-0.009946262067052514,0.1499857857435087,0.1499857857435087,0.1499857857435087,0.0,0.0,0.0,107.83527599823933,0.03912547431970572,-1.3936380173761118
2024-01-28 17:15:39.185076,-1.2165832747715346,96.68091468861387,118.29531133086263,-1.2165832747715346,-1.2165832747715346,0.14230620910564906,0.14230620910564906,0.14230620910564906,-0.009035996848479146,-0.009035996848479146,-0.009035996848479146,0.1513422059541282,0.1513422059541282,0.1513422059541282,0.0,0.0,0.0,104.98652099694509,-0.10007769394774169,-1.389710628665608
2024-01-29 17:15:39.185076,-1.2107194427253702,96.59456694118188,117.76839364392156,-1.2107194427253702,-1.2107194427253702,0.1471077224476507,0.1471077224476507,0.1471077224476507,-0.00561755262961779,-0.00561755262961779,-0.00561755262961779,0.1527252750772685,0.1527252750772685,0.1527252750772685,0.0,0.0,0.0,102.56515790983279,-0.2159433773363734,-1.3888256224677884
2024-01-30 17:15:39.185076,-1.2048556106792057,96.0153331583088,116.76305429169463,-1.2048556106792057,-1.2048556106792057,0.17427735683747037,0.17427735683747037,0.17427735683747037,0.020164489095895546,0.020164489095895546,0.020164489095895546,0.15411286774157482,0.15411286774157482,0.15411286774157482,0.0,0.0,0.0,101.85643769337509,-0.22358857625911208,-1.4148346618791736
2024-01-31 17:15:39.185076,-1.1989917786330413,96.3951495112645,117.32999908199645,-1.1989917786330413,-1.1989917786330413,0.17967861782088923,0.17967861782088923,0.17967861782088923,0.02419768708928737,0.02419768708928737,0.02419768708928737,0.15548093073160185,0.15548093073160185,0.15548093073160185,0.0,0.0,0.0,104.33568967897017,-0.10626868859066788,-1.4144249641964357
2024-02-01 17:15:39.185076,-1.1931279465868767,97.48492852423975,118.26764896335209,-1.1931279465868767,-1.1931279465868767,0.13593691959413934,0.13593691959413934,0.13593691959413934,-0.02086781241151215,-0.02086781241151215,-0.02086781241151215,0.15680473200565148,0.15680473200565148,0.15680473200565148,0.0,0.0,0.0,111.22854248886121,0.16193795509924316,-1.3553180843275776
2024-02-02 17:15:39.185076,-1.1872641145407123,96.17645180737075,117.42715561570937,-1.1872641145407123,-1.1872641145407123,0.15916542900237587,0.15916542900237587,0.15916542900237587,0.0011054477714613105,0.0011054477714613105,0.0011054477714613105,0.15805998123091458,0.15805998123091458,0.15805998123091458,0.0,0.0,0.0,110.30624262088234,0.13905912080329152,-1.3762355166707108
2024-02-03 17:15:39.185076,-1.1814002824945478,97.38969548025332,118.03587565519976,-1.1814002824945478,-1.1814002824945478,0.1492775405283638,0.1492775405283638,0.1492775405283638,-0.009946262067089096,-0.009946262067089096,-0.009946262067089096,0.1592238025954529,0.1592238025954529,0.1592238025954529,0.0,0.0,0.0,110.34762610179523,0.122545548240373,-1.357756811044848
2024-02-04 17:15:39.185076,-1.1755364504483832,97.73939913382043,118.7597457779452,-1.1755364504483832,-1.1755364504483832,0.15123955103362852,0.15123955103362852,0.15123955103362852,-0.009035996848565028,-0.009035996848565028,-0.009035996848565028,0.16027554788219353,0.16027554788219353,0.16027554788219353,0.0,0.0,0.0,106.74595194565387,-0.052916052936263384,-1.3533240554378618
2024-02-05 17:15:39.185076,-1.1696726184022188,97.59032786327936,118.00474267164512,-1.1696726184022188,-1.1696726184022188,0.15557989220825788,0.15557989220825788,0.15557989220825788,-0.005617552629506894,-0.005617552629506894,-0.005617552629506894,0.1611974448377648,0.1611974448377648,0.1611974448377648,0.0,0.0,0.0,104.76296574012284,-0.14875389351758128,-1.3516501582921867
2024-02-06 17:15:39.185076,-1.1638087863560542,96.6165808642975,117.89369758389014,-1.1638087863560542,-1.1638087863560542,0.18213957157041694,0.18213957157041694,0.18213957157041694,0.020164489095961247,0.020164489095961247,0.020164489095961247,0.1619750824744557,0.1619750824744557,0.1619750824744557,0.0,0.0,0.0,104.70172703635917,-0.12752760849518563,-1.3757844200928329
2024-02-07 17:15:39.185076,-1.15794495430989,96.8338118272957,117.78828330188577,-1.15794495430989,-1.15794495430989,0.18679542795256104,0.18679542795256104,0.18679542795256104,0.02419768708939257,0.02419768708939257,0.02419768708939257,0.16259774086316847,0.16259774086316847,0.16259774086316847,0.0,0.0,0.0,108.68926109216181,0.06028351062408636,-1.3742437775957146
2024-02-08 17:15:39.185076,-1.1520811222637257,98.57530883521937,118.88168592912736,-1.1520811222637257,-1.1520811222637257,0.1421907656156839,0.1421907656156839,0.1421907656156839,-0.020867812411507577,-0.020867812411507577,-0.020867812411507577,0.16305857802719148,0.16305857802719148,0.16305857802719148,0.0,0.0,0.0,112.2386963853183,0.17048438671555893,-1.3158964190897813
2024-02-09 17:15:39.185076,-1.1462172902175611,97.47398119368427,119.40300928210945,-1.1462172902175611,-1.1462172902175611,0.16446013832221945,0.16446013832221945,0.16446013832221945,0.001105447771480736,0.001105447771480736,0.001105447771480736,0.16335469055073873,0.16335469055073873,0.16335469055073873,0.0,0.0,0.0,110.51342897844067,0.10738638524430746,-1.3347243443140608
2024-02-10 17:15:39.185076,-1.1403534581713966,98.40800513941383,119.45233527013416,-1.1403534581713966,-1.1403534581713966,0.15354080531526504,0.15354080531526504,0.15354080531526504,-0.009946262067083569,-0.009946262067083569,-0.009946262067083569,0.1634870673823486,0.1634870673823486,0.1634870673823486,0.0,0.0,0.0,110.61370723928633,0.09286809385240154,-1.3154442464830802
2024-02-11 17:15:39.185076,-1.1344896261252322,98.01784380763645,119.20761333100307,-1.1344896261252322,-1.1344896261252322,0.1544244611136464,0.1544244611136464,0.1544244611136464,-0.009035996848522384,-0.009035996848522384,-0.009035996848522384,0.1634604579621688,0.1634604579621688,0.1634604579621688,0.0,0.0,0.0,108.23301219261697,-0.025943094835721235,-1.3096825752786434
2024-02-12 17:15:39.185076,-1.1286257940790676,98.74164711010773,119.22346048555968,-1.1286257940790676,-1.1286257940790676,0.15766562361056824,0.15766562361056824,0.15766562361056824,-0.005617552629543379,-0.005617552629543379,-0.005617552629543379,0.16328317624011163,0.16328317624011163,0.16328317624011163,0.0,0.0,0.0,105.32934870905655,-0.1669375462713988,-1.3065712837255166
2024-02-13 17:15:39.185076,-1.1227619620329032,97.8545122813974,118.69098730836737,-1.1227619620329032,-1.1227619620329032,0.18313135050554646,0.18313135050554646,0.18313135050554646,0.02016448909581954,0.02016448909581954,0.02016448909581954,0.1629668614097269,0.1629668614097269,0.1629668614097269,0.0,0.0,0.0,105.74617550401888,-0.12534054570245232,-1.328374876436246
2024-02-14 17:15:39.185076,-1.1168981299867384,98.7098457105831,118.6738695943218,-1.1168981299867384,-1.1168981299867384,0.18672390144530285,0.18672390144530285,0.18672390144530285,0.024197687089333293,0.024197687089333293,0.024197687089333293,0.16252621435596956,0.16252621435596956,0.16252621435596956,0.0,0.0,0.0,110.6513268163489,0.10465995429367779,-1.3254497063348252
2024-02-15 17:15:39.185076,-1.1078553187976745,98.531528970344,120.33487022553976,-1.1078553187976745,-1.1078553187976745,0.1411109136286406,0.1411109136286406,0.1411109136286406,-0.020867812411545367,-0.020867812411545367,-0.020867812411545367,0.16197872604018596,0.16197872604018596,0.16197872604018596,0.0,0.0,0.0,115.02858171123495,0.2512540609212942,-1.2641857950015631
2024-02-16 17:15:39.185076,-1.098812507608611,99.37353429153609,119.62169643319905,-1.098812507608611,-1.098812507608611,0.16244985826595765,0.16244985826595765,0.16244985826595765,0.0011054477714769351,0.0011054477714769351,0.0011054477714769351,0.1613444104944807,0.1613444104944807,0.1613444104944807,0.0,0.0,0.0,114.57330094345824,0.24276327914451132,-1.2773144437304915
2024-02-17 17:15:39.185076,-1.0897696964195471,99.32960524212189,119.9221873375023,-1.0897696964195471,-1.0897696964195471,0.15069928890839873,0.15069928890839873,0.15069928890839873,-0.009946262067078045,-0.009946262067078045,-0.009946262067078045,0.16064555097547678,0.16064555097547678,0.16064555097547678,0.0,0.0,0.0,111.73253063039971,0.08454943094473942,-1.2539972147438945
2024-02-18 17:15:39.185076,-1.0807268852304837,99.99551237712623,120.83371035979162,-1.0807268852304837,-1.0807268852304837,0.15087046652119293,0.15087046652119293,0.15087046652119293,-0.009035996848505498,-0.009035996848505498,-0.009035996848505498,0.1599064633696984,0.1599064633696984,0.1599064633696984,0.0,0.0,0.0,108.67044640918836,-0.07107704509632805,-1.2437766545872024
2024-02-19 17:15:39.185076,-1.0716840740414197,100.33266904953331,120.5396491641768,-1.0716840740414197,-1.0716840740414197,0.15353572375579225,0.15353572375579225,0.15353572375579225,-0.005617552629579864,-0.005617552629579864,-0.005617552629579864,0.15915327638537213,0.15915327638537213,0.15915327638537213,0.0,0.0,0.0,106.23424666274873,-0.19431304544834796,-1.236225863986925
2024-02-20 17:15:39.185076,-1.062641262852356,99.08792627700623,120.33154893159518,-1.062641262852356,-1.062641262852356,0.1785782127583473,0.1785782127583473,0.1785782127583473,0.020164489095885238,0.020164489095885238,0.020164489095885238,0.15841372366246206,0.15841372366246206,0.15841372366246206,0.0,0.0,0.0,108.22407170407162,-0.08364437714858593,-1.252405840375803
2024-02-21 17:15:39.185076,-1.0535984516632924,99.653867841618,120.42708437546992,-1.0535984516632924,-1.0535984516632924,0.18191462601155634,0.18191462601155634,0.18191462601155634,0.0241976870893238,0.0241976870893238,0.0241976870893238,0.1577169389222325,0.1577169389222325,0.1577169389222325,0.0,0.0,0.0,112.51202376391733,0.11283059225896415,-1.245263419963975
2024-02-22 17:15:39.185076,-1.0445556404742284,101.60855661653676,122.99850695328779,-1.0445556404742284,-1.0445556404742284,0.13622542947774535,0.13622542947774535,0.13622542947774535,-0.020867812411540794,-0.020867812411540794,-0.020867812411540794,0.15709324188928614,0.15709324188928614,0.15709324188928614,0.0,0.0,0.0,116.64582622828661,0.25071530648056073,-1.1868506812112316
2024-02-23 17:15:39.185076,-1.035512829285165,100.38560696065284,121.16902870697925,-1.035512829285165,-1.035512829285165,0.15767934792329968,0.15767934792329968,0.15767934792329968,0.0011054477714271625,0.0011054477714271625,0.0011054477714271625,0.15657390015187253,0.15657390015187253,0.15657390015187253,0.0,0.0,0.0,115.37004681909204,0.20207487097947482,-1.198791816973061
2024-02-24 17:15:39.185076,-1.026470018096101,101.19740903645439,122.58918441821834,-1.026470018096101,-1.026470018096101,0.14624458848513655,0.14624458848513655,0.14624458848513655,-0.009946262067072522,-0.009946262067072522,-0.009946262067072522,0.15619085055220908,0.15619085055220908,0.15619085055220908,0.0,0.0,0.0,112.855910030793,0.06048263485337485,-1.1765857034848959
2024-02-25 17:15:39.185076,-1.0174272069070376,101.30399422601376,121.5908335655934,-1.0174272069070376,-1.0174272069070376,0.14694036639032487,0.14694036639032487,0.14694036639032487,-0.009035996848462853,-0.009035996848462853,-0.009035996848462853,0.15597636323878772,0.15597636323878772,0.15597636323878772,0.0,0.0,0.0,109.92252007014952,-0.08846948444787989,-1.1669283334654426
2024-02-26 17:15:39.185076,-1.0083843957179737,102.29465596852202,122.34083495955198,-1.0083843957179737,-1.0083843957179737,0.150345079625685,0.150345079625685,0.150345079625685,-0.005617552629468968,-0.005617552629468968,-0.005617552629468968,0.15596263225515394,0.15596263225515394,0.15596263225515394,0.0,0.0,0.0,110.77531274689507,-0.05491213688122166,-1.1599900279854907
2024-02-27 17:15:39.185076,-0.9993415845289099,101.36192346860626,122.1112140097952,-0.9993415845289099,-0.9993415845289099,0.17634576760325169,0.17634576760325169,0.17634576760325169,0.020164489095813896,0.020164489095813896,0.020164489095813896,0.1561812785074378,0.1561812785074378,0.1561812785074378,0.0,0.0,0.0,110.27411209457995,-0.06313090042824407,-1.1755712433505103
2024-02-28 17:15:39.185076,-0.9902987733398464,101.27526336823655,122.49981188937815,-0.9902987733398464,-0.9902987733398464,0.18086044121623218,0.18086044121623218,0.18086044121623218,0.02419768708931431,0.02419768708931431,0.02419768708931431,0.15666275412691788,0.15666275412691788,0.15666275412691788,0.0,0.0,0.0,108.96935953007205,-0.13125488583438183,-1.1694046464219845
2024-02-29 17:15:39.185076,-0.9812559621507823,102.80660087418352,123.28492193411054,-0.9812559621507823,-0.9812559621507823,0.13656782912922502,0.13656782912922502,0.13656782912922502,-0.020867812411492492,-0.020867812411492492,-0.020867812411492492,0.1574356415407175,0.1574356415407175,0.1574356415407175,0.0,0.0,0.0,115.4666653250893,0.12313503230607716,-1.1152639587218236
2024-03-01 17:15:39.185076,-0.9722131509617187,102.14651004344921,123.36640730626215,-0.9722131509617187,-0.9722131509617187,0.15963129363034326,0.15963129363034326,0.15963129363034326,0.0011054477714349756,0.0011054477714349756,0.0011054477714349756,0.15852584585890828,0.15852584585890828,0.15852584585890828,0.0,0.0,0.0,115.17711744586674,0.1215304172978548,-1.12740879393417
2024-03-02 17:15:39.185076,-0.9631703397726551,102.5563555290726,122.6752642056606,-0.9631703397726551,-0.9631703397726551,0.15000942322689867,0.15000942322689867,0.15000942322689867,-0.009946262067109104,-0.009946262067109104,-0.009946262067109104,0.15995568529400778,0.15995568529400778,0.15995568529400778,0.0,0.0,0.0,115.42069768568622,0.11334322440498677,-1.1076549669112072
2024-03-03 17:15:39.185076,-0.9541275285835915,102.63048359143141,123.8494579955939,-0.9541275285835915,-0.9541275285835915,0.15270689418103614,0.15270689418103614,0.15270689418103614,-0.009035996848484475,-0.009035996848484475,-0.009035996848484475,0.1617428910295206,0.1617428910295206,0.1617428910295206,0.0,0.0,0.0,113.34655105489321,0.0070248566442886835,-1.0998293801262196
2024-03-04 17:15:39.185076,-0.9420481668839208,103.14844884557843,123.65862532913853,-0.9420481668839208,-0.9420481668839208,0.15828198235733162,0.15828198235733162,0.15828198235733162,-0.0056175526295054535,-0.0056175526295054535,-0.0056175526295054535,0.16389953498683707,0.16389953498683707,0.16389953498683707,0.0,0.0,0.0,112.97941196155668,-0.019081046422306038,-1.0911574182143982
2024-03-05 17:15:39.185076,-0.9299688051842494,102.47508333057509,123.47262867299749,-0.9299688051842494,-0.9299688051842494,0.18659540011000408,0.18659540011000408,0.18659540011000408,0.020164489095809236,0.020164489095809236,0.020164489095809236,0.16643091101419485,0.16643091101419485,0.16643091101419485,0.0,0.0,0.0,112.83357072223099,-0.013667164988706546,-1.1034967064774268
2024-03-06 17:15:39.185076,-0.9178894434845775,102.54801293021464,124.95469257266117,-0.9178894434845775,-0.9178894434845775,0.19353208892433113,0.19353208892433113,0.19353208892433113,0.02419768708930482,0.02419768708930482,0.02419768708930482,0.16933440183502632,0.16933440183502632,0.16933440183502632,0.0,0.0,0.0,113.14093376591995,-0.0070379467154239395,-1.0955305048837394
2024-03-07 17:15:39.185076,-0.9058100817849062,103.82721750788241,123.62024083453109,-0.9058100817849062,-0.9058100817849062,0.15173055791675796,0.15173055791675796,0.15173055791675796,-0.02086781241148792,-0.02086781241148792,-0.02086781241148792,0.1725983703282459,0.1725983703282459,0.1725983703282459,0.0,0.0,0.0,116.44497158105244,0.09757600648338045,-1.0432491508607542
2024-03-08 17:15:39.185076,-0.8937307200852354,103.93756574283992,125.26427671313868,-0.8937307200852354,-0.8937307200852354,0.17730656683615323,0.17730656683615323,0.17730656683615323,0.001105447771454401,0.001105447771454401,0.001105447771454401,0.17620111906469885,0.17620111906469885,0.17620111906469885,0.0,0.0,0.0,115.21025152647887,0.04789007172391556,-1.0521950457395515
2024-03-09 17:15:39.185076,-0.8816513583855635,104.21449820607282,124.70122971105096,-0.8816513583855635,-0.8816513583855635,0.17016370412592374,0.17016370412592374,0.17016370412592374,-0.009946262067061468,-0.009946262067061468,-0.009946262067061468,0.1801099661929852,0.1801099661929852,0.1801099661929852,0.0,0.0,0.0,116.27596229342605,0.0779777117577659,-1.0316764192761034
2024-03-10 17:15:39.185076,-0.8695719966858921,104.95655481091832,124.90789648598863,-0.8695719966858921,-0.8695719966858921,0.1752444916468974,0.1752444916468974,0.1752444916468974,-0.009035996848506096,-0.009035996848506096,-0.009035996848506096,0.1842804884954035,0.1842804884954035,0.1842804884954035,0.0,0.0,0.0,114.34322451738444,-0.023516858371168483,-1.021959699195489
2024-03-11 17:15:39.185076,-0.8574926349862207,104.68405576194516,125.29929317049495,-0.8574926349862207,-0.8574926349862207,0.1830384308543474,0.1830384308543474,0.1830384308543474,-0.005617552629507077,-0.005617552629507077,-0.005617552629507077,0.18865598348385448,0.18865598348385448,0.18865598348385448,0.0,0.0,0.0,113.21747270133191,-0.08448718773410749,-1.0144467413632583
2024-03-12 17:15:39.185076,-0.8454132732865495,104.4962608344331,125.2521332790885,-0.8454132732865495,-0.8454132732865495,0.21333169070034527,0.21333169070034527,0.21333169070034527,0.020164489095806412,0.020164489095806412,0.020164489095806412,0.19316720160453887,0.19316720160453887,0.19316720160453887,0.0,0.0,0.0,114.2348646649114,-0.024855409679858734,-1.025766716217282
2024-03-13 17:15:39.185076,-0.8333339115868781,104.7367473725829,124.63410585044028,-0.8333339115868781,-0.8333339115868781,0.22193008392692307,0.22193008392692307,0.22193008392692307,0.024197687089245544,0.024197687089245544,0.024197687089245544,0.19773239683767752,0.19773239683767752,0.19773239683767752,0.0,0.0,0.0,115.2546979807402,0.01608138370873062,-1.0182757765245052
2024-03-14 17:15:39.185076,-0.8212545498872067,105.85938259419089,125.99638502958611,-0.8212545498872067,-0.8212545498872067,0.18138992675217114,0.18138992675217114,0.18138992675217114,-0.020867812411504524,-0.020867812411504524,-0.020867812411504524,0.20225773916367565,0.20225773916367565,0.20225773916367565,0.0,0.0,0.0,119.71157851241466,0.1796665750674211,-0.9702218525361345
2024-03-15 17:15:39.185076,-0.8091751881875348,105.52767404472333,126.07983517461699,-0.8091751881875348,-0.8091751881875348,0.20774357328897428,0.20774357328897428,0.20774357328897428,0.0011054477714738248,0.0011054477714738248,0.0011054477714738248,0.20663812551750044,0.20663812551750044,0.20663812551750044,0.0,0.0,0.0,117.44722246118322,0.07919580359790365,-0.9772761331983915
2024-03-16 17:15:39.185076,-0.797095826487864,105.43672850024919,126.612230466894,-0.797095826487864,-0.797095826487864,0.20081215499644575,0.20081215499644575,0.20081215499644575,-0.00994626206707569,-0.00994626206707569,-0.00994626206707569,0.21075841706352144,0.21075841706352144,0.21075841706352144,0.0,0.0,0.0,117.5940522135715,0.06605437483424602,-0.9571623571435649
2024-03-17 17:15:39.185076,-0.7850164647881926,106.0951362972861,126.51955846761774,-0.7850164647881926,-0.7850164647881926,0.20545912318104906,0.20545912318104906,0.20545912318104906,-0.009035996848527718,-0.009035996848527718,-0.009035996848527718,0.21449512002957677,0.21449512002957677,0.21449512002957677,0.0,0.0,0.0,115.1814890968648,-0.05936552539834314,-0.9463052593262615
2024-03-18 17:15:39.185076,-0.7729371030885207,105.93885191688821,126.97909501416763,-0.7729371030885207,-0.7729371030885207,0.2121009625538004,0.2121009625538004,0.2121009625538004,-0.005617552629543562,-0.005617552629543562,-0.005617552629543562,0.21771851518334395,0.21771851518334395,0.21771851518334395,0.0,0.0,0.0,115.61141582258416,-0.048377507829010874,-0.936877806647142
2024-03-19 17:15:39.185076,-0.76085774138885,107.16520405594044,127.2477397873865,-0.76085774138885,-0.76085774138885,0.24045971668348634,0.24045971668348634,0.24045971668348634,0.020164489095872113,0.020164489095872113,0.020164489095872113,0.22029522758761425,0.22029522758761425,0.22029522758761425,0.0,0.0,0.0,116.22010719490655,-0.012537660477095978,-0.9438133783196502
2024-03-20 17:15:39.185076,-0.7487783796891786,106.99688137296764,127.22716601726097,-0.7487783796891786,-0.7487783796891786,0.24628890098863643,0.24628890098863643,0.24628890098863643,0.024197687089285835,0.024197687089285835,0.024197687089285835,0.22209121389935058,0.22209121389935058,0.22209121389935058,0.0,0.0,0.0,118.43169015957517,0.081862218166427,-0.9331941839068784
2024-03-21 17:15:39.185076,-0.7366990179895068,107.21691493896121,127.79599146109084,-0.7366990179895068,-0.7366990179895068,0.2021073171563002,0.2021073171563002,0.2021073171563002,-0.02086781241152113,-0.02086781241152113,-0.02086781241152113,0.22297512956782134,0.22297512956782134,0.22297512956782134,0.0,0.0,0.0,122.39295052223046,0.2223634451987718,-0.8855912800670469
2024-03-22 17:15:39.185076,-0.7246196562898354,107.39442663300046,128.22571351233609,-0.7246196562898354,-0.7246196562898354,0.22392747106190686,0.22392747106190686,0.22392747106190686,0.0011054477714700257,0.0011054477714700257,0.0011054477714700257,0.22282202329043682,0.22282202329043682,0.22282202329043682,0.0,0.0,0.0,123.15601877078655,0.25988907369878456,-0.8868819034045663
2024-03-23 17:15:39.185076,-0.7104327607118637,107.68856543649048,128.50168828105453,-0.7104327607118637,-0.7104327607118637,0.2115710293945493,0.2115710293945493,0.2115710293945493,-0.009946262067070166,-0.009946262067070166,-0.009946262067070166,0.22151729146161947,0.22151729146161947,0.22151729146161947,0.0,0.0,0.0,119.70057101910568,0.06966177268977326,-0.8607397512112841
2024-03-24 17:15:39.185076,-0.6962458651338915,108.41250846492835,128.94579685849902,-0.6962458651338915,-0.6962458651338915,0.20992481474520014,0.20992481474520014,0.20992481474520014,-0.009035996848485077,-0.009035996848485077,-0.009035996848485077,0.21896081159368522,0.21896081159368522,0.21896081159368522,0.0,0.0,0.0,117.41079306478917,-0.05740506396529688,-0.8424051493892354
2024-03-25 17:15:39.185076,-0.6820589695559193,109.08792605153552,129.77427006012832,-0.6820589695559193,-0.6820589695559193,0.2094536086391751,0.2094536086391751,0.2094536086391751,-0.005617552629506357,-0.005617552629506357,-0.005617552629506357,0.21507116126868145,0.21507116126868145,0.21507116126868145,0.0,0.0,0.0,117.63883438799496,-0.06406277709133465,-0.8249186820341239
2024-03-26 17:15:39.185076,-0.667872073977947,109.0477040570504,128.8977157442993,-0.667872073977947,-0.667872073977947,0.22995430767476352,0.22995430767476352,0.22995430767476352,0.020164489095937807,0.020164489095937807,0.020164489095937807,0.2097898185788257,0.2097898185788257,0.2097898185788257,0.0,0.0,0.0,118.50739655843054,-0.026284842646150105,-0.8214521343648542
2024-03-27 17:15:39.185076,-0.6536851783999754,109.48620870654338,129.82225554088313,-0.6536851783999754,-0.6536851783999754,0.22728291874312748,0.22728291874312748,0.22728291874312748,0.02419768708934125,0.02419768708934125,0.02419768708934125,0.20308523165378622,0.20308523165378622,0.20308523165378622,0.0,0.0,0.0,120.78987964083396,0.06290550773345396,-0.8022566536858439
2024-03-28 17:15:39.185076,-0.6394982828220032,111.05787125928086,131.41962764112267,-0.6394982828220032,-0.6394982828220032,0.17408882674568782,0.17408882674568782,0.17408882674568782,-0.020867812411494015,-0.020867812411494015,-0.020867812411494015,0.19495663915718184,0.19495663915718184,0.19495663915718184,0.0,0.0,0.0,123.58958217040977,0.14442311996816562,-0.7508277885843677
2024-03-29 17:15:39.185076,-0.625311387244031,110.38185520537387,130.84712343214778,-0.625311387244031,-0.625311387244031,0.18654296865646722,0.18654296865646722,0.18654296865646722,0.0011054477714894494,0.0011054477714894494,0.0011054477714894494,0.18543752088497778,0.18543752088497778,0.18543752088497778,0.0,0.0,0.0,120.07908276502982,-0.03114516663090069,-0.7419588297552263
2024-03-30 17:15:39.185076,-0.6111244916660593,110.92619155110421,132.11085023762394,-0.6111244916660593,-0.6111244916660593,0.16465229601377315,0.16465229601377315,0.16465229601377315,-0.009946262067106748,-0.009946262067106748,-0.009946262067106748,0.1745985580808799,0.1745985580808799,0.1745985580808799,0.0,0.0,0.0,121.30526927116281,-0.003129847859579195,-0.7117475423691259
2024-03-31 17:15:39.185076,-0.5969375960880872,111.48739917773975,132.79123852585099,-0.5969375960880872,-0.5969375960880872,0.15351399012105604,0.15351399012105604,0.15351399012105604,-0.009035996848570958,-0.009035996848570958,-0.009035996848570958,0.162549986969627,0.162549986969627,0.162549986969627,0.0,0.0,0.0,120.4994336988589,-0.06456737320079747,-0.6885758683168407
2024-04-01 17:15:39.185076,-0.5827507005101149,111.87007632900952,131.57640722620874,-0.5827507005101149,-0.5827507005101149,0.14382568375379753,0.14382568375379753,0.14382568375379753,-0.00561755262958167,-0.00561755262958167,-0.00561755262958167,0.1494432363833792,0.1494432363833792,0.1494432363833792,0.0,0.0,0.0,117.42512612239685,-0.23256437632044247,-0.6665652184689866
2024-04-02 17:15:39.185076,-0.5685638049321426,111.48504002673768,132.23990936487394,-0.5685638049321426,-0.5685638049321426,0.15563624030282877,0.15563624030282877,0.15563624030282877,0.020164489095866465,0.020164489095866465,0.020164489095866465,0.1354717512069623,0.1354717512069623,0.1354717512069623,0.0,0.0,0.0,119.67490613644401,-0.13524376142978484,-0.6570529379040523
2024-04-03 17:15:39.185076,-0.554376909354171,112.32801504970226,133.61003729561332,-0.554376909354171,-0.554376909354171,0.14506860466399205,0.14506860466399205,0.14506860466399205,0.02419768708933176,0.02419768708933176,0.02419768708933176,0.12087091757466029,0.12087091757466029,0.12087091757466029,0.0,0.0,0.0,123.62052226817823,0.029864144741645313,-0.634799594052117
2024-04-04 17:15:39.185076,-0.5401900137761988,114.23952066117133,134.07742983405967,-0.5401900137761988,-0.5401900137761988,0.08504921068803487,0.08504921068803487,0.08504921068803487,-0.020867812411489443,-0.020867812411489443,-0.020867812411489443,0.1059170230995243,0.1059170230995243,0.1059170230995243,0.0,0.0,0.0,127.29332525178766,0.1556037628252232,-0.5861327480694233
2024-04-05 17:15:39.185076,-0.5260031181982266,113.85352595074104,134.49267822755073,-0.5260031181982266,-0.5260031181982266,0.09203065335638796,0.09203065335638796,0.09203065335638796,0.0011054477714972626,0.0011054477714972626,0.0011054477714972626,0.0909252055848907,0.0909252055848907,0.0909252055848907,0.0,0.0,0.0,124.46469680264372,0.009562492071694075,-0.5744115288335068
2024-04-06 17:15:39.185076,-0.5118162226202538,114.42399237976281,134.50047369544222,-0.5118162226202538,-0.5118162226202538,0.06630010418116403,0.06630010418116403,0.06630010418116403,-0.00994626206714333,-0.00994626206714333,-0.00994626206714333,0.07624636624830736,0.07624636624830736,0.07624636624830736,0.0,0.0,0.0,126.75066818628433,0.08945213102550549,-0.5457496915015865
2024-04-07 17:15:39.185076,-0.49762932704228274,114.49620710159027,135.1209283431924,-0.49762932704228274,-0.49762932704228274,0.053227051124948035,0.053227051124948035,0.053227051124948035,-0.009035996848489809,-0.009035996848489809,-0.009035996848489809,0.06226304797343784,0.06226304797343784,0.06226304797343784,0.0,0.0,0.0,123.95687699226967,-0.06484666387369004,-0.5241166686740357
2024-04-08 17:15:39.185076,-0.48344243146431054,115.10662856549847,136.0136825111829,-0.48344243146431054,-0.48344243146431054,0.04376675230172087,0.04376675230172087,0.04376675230172087,-0.005617552629544465,-0.005617552629544465,-0.005617552629544465,0.04938430493126533,0.04938430493126533,0.04938430493126533,0.0,0.0,0.0,120.02389964523397,-0.27112328151579357,-0.5046011366143507
2024-04-09 17:15:39.185076,-0.4692555358863377,115.83207303550903,136.1542664104393,-0.4692555358863377,-0.4692555358863377,0.05820410553145575,0.05820410553145575,0.05820410553145575,0.020164489095932166,0.020164489095932166,0.020164489095932166,0.03803961643552359,0.03803961643552359,0.03803961643552359,0.0,0.0,0.0,123.669519072096,-0.10604065590869562,-0.4965681346182859
2024-04-10 17:15:39.185076,-0.4550686403083661,116.08076077222785,137.3346392897852,-0.4550686403083661,-0.4550686403083661,0.052869611529590035,0.052869611529590035,0.052869611529590035,0.024197687089272484,0.024197687089272484,0.024197687089272484,0.028671924440317555,0.028671924440317555,0.028671924440317555,0.0,0.0,0.0,124.42980402720572,-0.08737801010048504,-0.4791279425407682
2024-04-11 17:15:39.185076,-0.43989986541627185,116.85675489484274,137.00381153468246,-0.43989986541627185,-0.43989986541627185,0.000862087530802717,0.000862087530802717,0.000862087530802717,-0.02086781241150605,-0.02086781241150605,-0.02086781241150605,0.021729899942308766,0.021729899942308766,0.021729899942308766,0.0,0.0,0.0,130.8639812857432,0.17930603356277497,-0.440279097605049
2024-04-12 17:15:39.185076,-0.42473109052417646,116.67621583646034,137.9188523455489,-0.42473109052417646,-0.42473109052417646,0.018765015769367836,0.018765015769367836,0.018765015769367836,0.00110544777144749,0.00110544777144749,0.00110544777144749,0.017659567997920348,0.017659567997920348,0.017659567997920348,0.0,0.0,0.0,130.4611351793428,0.15259859022850292,-0.4327011761356034
2024-04-13 17:15:39.185076,-0.40956231563208106,117.02287610469169,137.4101865324591,-0.40956231563208106,-0.40956231563208106,0.006949181332561219,0.006949181332561219,0.006949181332561219,-0.009946262067095698,-0.009946262067095698,-0.009946262067095698,0.016895443399656915,0.016895443399656915,0.016895443399656915,0.0,0.0,0.0,128.75484371893367,0.05128101628664249,-0.4124084384303921
2024-04-14 17:15:39.185076,-0.3943935407399869,117.51453880623596,138.68736025160646,-0.3943935407399869,-0.3943935407399869,0.010815351752329838,0.010815351752329838,0.010815351752329838,-0.009035996848575693,-0.009035996848575693,-0.009035996848575693,0.01985134860090553,0.01985134860090553,0.01985134860090553,0.0,0.0,0.0,125.98127848875097,-0.09417369990800403,-0.3986590456119367
2024-04-15 17:15:39.185076,-0.3792247658478915,118.64844126135947,138.70691556164653,-0.3792247658478915,-0.3792247658478915,0.021293548984182724,0.021293548984182724,0.021293548984182724,-0.005617552629580948,-0.005617552629580948,-0.005617552629580948,0.02691110161376367,0.02691110161376367,0.02691110161376367,0.0,0.0,0.0,122.0151158948766,-0.2938698564233833,-0.3872998069754888
2024-04-16 17:15:39.185076,-0.3640559909557961,118.00611759977622,138.40016470457758,-0.3640559909557961,-0.3640559909557961,0.05858376286131325,0.05858376286131325,0.05858376286131325,0.02016448909592934,0.02016448909592934,0.02016448909592934,0.038419273765383906,0.038419273765383906,0.038419273765383906,0.0,0.0,0.0,126.3579406413,-0.08956283224724165,-0.38538376079819087
2024-04-17 17:15:39.185076,-0.3488872160637007,117.75844361654305,139.14249013816385,-0.3488872160637007,-0.3488872160637007,0.07886991201967276,0.07886991201967276,0.07886991201967276,0.02419768708921321,0.02419768708921321,0.02419768708921321,0.054672224930459555,0.054672224930459555,0.054672224930459555,0.0,0.0,0.0,128.53205747598489,0.0046972860979534094,-0.37640392009943335
2024-04-18 17:15:39.185076,-0.3337184411716065,118.92057238594913,139.33858344222256,-0.3337184411716065,-0.3337184411716065,0.0550418143699355,0.0550418143699355,0.0550418143699355,-0.02086781241150147,-0.02086781241150147,-0.02086781241150147,0.07590962678143698,0.07590962678143698,0.07590962678143698,0.0,0.0,0.0,133.92325215663917,0.2363861669493668,-0.3520869096623983
2024-04-19 17:15:39.185076,-0.3185496662795111,117.66838116676495,139.44783642122567,-0.3185496662795111,-0.3185496662795111,0.10341213024849312,0.10341213024849312,0.10341213024849312,0.0011054477714553014,0.0011054477714553014,0.0011054477714553014,0.10230668247703781,0.10230668247703781,0.10230668247703781,0.0,0.0,0.0,132.65083425006668,0.17536887596047693,-0.35149156585942193
2024-04-20 17:15:39.185076,-0.3033808913874157,119.16408238319019,139.29604298579275,-0.3033808913874157,-0.3033808913874157,0.12402098183931694,0.12402098183931694,0.12402098183931694,-0.00994626206713228,-0.00994626206713228,-0.00994626206713228,0.1339672439064492,0.1339672439064492,0.1339672439064492,0.0,0.0,0.0,130.34237723810622,0.05526457025955588,-0.3410064874085702
2024-04-21 17:15:39.185076,-0.2882121164953203,118.27216999415015,139.60388590579873,-0.2882121164953203,-0.2882121164953203,0.16188201829231522,0.16188201829231522,0.16188201829231522,-0.00903599684853305,-0.00903599684853305,-0.00903599684853305,0.17091801514084826,0.17091801514084826,0.17091801514084826,0.0,0.0,0.0,128.11302949448537,-0.056736091638846,-0.33486847560988264
2024-04-22 17:15:39.185076,-0.27304334160322613,119.01198009940003,139.7645149877621,-0.27304334160322613,-0.27304334160322613,0.20748646062282336,0.20748646062282336,0.20748646062282336,-0.005617552629543746,-0.005617552629543746,-0.005617552629543746,0.2131040132523671,0.2131040132523671,0.2131040132523671,0.0,0.0,0.0,127.34119300193163,-0.09855980247966524,-0.329696138149108
2024-04-23 17:15:39.185076,-0.25787456671113074,119.46363485922474,139.1351098226596,-0.25787456671113074,-0.25787456671113074,0.2805499245167193,0.2805499245167193,0.2805499245167193,0.020164489095856157,0.020164489095856157,0.020164489095856157,0.2603854354208631,0.2603854354208631,0.2603854354208631,0.0,0.0,0.0,127.9764531455632,-0.06786876520760153,-0.33022125693672016
2024-04-24 17:15:39.185076,-0.24270579181903532,119.7461759702724,139.83055638631424,-0.24270579181903532,-0.24270579181903532,0.33673374177399246,0.33673374177399246,0.33673374177399246,0.02419768708941797,0.02419768708941797,0.02419768708941797,0.3125360546845745,0.3125360546845745,0.3125360546845745,0.0,0.0,0.0,131.79348407100358,0.10759826106853165,-0.3244330212484787
2024-04-25 17:15:39.185076,-0.22753701692694112,120.4437332489906,140.1944408344507,-0.22753701692694112,-0.22753701692694112,0.34837542390330345,0.34837542390330345,0.34837542390330345,-0.02086781241153926,-0.02086781241153926,-0.02086781241153926,0.3692432363148427,0.3692432363148427,0.3692432363148427,0.0,0.0,0.0,135.0144506850512,0.24292115548446153,-0.30680532165255736
2024-04-26 17:15:39.185076,-0.21236824203484572,119.38020909153482,140.32008498296884,-0.21236824203484572,-0.21236824203484572,0.43121508105026557,0.43121508105026557,0.43121508105026557,0.0011054477714747268,0.0011054477714747268,0.0011054477714747268,0.4301096332787908,0.4301096332787908,0.4301096332787908,0.0,0.0,0.0,131.90720308073526,0.09250992345146247,-0.3039446307364041
2024-04-27 17:15:39.185076,-0.19719946714275033,120.15222110800526,141.21520648339086,-0.19719946714275033,-0.19719946714275033,0.48471032125744895,0.48471032125744895,0.48471032125744895,-0.009946262067126756,-0.009946262067126756,-0.009946262067126756,0.49465658332457574,0.49465658332457574,0.49465658332457574,0.0,0.0,0.0,129.95247499240045,-0.011472703542297838,-0.2927840842133106
2024-04-28 17:15:39.185076,-0.18203069225065494,119.64129237368635,141.41637189778163,-0.18203069225065494,-0.18203069225065494,0.5532931958686967,0.5532931958686967,0.5532931958686967,-0.009035996848516165,-0.009035996848516165,-0.009035996848516165,0.5623291927172128,0.5623291927172128,0.5623291927172128,0.0,0.0,0.0,129.24143758909648,-0.05527402414906773,-0.28274703571221105
2024-04-29 17:15:39.185076,-0.16686191716765603,120.45595947278757,142.12715022977852,-0.16686191716765603,-0.16686191716765603,0.6268855008201802,0.6268855008201802,0.6268855008201802,-0.00561755262958023,-0.00561755262958023,-0.00561755262958023,0.6325030534497604,0.6325030534497604,0.6325030534497604,0.0,0.0,0.0,123.60926249926254,-0.3340048962258629,-0.2714652336791175
2024-04-30 17:15:39.185076,-0.15169314208465592,120.83442739900951,141.18765523836387,-0.15169314208465592,-0.15169314208465592,0.7246569918796827,0.7246569918796827,0.7246569918796827,0.020164489095853333,0.020164489095853333,0.020164489095853333,0.7044925027838294,0.7044925027838294,0.7044925027838294,0.0,0.0,0.0,123.06047553140117,-0.3699111511324435,-0.2616186381165
2024-05-01 17:15:39.185076,-0.136524367001657,120.76028148229327,141.06309995406022,-0.136524367001657,-0.136524367001657,0.8017579842674967,0.8017579842674967,0.8017579842674967,0.024197687089408476,0.024197687089408476,0.024197687089408476,0.7775602971780882,0.7775602971780882,0.7775602971780882,0.0,0.0,0.0,130.16741969563574,-0.048066070408692256,-0.24598386829230143
2024-05-02 17:15:39.185076,-0.1213555919186569,121.08654296347042,142.1305778280695,-0.1213555919186569,-0.1213555919186569,0.830060725546979,0.830060725546979,0.830060725546979,-0.020867812411534688,-0.020867812411534688,-0.020867812411534688,0.8509285379585136,0.8509285379585136,0.8509285379585136,0.0,0.0,0.0,132.7469473804262,0.05052943404276,-0.22208810259584033
2024-05-03 17:15:39.185076,-0.10618681683565914,121.275071439031,142.54275860654693,-0.10618681683565914,-0.10618681683565914,0.9248961021594191,0.9248961021594191,0.9248961021594191,0.00110544777148254,0.00110544777148254,0.00110544777148254,0.9237906543879365,0.9237906543879365,0.9237906543879365,0.0,0.0,0.0,131.68128597535124,-0.01776400122831223,-0.20439858982767647
2024-05-04 17:15:39.185076,-0.09101804175265904,122.13751959366331,143.00026859957435,-0.09101804175265904,-0.09101804175265904,0.9853779598633565,0.9853779598633565,0.9853779598633565,-0.009946262067098866,-0.009946262067098866,-0.009946262067098866,0.9953242219304554,0.9953242219304554,0.9953242219304554,0.0,0.0,0.0,133.40470442414792,0.04038075019185252,-0.180705214045652
2024-05-05 17:15:39.185076,-0.07584926666966012,122.86649860321486,143.33751203423,-0.07584926666966012,-0.07584926666966012,1.0556683733802852,1.0556683733802852,1.0556683733802852,-0.009035996848537784,-0.009035996848537784,-0.009035996848537784,1.064704370228823,1.064704370228823,1.064704370228823,0.0,0.0,0.0,132.4512369530454,-0.029679814464996644,-0.1559209386369077
2024-05-06 17:15:39.185076,-0.060680491586660015,123.01364793143702,143.42488929144434,-0.060680491586660015,-0.060680491586660015,1.125499964673581,1.125499964673581,1.125499964673581,-0.005617552629469335,-0.005617552629469335,-0.005617552629469335,1.1311175173030503,1.1311175173030503,1.1311175173030503,0.0,0.0,0.0,126.66409316529041,-0.33143227310787643,-0.1289763827238214
2024-05-07 17:15:39.185076,-0.045511716503662265,124.2966026181102,144.755032753604,-0.045511716503662265,-0.045511716503662265,1.2139396433273082,1.2139396433273082,1.2139396433273082,0.020164489095919037,0.020164489095919037,0.020164489095919037,1.1937751542313892,1.1937751542313892,1.1937751542313892,0.0,0.0,0.0,127.08167973019233,-0.3398189761882546,-0.1007601934033316
2024-05-08 17:15:39.185076,-0.030342941420662163,124.8556927212732,145.39967250314214,-0.030342941420662163,-0.030342941420662163,1.2761250856203303,1.2761250856203303,1.2761250856203303,0.024197687089349208,0.024197687089349208,0.024197687089349208,1.2519273985309813,1.2519273985309813,1.2519273985309813,0.0,0.0,0.0,133.95756421935988,-0.04500707237774719,-0.06906433013907734
2024-05-09 17:15:39.185076,-0.015174166337663237,125.3380960307239,145.81516016753767,-0.015174166337663237,-0.015174166337663237,1.2840082224147384,1.2840082224147384,1.2840082224147384,-0.02086781241148639,-0.02086781241148639,-0.02086781241148639,1.3048760348262247,1.3048760348262247,1.3048760348262247,0.0,0.0,0.0,136.11655429233676,0.023108168868471092,-0.03465792068351177
2024-05-10 17:15:39.185076,-5.391254664310633e-06,125.39369202768637,146.96419612755994,-5.391254664310633e-06,-5.391254664310633e-06,1.3530922160662657,1.3530922160662657,1.3530922160662657,0.0011054477715019637,0.0011054477715019637,0.0011054477715019637,1.3519867682947637,1.3519867682947637,1.3519867682947637,0.0,0.0,0.0,135.3951498388637,-0.045793626816243806,-1.2686119385420297e-05
2024-05-11 17:15:39.185076,0.01516338382833579,127.07617936375651,146.81456261432737,0.01516338382833579,0.01516338382833579,1.3827541676685509,1.3827541676685509,1.3827541676685509,-0.009946262067093346,-0.009946262067093346,-0.009946262067093346,1.3927004297356442,1.3927004297356442,1.3927004297356442,0.0,0.0,0.0,138.1267077193803,0.04777363637697315,0.036130616012925006
2024-05-12 17:15:39.185076,0.030332158911334714,127.56378514142892,148.65163245177055,0.030332158911334714,0.030332158911334714,1.4175068938240116,1.4175068938240116,1.4175068938240116,-0.009035996848559406,-0.009035996848559406,-0.009035996848559406,1.426542890672571,1.426542890672571,1.426542890672571,0.0,0.0,0.0,136.77669142346252,-0.05353072972546707,0.0733282032727171
2024-05-13 17:15:39.185076,0.045500933994334816,128.62490684359014,149.04925173533107,0.045500933994334816,0.045500933994334816,1.447515919672236,1.447515919672236,1.447515919672236,-0.005617552629505817,-0.005617552629505817,-0.005617552629505817,1.4531334723017417,1.4531334723017417,1.4531334723017417,0.0,0.0,0.0,131.36690379071575,-0.3484555816671775,0.11136426031109009
2024-05-14 17:15:39.185076,0.060669709077332566,129.50175993900808,149.2466620625145,0.060669709077332566,0.060669709077332566,1.4923561518738702,1.4923561518738702,1.4923561518738702,0.020164489095916213,0.020164489095916213,0.020164489095916213,1.472191662777954,1.472191662777954,1.472191662777954,0.0,0.0,0.0,132.30516624422387,-0.34374757915495546,0.1512105226512878
2024-05-15 17:15:39.185076,0.07583848416033266,129.7975954420628,151.20249201798063,0.07583848416033266,0.07583848416033266,1.5077396797023306,1.5077396797023306,1.5077396797023306,0.024197687089289932,0.024197687089289932,0.024197687089289932,1.4835419926130406,1.4835419926130406,1.4835419926130406,0.0,0.0,0.0,138.47556310057382,-0.0897132015010777,0.1901831759773429
2024-05-16 17:15:39.185076,0.0910072592433316,131.0369848025275,151.48972459454646,0.0910072592433316,0.0910072592433316,1.4662491446360273,1.4662491446360273,1.4662491446360273,-0.020867812411502998,-0.020867812411502998,-0.020867812411502998,1.4871169570475304,1.4871169570475304,1.4871169570475304,0.0,0.0,0.0,143.69260059641144,0.12375927467543582,0.2244465752645357
2024-05-17 17:15:39.185076,0.1061760343263317,132.10355697590282,152.5240201902727,0.1061760343263317,0.1061760343263317,1.4840633640043308,1.4840633640043308,1.4840633640043308,0.0011054477714981647,0.0011054477714981647,0.0011054477714981647,1.4829579162328326,1.4829579162328326,1.4829579162328326,0.0,0.0,0.0,143.14318603507837,0.058368391731260856,0.2637479970053068
2024-05-18 17:15:39.185076,0.12134480939926218,132.12519447283702,151.9661790759003,0.12134480939926218,0.12134480939926218,1.4612676858822853,1.4612676858822853,1.4612676858822853,-0.009946262067087819,-0.009946262067087819,-0.009946262067087819,1.471213947949373,1.471213947949373,1.471213947949373,0.0,0.0,0.0,141.86315453067303,-0.03732915544430335,0.29866205822394903
2024-05-19 17:15:39.185076,0.13651358447219383,133.0984611374661,153.45735842807045,0.13651358447219383,0.13651358447219383,1.4431026754866176,1.4431026754866176,1.4431026754866176,-0.009035996848516763,-0.009035996848516763,-0.009035996848516763,1.4521386723351344,1.4521386723351344,1.4521386723351344,0.0,0.0,0.0,141.9634913551002,-0.06741921329945288,0.3335167034642851
2024-05-20 17:15:39.185076,0.15168235954512668,133.22158020464354,154.01875557292834,0.15168235954512668,0.15168235954512668,1.4204675600168164,1.4204675600168164,1.4204675600168164,-0.005617552629581132,-0.005617552629581132,-0.005617552629581132,1.4260851126463976,1.4260851126463976,1.4260851126463976,0.0,0.0,0.0,136.2959208646434,-0.37017459408826026,0.3671422307057862
2024-05-21 17:15:39.185076,0.16685113461805717,133.88301199382448,154.69019555028973,0.16685113461805717,0.16685113461805717,1.4136631884293958,1.4136631884293958,1.4136631884293958,0.020164489095843032,0.020164489095843032,0.020164489095843032,1.3934986993335527,1.3934986993335527,1.3934986993335527,0.0,0.0,0.0,138.10802280412574,-0.3197054597565172,0.4027224415752822
2024-05-22 17:15:39.185076,0.18201990969098883,135.6290979410642,155.39527378946696,0.18201990969098883,0.18201990969098883,1.3791062527378823,1.3791062527378823,1.3791062527378823,0.02419768708928044,0.02419768708928044,0.02419768708928044,1.354908565648602,1.354908565648602,1.354908565648602,0.0,0.0,0.0,143.39806116914508,-0.09882533384842326,0.4330447052686162
2024-05-23 17:15:39.185076,0.19718868476392049,136.4841198200724,157.16358129880038,0.19718868476392049,0.19718868476392049,1.2900495081952237,1.2900495081952237,1.2900495081952237,-0.020867812411519603,-0.020867812411519603,-0.020867812411519603,1.3109173206067433,1.3109173206067433,1.3109173206067433,0.0,0.0,0.0,147.77526005204288,0.09050287903446001,0.45157185056527904
2024-05-24 17:15:39.185076,0.21235745983685217,136.697287696818,156.96318212731313,0.21235745983685217,0.21235745983685217,1.2632949662499848,1.2632949662499848,1.2632949662499848,0.0011054477715175901,0.0011054477715175901,0.0011054477715175901,1.2621895184784673,1.2621895184784673,1.2621895184784673,0.0,0.0,0.0,147.2368144089018,0.03587856777946064,0.4806275698943809
2024-05-25 17:15:39.185076,0.22752623490978266,136.48281107642228,157.77937489845021,0.22752623490978266,0.22752623490978266,1.1994928102191817,1.1994928102191817,1.1994928102191817,-0.009946262067059933,-0.009946262067059933,-0.009946262067059933,1.2094390722862416,1.2094390722862416,1.2094390722862416,0.0,0.0,0.0,145.54509781797105,-0.06426891515653253,0.5004423178203076
2024-05-26 17:15:39.185076,0.24269500998271548,137.31169653508394,157.64046524483217,0.24269500998271548,0.24269500998271548,1.1443798844613946,1.1443798844613946,1.1443798844613946,-0.00903599684847412,-0.00903599684847412,-0.00903599684847412,1.1534158813098687,1.1534158813098687,1.1534158813098687,0.0,0.0,0.0,145.87740790281916,-0.06847684149410405,0.5204302974660925
2024-05-27 17:15:39.185076,0.25786378505564717,137.54386407493107,157.5807867195955,0.25786378505564717,0.25786378505564717,1.0892744062049045,1.0892744062049045,1.0892744062049045,-0.005617552629543927,-0.005617552629543927,-0.005617552629543927,1.0948919588344483,1.0948919588344483,1.0948919588344483,0.0,0.0,0.0,140.38193434897525,-0.34775242095571085,0.5387482064038863
2024-05-28 17:15:39.185076,0.2730325601285788,138.33538897117114,158.636068855499,0.2730325601285788,0.2730325601285788,1.054811844984208,1.054811844984208,1.054811844984208,0.020164489095771686,0.020164489095771686,0.020164489095771686,1.0346473558884366,1.0346473558884366,1.0346473558884366,0.0,0.0,0.0,141.2501080482087,-0.3288087179721081,0.5610305386185667
2024-05-29 17:15:39.185076,0.2882013352015093,137.87355354949628,159.31116788375883,0.2882013352015093,0.2882013352015093,0.9976538663981526,0.9976538663981526,0.9976538663981526,0.024197687089270947,0.024197687089270947,0.024197687089270947,0.9734561793088816,0.9734561793088816,0.9734561793088816,0.0,0.0,0.0,143.61465777621288,-0.23122184890243258,0.5757265115664051
2024-05-30 17:15:39.185076,0.30337011027444094,137.7899528201346,158.21622490458628,0.30337011027444094,0.30337011027444094,0.8912051856545816,0.8912051856545816,0.8912051856545816,-0.02086781241151503,-0.02086781241151503,-0.02086781241151503,0.9120729980660967,0.9120729980660967,0.9120729980660967,0.0,0.0,0.0,150.13389161104016,0.08034141613656007,0.5737351257236251
2024-05-31 17:15:39.185076,0.3185388853473726,138.50537233076287,158.64325275477884,0.3185388853473726,0.3185388853473726,0.8523253682763805,0.8523253682763805,0.8523253682763805,0.0011054477714678157,0.0011054477714678157,0.0011054477714678157,0.8512199205049127,0.8512199205049127,0.8512199205049127,0.0,0.0,0.0,150.65098898952007,0.08859373348099736,0.5900376581114197
2024-06-01 17:15:39.185076,0.3337076604203043,138.86190547894742,158.77845948953612,0.3337076604203043,0.3337076604203043,0.7816283452451434,0.7816283452451434,0.7816283452451434,-0.009946262067096513,-0.009946262067096513,-0.009946262067096513,0.7915746073122398,0.7915746073122398,0.7915746073122398,0.0,0.0,0.0,151.70037619429434,0.13391949173462053,0.594543026830255
2024-06-02 17:15:39.185076,0.34887643549323594,138.8290635097494,160.20594785008353,0.34887643549323594,0.34887643549323594,0.7247234642033331,0.7247234642033331,0.7247234642033331,-0.009035996848495743,-0.009035996848495743,-0.009035996848495743,0.7337594610518288,0.7337594610518288,0.7337594610518288,0.0,0.0,0.0,149.60980451014794,0.027474404258465666,0.6017153744028045
2024-06-03 17:15:39.185076,0.3640452105661676,139.082583744691,159.8519198375331,0.3640452105661676,0.3640452105661676,0.6727146509995106,0.6727146509995106,0.6727146509995106,-0.005617552629506722,-0.005617552629506722,-0.005617552629506722,0.6783322036290172,0.6783322036290172,0.6783322036290172,0.0,0.0,0.0,143.69654520780134,-0.2605505938613364,0.6089437573402304
2024-06-04 17:15:39.185076,0.37921398563909925,138.91198566797715,159.501517682233,0.37921398563909925,0.37921398563909925,0.6459425079028803,0.6459425079028803,0.6459425079028803,0.020164489095837384,0.020164489095837384,0.020164489095837384,0.625778018807043,0.625778018807043,0.625778018807043,0.0,0.0,0.0,144.63822538725194,-0.23105469632971282,0.6241644185546659
2024-06-05 17:15:39.185076,0.3943827607914245,139.06770312411325,159.7863854716089,0.3943827607914245,0.3943827607914245,0.6007010858552507,0.6007010858552507,0.6007010858552507,0.024197687089376144,0.024197687089376144,0.024197687089376144,0.5765033987658745,0.5765033987658745,0.5765033987658745,0.0,0.0,0.0,150.69930449462606,0.049636784827041994,0.6312889134414248
2024-06-06 17:15:39.185076,0.40955153594375093,139.28222092899082,160.36381147088872,0.40955153594375093,0.40955153594375093,0.5099639802141407,0.5099639802141407,0.5099639802141407,-0.020867812411510457,-0.020867812411510457,-0.020867812411510457,0.5308317926256512,0.5308317926256512,0.5308317926256512,0.0,0.0,0.0,151.86687688666504,0.11796089141158873,0.6184080673164408
2024-06-07 17:15:39.185076,0.42472031109607733,139.60163374777392,160.11709877692357,0.42472031109607733,0.42472031109607733,0.49010655965538263,0.49010655965538263,0.49010655965538263,0.0011054477714756306,0.0011054477714756306,0.0011054477714756306,0.489001111883907,0.489001111883907,0.489001111883907,0.0,0.0,0.0,150.1213613169766,0.020603007614758004,0.6328785215831396
2024-06-08 17:15:39.185076,0.43988908624840256,139.02826537358098,159.7523208029188,0.43988908624840256,0.43988908624840256,0.4412168418570346,0.4412168418570346,0.4412168418570346,-0.009946262067048883,-0.009946262067048883,-0.009946262067048883,0.45116310392408343,0.45116310392408343,0.45116310392408343,0.0,0.0,0.0,150.44311681783404,0.03478482862303702,0.6339755596502994
2024-06-09 17:15:39.185076,0.4550578614007278,139.14577148217282,160.23318926731045,0.4550578614007278,0.4550578614007278,0.40834856437173855,0.40834856437173855,0.40834856437173855,-0.009035996848517363,-0.009035996848517363,-0.009035996848517363,0.4173845612202559,0.4173845612202559,0.4173845612202559,0.0,0.0,0.0,150.10699858915262,0.011919415905201044,0.6408800858097886
2024-06-10 17:15:39.185076,0.4702266365530542,139.5668466846593,160.53777146961323,0.4702266365530542,0.4702266365530542,0.38203273904364693,0.38203273904364693,0.38203273904364693,-0.005617552629543206,-0.005617552629543206,-0.005617552629543206,0.3876502916731901,0.3876502916731901,0.3876502916731901,0.0,0.0,0.0,147.95504162126446,-0.09925678194009094,0.649868606486699
2024-06-11 17:15:39.185076,0.4853954117053794,140.38221267341223,159.95706429143323,0.4853954117053794,0.4853954117053794,0.38203222480681603,0.38203222480681603,0.38203222480681603,0.02016448909583456,0.02016448909583456,0.02016448909583456,0.36186773571098146,0.36186773571098146,0.36186773571098146,0.0,0.0,0.0,151.5088362829565,0.04853496706136895,0.6708321007502059
2024-06-12 17:15:39.185076,0.5005641868577058,141.2177809445768,160.79321996583667,0.5005641868577058,0.5005641868577058,0.36407076641668706,0.36407076641668706,0.36407076641668706,0.024197687089316865,0.024197687089316865,0.024197687089316865,0.3398730793273702,0.3398730793273702,0.3398730793273702,0.0,0.0,0.0,154.5269449728139,0.179879790700398,0.6828049740077364
2024-06-13 17:15:39.185076,0.515732962010031,139.97441291875325,160.82308068904993,0.515732962010031,0.515732962010031,0.300570867599915,0.300570867599915,0.300570867599915,-0.020867812411527055,-0.020867812411527055,-0.020867812411527055,0.3214386800114421,0.3214386800114421,0.3214386800114421,0.0,0.0,0.0,156.7053861960646,0.29538280551200535,0.6707472658512601
2024-06-14 17:15:39.185076,0.5309017371623574,140.37287342886245,162.25319455836427,0.5309017371623574,0.5309017371623574,0.30738704305267384,0.30738704305267384,0.30738704305267384,0.001105447771483442,0.001105447771483442,0.001105447771483442,0.30628159528119037,0.30628159528119037,0.30628159528119037,0.0,0.0,0.0,153.21500590163768,0.10629206598028061,0.6940940523002223
2024-06-15 17:15:39.185076,0.5460705123146826,140.81667239210907,161.56298335753917,0.5460705123146826,0.5460705123146826,0.2841267198586415,0.2841267198586415,0.2841267198586415,-0.009946262067085463,-0.009946262067085463,-0.009946262067085463,0.29407298192572695,0.29407298192572695,0.29407298192572695,0.0,0.0,0.0,154.9658552417884,0.1823030910693484,0.7012237357901813
2024-06-16 17:15:39.185076,0.5612392874670079,141.34131146762573,161.39993367686762,0.5612392874670079,0.5612392874670079,0.2754121216914786,0.2754121216914786,0.2754121216914786,-0.009035996848500476,-0.009035996848500476,-0.009035996848500476,0.2844481185399791,0.2844481185399791,0.2844481185399791,0.0,0.0,0.0,150.89916073572348,-0.025395332733304073,0.7158113904049103
2024-06-17 17:15:39.185076,0.5764080626193343,140.80503864909198,161.88557248008624,0.5764080626193343,0.5764080626193343,0.27139924220582795,0.27139924220582795,0.27139924220582795,-0.005617552629579693,-0.005617552629579693,-0.005617552629579693,0.27701679483540764,0.27701679483540764,0.27701679483540764,0.0,0.0,0.0,148.78698798470975,-0.14272720298898964,0.732844774015551
2024-06-18 17:15:39.185076,0.5915768377716596,142.31795411133805,162.63746038454914,0.5915768377716596,0.5915768377716596,0.2915382977646825,0.2915382977646825,0.2915382977646825,0.020164489095900257,0.020164489095900257,0.020164489095900257,0.27137380866878225,0.27137380866878225,0.27137380866878225,0.0,0.0,0.0,153.30843297535603,0.04077844767706793,0.7640441420526229
2024-06-19 17:15:39.185076,0.606745612923986,141.67218872191438,163.40112611142877,0.606745612923986,0.606745612923986,0.2913070028163169,0.2913070028163169,0.2913070028163169,0.02419768708935716,0.02419768708935716,0.02419768708935716,0.26710931572695973,0.26710931572695973,0.26710931572695973,0.0,0.0,0.0,155.8941800030209,0.1441143322589307,0.7834948588968216
2024-06-20 17:15:39.185076,0.6219143880763112,142.4664761898652,162.62276523417134,0.6219143880763112,0.6219143880763112,0.24295097473235752,0.24295097473235752,0.24295097473235752,-0.020867812411543667,-0.020867812411543667,-0.020867812411543667,0.26381878714390117,0.26381878714390117,0.26381878714390117,0.0,0.0,0.0,159.17639609375726,0.31045917864868583,0.7730090948595286
2024-06-21 17:15:39.185076,0.6370831632286376,142.13451097997861,163.8896094360423,0.6370831632286376,0.6370831632286376,0.2622177944199379,0.2622177944199379,0.2622177944199379,0.0011054477714336694,0.0011054477714336694,0.0011054477714336694,0.26111234664850425,0.26111234664850425,0.26111234664850425,0.0,0.0,0.0,157.79497816830977,0.21373265394256652,0.8041377051525282
2024-06-22 17:15:39.185076,0.6522519383809628,143.21564609141174,164.53008154517335,0.6522519383809628,0.6522519383809628,0.24867701857073268,0.24867701857073268,0.24867701857073268,-0.00994626206707994,-0.00994626206707994,-0.00994626206707994,0.2586232806378126,0.2586232806378126,0.2586232806378126,0.0,0.0,0.0,155.46045390386885,0.09256129835327272,0.814452005774522
2024-06-23 17:15:39.185076,0.6674207135332892,143.00821511257567,164.0064276731526,0.6674207135332892,0.6674207135332892,0.24697954434378966,0.24697954434378966,0.24697954434378966,-0.009035996848457835,-0.009035996848457835,-0.009035996848457835,0.2560155411922475,0.2560155411922475,0.2560155411922475,0.0,0.0,0.0,152.54555229353468,-0.06366348589938223,0.832259977247348
2024-06-24 17:15:39.185076,0.6825894886824074,143.80046641099716,164.30153973820924,0.6825894886824074,0.6825894886824074,0.24737254009629886,0.24737254009629886,0.24737254009629886,-0.005617552629581313,-0.005617552629581313,-0.005617552629581313,0.2529900927258802,0.2529900927258802,0.2529900927258802,0.0,0.0,0.0,152.67121195050282,-0.07687982736329478,0.8514433843408085
2024-06-25 17:15:39.185076,0.6977582638315267,145.08541843475035,165.1808072361441,0.6977582638315267,0.6977582638315267,0.26945447593122407,0.26945447593122407,0.26945447593122407,0.020164489095897437,0.020164489095897437,0.020164489095897437,0.24928998683532666,0.24928998683532666,0.24928998683532666,0.0,0.0,0.0,155.25988326571056,0.011716669777155719,0.8857723511389315
2024-06-26 17:15:39.185076,0.7129270389806449,144.82859121660664,165.5408662938696,0.7129270389806449,0.7129270389806449,0.26890177311768526,0.26890177311768526,0.26890177311768526,0.02419768708929788,0.02419768708929788,0.02419768708929788,0.2447040860283874,0.2447040860283874,0.2447040860283874,0.0,0.0,0.0,157.08434178325177,0.07949074584755539,0.9046343838660814
2024-06-27 17:15:39.185076,0.7280958141297642,144.58352975261,165.18540469362054,0.7280958141297642,0.7280958141297642,0.21820158198512551,0.21820158198512551,0.21820158198512551,-0.02086781241149537,-0.02086781241149537,-0.02086781241149537,0.2390693943966209,0.2390693943966209,0.2390693943966209,0.0,0.0,0.0,161.25525971420433,0.29521757251313063,0.8869674726096266
2024-06-28 17:15:39.185076,0.7432645892788824,145.38514152600337,166.29686278160955,0.7432645892788824,0.7432645892788824,0.23337743870147645,0.23337743870147645,0.23337743870147645,0.0011054477714414826,0.0011054477714414826,0.0011054477714414826,0.23227199093003495,0.23227199093003495,0.23227199093003495,0.0,0.0,0.0,159.86846507423064,0.1996060370196518,0.9167257754022928
2024-06-29 17:15:39.185076,0.7584333644280017,145.12040990077102,165.96302486097073,0.7584333644280017,0.7584333644280017,0.21430033599196552,0.21430033599196552,0.21430033599196552,-0.00994626206711652,-0.00994626206711652,-0.00994626206711652,0.22424659805908204,0.22424659805908204,0.22424659805908204,0.0,0.0,0.0,158.40033431950897,0.12565036944646824,0.9209658892524393
2024-06-30 17:15:39.185076,0.7736021395771199,145.5705488041634,166.33996471358373,0.7736021395771199,0.7736021395771199,0.20593885632572176,0.20593885632572176,0.20593885632572176,-0.009035996848543717,-0.009035996848543717,-0.009035996848543717,0.21497485317426548,0.21497485317426548,0.21497485317426548,0.0,0.0,0.0,156.4706303538475,0.02206559250408085,0.9329168794527634
2024-07-01 17:15:39.185076,0.7887709147262381,146.24350517886458,166.16270239133726,0.7887709147262381,0.7887709147262381,0.19886483078224862,0.19886483078224862,0.19886483078224862,-0.005617552629470421,-0.005617552629470421,-0.005617552629470421,0.20448238341171904,0.20448238341171904,0.20448238341171904,0.0,0.0,0.0,158.4130490757916,0.10159032151192063,0.945629709209231
2024-07-02 17:15:39.185076,0.8039396898753575,146.83954624187783,167.78789123882893,0.8039396898753575,0.8039396898753575,0.21299930217054586,0.21299930217054586,0.21299930217054586,0.020164489095824255,0.020164489095824255,0.020164489095824255,0.19283481307472158,0.19283481307472158,0.19283481307472158,0.0,0.0,0.0,158.47167403369502,0.07482560854136859,0.9751782828060137
2024-07-03 17:15:39.185076,0.8191084650244768,147.28633664268912,167.76802404864267,0.8191084650244768,0.8191084650244768,0.20433054505240145,0.20433054505240145,0.20433054505240145,0.02419768708928839,0.02419768708928839,0.02419768708928839,0.18013285796311304,0.18013285796311304,0.18013285796311304,0.0,0.0,0.0,162.94234863019855,0.2758206865464208,0.9864773441399641
2024-07-04 17:15:39.185076,0.834277240173595,146.3612200290528,166.89604623485383,0.834277240173595,0.834277240173595,0.145638868597528,0.145638868597528,0.145638868597528,-0.020867812411511977,-0.020867812411511977,-0.020867812411511977,0.16650668100903998,0.16650668100903998,0.16650668100903998,0.0,0.0,0.0,167.12498660607935,0.5051340497952155,0.9557804335291455
2024-07-05 17:15:39.185076,0.8494460153227131,147.0279567687295,167.50940874356948,0.8494460153227131,0.8494460153227131,0.15321514627802016,0.15321514627802016,0.15321514627802016,0.0011054477714609063,0.0011054477714609063,0.0011054477714609063,0.15210969850655925,0.15210969850655925,0.15210969850655925,0.0,0.0,0.0,167.45994427273615,0.49722624870039744,0.979594010815664
2024-07-06 17:15:39.185076,0.8646147904718324,146.4835422660319,166.84927175834392,0.8646147904718324,0.8646147904718324,0.1271657734970948,0.1271657734970948,0.1271657734970948,-0.009946262067110995,-0.009946262067110995,-0.009946262067110995,0.1371120355642058,0.1371120355642058,0.1371120355642058,0.0,0.0,0.0,165.3016028474264,0.39976521137254917,0.9745641990792115
2024-07-07 17:15:39.185076,0.8797835656209517,146.63245356762692,167.69821637235182,0.8797835656209517,0.8797835656209517,0.11265783620128415,0.11265783620128415,0.11265783620128415,-0.009035996848501076,-0.009035996848501076,-0.009035996848501076,0.12169383304978523,0.12169383304978523,0.12169383304978523,0.0,0.0,0.0,161.47164033035264,0.2135620013876719,0.9788980784492587
2024-07-08 17:15:39.185076,0.8949523407700699,147.15339469949248,166.85971696691547,0.8949523407700699,0.8949523407700699,0.10042105360972829,0.10042105360972829,0.10042105360972829,-0.0056175526295069046,-0.0056175526295069046,-0.0056175526295069046,0.1060386062392352,0.1060386062392352,0.1060386062392352,0.0,0.0,0.0,157.44751333944595,0.016546270918125758,0.984824397760693
2024-07-09 17:15:39.185076,0.9101211159191881,147.55582972244378,168.4680631265652,0.9101211159191881,0.9101211159191881,0.11049133688746443,0.11049133688746443,0.11049133688746443,0.020164489095821435,0.020164489095821435,0.020164489095821435,0.090326847791643,0.090326847791643,0.090326847791643,0.0,0.0,0.0,159.6564096782776,0.0955805500630376,1.0106816147466102
2024-07-10 17:15:39.185076,0.9252898910683075,147.45035611979017,167.90337309747594,0.9252898910683075,0.9252898910683075,0.09892774194523325,0.09892774194523325,0.09892774194523325,0.024197687089229116,0.024197687089229116,0.024197687089229116,0.07473005485600413,0.07473005485600413,0.07473005485600413,0.0,0.0,0.0,162.27410210811988,0.21373899271942462,1.016826730636446
2024-07-11 17:15:39.185076,0.9404586662174268,146.59060550843762,166.93209324050397,0.9404586662174268,0.9404586662174268,0.038537530123127446,0.038537530123127446,0.038537530123127446,-0.02086781241152858,-0.02086781241152858,-0.02086781241152858,0.05940534253465603,0.05940534253465603,0.05940534253465603,0.0,0.0,0.0,169.04740507083477,0.57550069088666,0.9767016203963371
2024-07-12 17:15:39.185076,0.955627441366545,147.09213429745603,168.0763114058901,0.955627441366545,0.955627441366545,0.045596231923710824,0.045596231923710824,0.045596231923710824,0.0011054477714571055,0.0011054477714571055,0.0011054477714571055,0.044490784152253715,0.044490784152253715,0.044490784152253715,0.0,0.0,0.0,167.4223466719053,0.4758344506725673,0.9992004518157563
2024-07-13 17:15:39.185076,0.970796216498171,146.69920633107947,167.6985834973097,0.970796216498171,0.970796216498171,0.020155331438787366,0.020155331438787366,0.020155331438787366,-0.00994626206708311,-0.00994626206708311,-0.00994626206708311,0.03010159350587048,0.03010159350587048,0.03010159350587048,0.0,0.0,0.0,163.06147059043812,0.27759171170785013,0.9903629360012125
2024-07-14 17:15:39.185076,0.9859649916297971,147.49144234363487,168.5468571768094,0.9859649916297971,0.9859649916297971,0.007291239417512514,0.007291239417512514,0.007291239417512514,-0.009035996848522696,-0.009035996848522696,-0.009035996848522696,0.01632723626603521,0.01632723626603521,0.01632723626603521,0.0,0.0,0.0,160.8937370900771,0.17186390878863483,0.9931538984410556
2024-07-15 17:15:39.185076,1.001133766761423,147.5204657306247,167.73703618627573,1.001133766761423,1.001133766761423,-0.0023880248171929915,-0.0023880248171929915,-0.0023880248171929915,-0.00561755262954339,-0.00561755262954339,-0.00561755262954339,0.003229527812350398,0.003229527812350398,0.003229527812350398,0.0,0.0,0.0,155.99214217153977,-0.06648201868351095,0.9987430344810668
2024-07-16 17:15:39.185076,1.0163025418930491,147.50621216128343,168.65700271931152,1.0163025418930491,1.0163025418930491,0.011006232991465878,0.011006232991465878,0.011006232991465878,0.020164489095887132,0.020164489095887132,0.020164489095887132,-0.009158256104421253,-0.009158256104421253,-0.009158256104421253,0.0,0.0,0.0,158.13501726310227,0.006529227166782792,1.027488204458943
2024-07-17 17:15:39.185076,1.0314713170246752,147.73449873678578,168.7774696986564,1.0314713170246752,1.0314713170246752,0.0033664266114383596,0.0033664266114383596,0.0033664266114383596,0.024197687089219627,0.024197687089219627,0.024197687089219627,-0.020831260477781267,-0.020831260477781267,-0.020831260477781267,0.0,0.0,0.0,163.20296302067325,0.2397298577807512,1.0349436895152424
2024-07-18 17:15:39.185076,1.0466400921563013,147.51021528967055,167.81308335397617,1.0466400921563013,1.0466400921563013,-0.05267977116640443,-0.05267977116640443,-0.05267977116640443,-0.020867812411459102,-0.020867812411459102,-0.020867812411459102,-0.03181195875494533,-0.03181195875494533,-0.03181195875494533,0.0,0.0,0.0,167.38688630027895,0.4818477021682954,0.9915033316079229
2024-07-19 17:15:39.185076,1.0618088672879287,146.9401871002396,168.30881772958475,1.0618088672879287,1.0618088672879287,-0.04104270275972177,-0.04104270275972177,-0.04104270275972177,0.001105447771476531,0.001105447771476531,0.001105447771476531,-0.04214815053119831,-0.04214815053119831,-0.04214815053119831,0.0,0.0,0.0,169.40879146716654,0.5511337187123606,1.0182293615601934
2024-07-20 17:15:39.185076,1.0769776424195534,147.300522558716,167.56177082723653,1.0769776424195534,1.0769776424195534,-0.061856400827422574,-0.061856400827422574,-0.061856400827422574,-0.009946262067077584,-0.009946262067077584,-0.009946262067077584,-0.05191013876034499,-0.05191013876034499,-0.05191013876034499,0.0,0.0,0.0,163.28279793301547,0.2681049006385244,1.0103596816878768
2024-07-21 17:15:39.185076,1.0921464175511795,147.12793305777458,167.63651393547275,1.0921464175511795,1.0921464175511795,-0.07022319585416105,-0.07022319585416105,-0.07022319585416105,-0.009035996848505808,-0.009035996848505808,-0.009035996848505808,-0.061187199005655245,-0.061187199005655245,-0.061187199005655245,0.0,0.0,0.0,161.093037346724,0.15902935942426794,1.0154524057700627
2024-07-22 17:15:39.185076,1.1073151926828055,148.08595390036757,168.3420523628914,1.1073151926828055,1.1073151926828055,-0.07570102511451827,-0.07570102511451827,-0.07570102511451827,-0.0056175526295061855,-0.0056175526295061855,-0.0056175526295061855,-0.07008347248501208,-0.07008347248501208,-0.07008347248501208,0.0,0.0,0.0,160.92642057440466,0.14307951539506578,1.023490297471837
2024-07-23 17:15:39.185076,1.122483967814433,148.28997618067055,169.2323918220804,1.122483967814433,1.122483967814433,-0.058548940530907666,-0.058548940530907666,-0.058548940530907666,0.020164489095815787,0.020164489095815787,0.020164489095815787,-0.07871342962672345,-0.07871342962672345,-0.07871342962672345,0.0,0.0,0.0,161.84788173125747,0.15356253179249812,1.0567637207359684
2024-07-24 17:15:39.185076,1.1376527429460577,149.0170409380626,168.73506078153005,1.1376527429460577,1.1376527429460577,-0.06299937409444786,-0.06299937409444786,-0.06299937409444786,0.02419768708932482,0.02419768708932482,0.02419768708932482,-0.08719706118377268,-0.08719706118377268,-0.08719706118377268,0.0,0.0,0.0,165.56039443831293,0.32063703752475015,1.0659813322036242
2024-07-25 17:15:39.185076,1.1528215180776837,147.87813380146773,168.89215128124167,1.1528215180776837,1.1528215180776837,-0.1165227718294127,-0.1165227718294127,-0.1165227718294127,-0.020867812411496885,-0.020867812411496885,-0.020867812411496885,-0.09565495941791582,-0.09565495941791582,-0.09565495941791582,0.0,0.0,0.0,168.38845639022776,0.5024199612317426,1.0184915593666806
2024-07-26 17:15:39.185076,1.167990293209311,148.51297827789966,168.54547717113414,1.167990293209311,1.167990293209311,-0.10309800460473906,-0.10309800460473906,-0.10309800460473906,0.0011054477714959546,0.0011054477714959546,0.0011054477714959546,-0.10420345237623502,-0.10420345237623502,-0.10420345237623502,0.0,0.0,0.0,169.5008315851737,0.5261608662586978,1.0475728245817268
2024-07-27 17:15:39.185076,1.1831590683409359,147.76732731195906,168.10605442221436,1.1831590683409359,1.1831590683409359,-0.12289621195269594,-0.12289621195269594,-0.12289621195269594,-0.009946262067114166,-0.009946262067114166,-0.009946262067114166,-0.11294994988558177,-0.11294994988558177,-0.11294994988558177,0.0,0.0,0.0,165.5953746416927,0.35052613650055214,1.037753300704354
2024-07-28 17:15:39.185076,1.198327843472562,146.72667242897973,168.55671324803066,1.198327843472562,1.198327843472562,-0.13102464765216135,-0.13102464765216135,-0.13102464765216135,-0.00903599684852743,-0.00903599684852743,-0.00903599684852743,-0.12198865080363393,-0.12198865080363393,-0.12198865080363393,0.0,0.0,0.0,163.49093276971175,0.24703069852788204,1.0413173600097951
2024-07-29 17:15:39.185076,1.2134966186041891,148.2403788130418,169.1849006734812,1.2134966186041891,1.2134966186041891,-0.13701430022274336,-0.13701430022274336,-0.13701430022274336,-0.005617552629655186,-0.005617552629655186,-0.005617552629655186,-0.13139674759308817,-0.13139674759308817,-0.13139674759308817,0.0,0.0,0.0,158.34347191692834,-0.0033141339327465167,1.047230228583471
2024-07-30 17:15:39.185076,1.2286653937358152,148.73944863036945,169.73867467886845,1.2286653937358152,1.2286653937358152,-0.12106675780842878,-0.12106675780842878,-0.12106675780842878,0.020164489095881484,0.020164489095881484,0.020164489095881484,-0.14123124690431027,-0.14123124690431027,-0.14123124690431027,0.0,0.0,0.0,159.70832742282823,0.0288126690897133,1.0799148580848035
2024-07-31 17:15:39.185076,1.2438341687781436,148.7459056860138,169.4349702365489,1.2438341687781436,1.2438341687781436,-0.12732881702262033,-0.12732881702262033,-0.12732881702262033,0.02419768708931533,0.02419768708931533,0.02419768708931533,-0.15152650411193566,-0.15152650411193566,-0.15152650411193566,0.0,0.0,0.0,163.79836030565704,0.21748830538408528,1.0854582354953082
2024-08-01 17:15:39.185076,1.2590029438204744,147.23476521849213,167.99069083334103,1.2590029438204744,1.2590029438204744,-0.1831603587230619,-0.1831603587230619,-0.1831603587230619,-0.020867812411492315,-0.020867812411492315,-0.020867812411492315,-0.1622925463115696,-0.1622925463115696,-0.1622925463115696,0.0,0.0,0.0,170.8899590316225,0.6112941860284561,1.0284035129969253
2024-08-02 17:15:39.185076,1.274171718862804,148.61336729702617,168.4477636380003,1.274171718862804,1.274171718862804,-0.17240878509825272,-0.17240878509825272,-0.17240878509825272,0.0011054477715037678,0.0011054477715037678,0.0011054477715037678,-0.17351423286975648,-0.17351423286975648,-0.17351423286975648,0.0,0.0,0.0,167.7494778260177,0.43607570864888856,1.0544933208071154
2024-08-03 17:15:39.185076,1.2893404939051347,147.96837861976368,168.1518642092969,1.2893404939051347,1.2893404939051347,-0.1950975380758789,-0.1950975380758789,-0.1950975380758789,-0.009946262067066534,-0.009946262067066534,-0.009946262067066534,-0.18515127600881237,-0.18515127600881237,-0.18515127600881237,0.0,0.0,0.0,165.48174032275585,0.34509006812832177,1.037793337802705
2024-08-04 17:15:39.185076,1.304509268947463,147.83520678691005,167.97644213379206,1.304509268947463,1.304509268947463,-0.2061751137525482,-0.2061751137525482,-0.2061751137525482,-0.00903599684854905,-0.00903599684854905,-0.00903599684854905,-0.19713911690399916,-0.19713911690399916,-0.19713911690399916,0.0,0.0,0.0,163.4908768469707,0.2527934809633647,1.0355519220309664
2024-08-05 17:15:39.185076,1.319678043989794,147.7072796606583,168.9804477409686,1.319678043989794,1.319678043989794,-0.21500817880606402,-0.21500817880606402,-0.21500817880606402,-0.005617552629544291,-0.005617552629544291,-0.005617552629544291,-0.2093906261765197,-0.2093906261765197,-0.2093906261765197,0.0,0.0,0.0,156.54733596145974,-0.0773115620981819,1.0359364711411996
2024-08-06 17:15:39.185076,1.3348468190321234,148.76285267687152,168.43611832750585,1.3348468190321234,1.3348468190321234,-0.20163408317690049,-0.20163408317690049,-0.20163408317690049,0.02016448909594718,0.02016448909594718,0.02016448909594718,-0.22179857227284766,-0.22179857227284766,-0.22179857227284766,0.0,0.0,0.0,161.50364817480363,0.12828379759152259,1.0656962044949794
2024-08-07 17:15:39.185076,1.3500155940744532,149.14635069246177,169.08541063242237,1.3500155940744532,1.3500155940744532,-0.21004109068010643,-0.21004109068010643,-0.21004109068010643,0.024197687089305836,0.024197687089305836,0.024197687089305836,-0.23423877776941227,-0.23423877776941227,-0.23423877776941227,0.0,0.0,0.0,166.285765846555,0.3546064591241118,1.0664568462599031
2024-08-08 17:15:39.185076,1.3651843691167838,147.05906616140967,167.48811400700444,1.3651843691167838,1.3651843691167838,-0.26744167522662565,-0.26744167522662565,-0.26744167522662565,-0.020867812411508924,-0.020867812411508924,-0.020867812411508924,-0.24657386281511673,-0.24657386281511673,-0.24657386281511673,0.0,0.0,0.0,167.79080852985086,0.49245448190326624,1.000077174446987
2024-08-09 17:15:39.185076,1.3803531441591135,147.0086854590705,167.94242326042792,1.3803531441591135,1.3803531441591135,-0.25755200954134655,-0.25755200954134655,-0.25755200954134655,0.0011054477714656091,0.0011054477714656091,0.0011054477714656091,-0.25865745731281214,-0.25865745731281214,-0.25865745731281214,0.0,0.0,0.0,170.25044223637656,0.5844892314776441,1.0248404180042177
2024-08-10 17:15:39.185076,1.395521919201444,147.80455051130514,168.22667085165259,1.395521919201444,1.395521919201444,-0.28028501162011227,-0.28028501162011227,-0.28028501162011227,-0.009946262067103117,-0.009946262067103117,-0.009946262067103117,-0.27033874955300913,-0.27033874955300913,-0.27033874955300913,0.0,0.0,0.0,164.538638432854,0.33372129408056256,1.004378041861946
2024-08-11 17:15:39.185076,1.4106906942437725,148.12743559390108,168.01914072878986,1.4106906942437725,1.4106906942437725,-0.2905032260619807,-0.2905032260619807,-0.2905032260619807,-0.00903599684857067,-0.00903599684857067,-0.00903599684857067,-0.28146722921341,-0.28146722921341,-0.28146722921341,0.0,0.0,0.0,161.88341163657918,0.21113292652239582,1.0008804965903415
2024-08-12 17:15:39.185076,1.4258594692861033,146.8147793692183,167.9185830276232,1.4258594692861033,1.4258594692861033,-0.29751502983849903,-0.29751502983849903,-0.29751502983849903,-0.005617552629580777,-0.005617552629580777,-0.005617552629580777,-0.29189747720891823,-0.29189747720891823,-0.29189747720891823,0.0,0.0,0.0,154.55281105021177,-0.13773180729639414,1.001644846735942
2024-08-13 17:15:39.185076,1.4410282443284328,148.2611398529037,169.2438474232385,1.4410282443284328,1.4410282443284328,-0.28132936482473775,-0.28132936482473775,-0.28132936482473775,0.02016448909594436,0.02016448909594436,0.02016448909594436,-0.3014938539206821,-0.3014938539206821,-0.3014938539206821,0.0,0.0,0.0,160.06506807052773,0.09004300481438282,1.0356246836570078
2024-08-14 17:15:39.185076,1.4561970193707636,148.2195209634669,168.2952614796041,1.4561970193707636,1.4561970193707636,-0.28593725377987983,-0.28593725377987983,-0.28593725377987983,0.024197687089411033,0.024197687089411033,0.024197687089411033,-0.31013494086929083,-0.31013494086929083,-0.31013494086929083,0.0,0.0,0.0,165.94321734946539,0.3649810288630209,1.039816042689441
2024-08-15 17:15:39.185076,1.4713657944130931,146.28569911947147,167.79904082347386,1.4713657944130931,1.4713657944130931,-0.33858541118203234,-0.33858541118203234,-0.33858541118203234,-0.020867812411525535,-0.020867812411525535,-0.020867812411525535,-0.3177175987705068,-0.3177175987705068,-0.3177175987705068,0.0,0.0,0.0,167.46575626739383,0.503913445572893,0.9731828019125583
2024-08-16 17:15:39.185076,1.4865345694554228,147.70585544718514,168.33850285283526,1.4865345694554228,1.4865345694554228,-0.32305506909725484,-0.32305506909725484,-0.32305506909725484,0.0011054477714618084,0.0011054477714618084,0.0011054477714618084,-0.3241605168687166,-0.3241605168687166,-0.3241605168687166,0.0,0.0,0.0,169.84564735953566,0.5838055470364666,1.0063020414045432
2024-08-17 17:15:39.185076,1.5017033444977534,146.10877698140357,168.27764578810712,1.5017033444977534,1.5017033444977534,-0.3393534061639762,-0.3393534061639762,-0.3393534061639762,-0.009946262067033125,-0.009946262067033125,-0.009946262067033125,-0.32940714409694305,-0.32940714409694305,-0.32940714409694305,0.0,0.0,0.0,163.12519084021167,0.2788852635119332,0.9920951994946058
2024-08-18 17:15:39.185076,1.5168721195400843,148.2118449571476,167.27184094139528,1.5168721195400843,1.5168721195400843,-0.34246390832199863,-0.34246390832199863,-0.34246390832199863,-0.00903599684852803,-0.00903599684852803,-0.00903599684852803,-0.3334279114734706,-0.3334279114734706,-0.3334279114734706,0.0,0.0,0.0,161.63582481051557,0.2028583674524393,0.9973981650577131
2024-08-19 17:15:39.185076,1.5320408694743393,147.3264050488937,167.80784769834304,1.5320408694743393,1.5320408694743393,-0.3418392292646441,-0.3418392292646441,-0.3418392292646441,-0.005617552629543571,-0.005617552629543571,-0.005617552629543571,-0.33622167663510055,-0.33622167663510055,-0.33622167663510055,0.0,0.0,0.0,158.47920935434945,0.04203251360250745,1.0083291994512957
2024-08-20 17:15:39.185076,1.5472096194085967,148.03664171137763,169.0592471114714,1.5472096194085967,1.5472096194085967,-0.31765185577419575,-0.31765185577419575,-0.31765185577419575,0.020164489095939698,0.020164489095939698,0.020164489095939698,-0.33781634487013545,-0.33781634487013545,-0.33781634487013545,0.0,0.0,0.0,160.0949740183491,0.07135218767372506,1.055735612531769
2024-08-21 17:15:39.185076,1.5623783693428528,148.24069617440654,169.0783253647662,1.5623783693428528,1.5623783693428528,-0.31407095865511586,-0.31407095865511586,-0.31407095865511586,0.02419768708935176,0.02419768708935176,0.02419768708935176,-0.33826864574446763,-0.33826864574446763,-0.33826864574446763,0.0,0.0,0.0,163.91848444101322,0.23697005001782054,1.0716806971013264
2024-08-22 17:15:39.185076,1.5775471192771078,147.03438149866676,167.8213177195497,1.5775471192771078,1.5775471192771078,-0.3585308820768622,-0.3585308820768622,-0.3585308820768622,-0.020867812411542133,-0.020867812411542133,-0.020867812411542133,-0.33766306966532,-0.33766306966532,-0.33766306966532,0.0,0.0,0.0,167.5790077000549,0.4705263379637057,1.0119477590848733
2024-08-23 17:15:39.185076,1.5927158692113652,148.18355565384368,169.0363519535494,1.5927158692113652,1.5927158692113652,-0.3350045459837112,-0.3350045459837112,-0.3350045459837112,0.0011054477714812338,0.0011054477714812338,0.0011054477714812338,-0.33610999375519246,-0.33610999375519246,-0.33610999375519246,0.0,0.0,0.0,170.3074046140601,0.552885748375587,1.0591488125651598
2024-08-24 17:15:39.185076,1.6078846191456213,148.07461302814718,169.03491249947524,1.6078846191456213,1.6078846191456213,-0.3436893125355682,-0.3436893125355682,-0.3436893125355682,-0.009946262067069703,-0.009946262067069703,-0.009946262067069703,-0.3337430504684985,-0.3337430504684985,-0.3337430504684985,0.0,0.0,0.0,164.8941582312424,0.29970966431994306,1.0552718597549489
2024-08-25 17:15:39.185076,1.6230533690798787,148.6063096177433,169.46939416492583,1.6230533690798787,1.6230533690798787,-0.33975181160812684,-0.33975181160812684,-0.33975181160812684,-0.009035996848511143,-0.009035996848511143,-0.009035996848511143,-0.3307158147596157,-0.3307158147596157,-0.3307158147596157,0.0,0.0,0.0,163.09814922161286,0.1980783200100516,1.0716180465983163
2024-08-26 17:15:39.185076,1.6382221190141337,149.38385568206525,169.37131169548712,1.6382221190141337,1.6382221190141337,-0.33281545829960313,-0.33281545829960313,-0.33281545829960313,-0.005617552629506366,-0.005617552629506366,-0.005617552629506366,-0.32719790567009677,-0.32719790567009677,-0.32719790567009677,0.0,0.0,0.0,160.3860595364372,0.047913792959147834,1.0929964736778979
2024-08-27 17:15:39.185076,1.6533908689483898,150.32331021969762,171.11575504100728,1.6533908689483898,1.6533908689483898,-0.30320612624062393,-0.30320612624062393,-0.30320612624062393,0.020164489095868356,0.020164489095868356,0.020164489095868356,-0.32337061533649225,-0.32337061533649225,-0.32337061533649225,0.0,0.0,0.0,162.4247765964737,0.08564801309565813,1.1520726284129295
2024-08-28 17:15:39.185076,1.6685596188826473,151.0342265286236,171.3245915371506,1.6685596188826473,1.6685596188826473,-0.2952245050694612,-0.2952245050694612,-0.2952245050694612,0.024197687089392052,0.024197687089392052,0.024197687089392052,-0.31942219215885326,-0.31942219215885326,-0.31942219215885326,0.0,0.0,0.0,166.08517376036485,0.23557807247344523,1.175959931219129
2024-08-29 17:15:39.185076,1.6837283688169034,149.7606018010205,170.27720990942257,1.6837283688169034,1.6837283688169034,-0.33641072721791704,-0.33641072721791704,-0.33641072721791704,-0.02086781241153756,-0.02086781241153756,-0.02086781241153756,-0.31554291480637947,-0.31554291480637947,-0.31554291480637947,0.0,0.0,0.0,170.49658499764143,0.5037138834992446,1.1173040838257715
2024-08-30 17:15:39.185076,1.6988971187511595,151.1169405321426,171.40685424713058,1.6988971187511595,1.6988971187511595,-0.3108146518339875,-0.3108146518339875,-0.3108146518339875,0.001105447771489047,0.001105447771489047,0.001105447771489047,-0.3119200996054765,-0.3119200996054765,-0.3119200996054765,0.0,0.0,0.0,169.69189930295647,0.41195171675904035,1.1708550022847533
2024-08-31 17:15:39.185076,1.7140658686854158,150.70806884231266,170.76897357785847,1.7140658686854158,1.7140658686854158,-0.3186794475672932,-0.3186794475672932,-0.3186794475672932,-0.009946262067106287,-0.009946262067106287,-0.009946262067106287,-0.3087331855001869,-0.3087331855001869,-0.3087331855001869,0.0,0.0,0.0,167.7699267596319,0.323711761520052,1.167828304558795
2024-09-01 17:15:39.185076,1.7292346186196719,151.3999939133996,172.3949828722312,1.7292346186196719,1.7292346186196719,-0.31518503500736583,-0.31518503500736583,-0.31518503500736583,-0.0090359968484685,-0.0090359968484685,-0.0090359968484685,-0.3061490381588973,-0.3061490381588973,-0.3061490381588973,0.0,0.0,0.0,166.5573921245123,0.24975598689375914,1.1842057448140817
2024-09-02 17:15:39.185076,1.7444033685539282,151.43637770932511,171.58371178894004,1.7444033685539282,1.7444033685539282,-0.3099351606641981,-0.3099351606641981,-0.3099351606641981,-0.005617552629469163,-0.005617552629469163,-0.005617552629469163,-0.3043176080347289,-0.3043176080347289,-0.3043176080347289,0.0,0.0,0.0,166.44550100985208,0.22489704785159428,1.2037514302579981
2024-09-03 17:15:39.185076,1.7595721184881843,151.80915219625098,172.56172104157065,1.7595721184881843,1.7595721184881843,-0.28320357737485913,-0.28320357737485913,-0.28320357737485913,0.020164489095865528,0.020164489095865528,0.020164489095865528,-0.3033680664707247,-0.3033680664707247,-0.3033680664707247,0.0,0.0,0.0,165.32078476438335,0.11398528172749291,1.261254999883271
2024-09-04 17:15:39.185076,1.7747408684224415,152.8003290089881,173.8321197329499,1.7747408684224415,1.7747408684224415,-0.2792078425379027,-0.2792078425379027,-0.2792078425379027,0.02419768708933278,0.02419768708933278,0.02419768708933278,-0.3034055296272355,-0.3034055296272355,-0.3034055296272355,0.0,0.0,0.0,172.52222124601104,0.4379878882077255,1.2792192994863676
2024-09-05 17:15:39.185076,1.7899096183566978,151.35048061060624,171.81292940685964,1.7899096183566978,1.7899096183566978,-0.3253762749252834,-0.3253762749252834,-0.3253762749252834,-0.020867812411489266,-0.020867812411489266,-0.020867812411489266,-0.30450846251379415,-0.30450846251379415,-0.30450846251379415,0.0,0.0,0.0,172.80038862869557,0.5229007301739136,1.2075154942828599
2024-09-06 17:15:39.185076,1.8050783682909528,153.08408792859535,173.04074384420264,1.8050783682909528,1.8050783682909528,-0.3056213875135567,-0.3056213875135567,-0.3056213875135567,0.0011054477714968584,0.0011054477714968584,0.0011054477714968584,-0.30672683528505357,-0.30672683528505357,-0.30672683528505357,0.0,0.0,0.0,175.49176988328713,0.604811152547232,1.253407812803165
2024-09-07 17:15:39.185076,1.8202471182252102,152.22387065409552,172.87132523781204,1.8202471182252102,1.8202471182252102,-0.3200273438536586,-0.3200273438536586,-0.3200273438536586,-0.009946262067058655,-0.009946262067058655,-0.009946262067058655,-0.3100810817866,-0.3100810817866,-0.3100810817866,0.0,0.0,0.0,168.13142065055337,0.2709876717266081,1.2377182678223198
2024-09-08 17:15:39.185076,1.8354158681594663,152.2369496108006,172.89344143783,1.8354158681594663,1.8354158681594663,-0.32359788364942144,-0.32359788364942144,-0.32359788364942144,-0.009035996848554384,-0.009035996848554384,-0.009035996848554384,-0.31456188680086705,-0.31456188680086705,-0.31456188680086705,0.0,0.0,0.0,166.23122444218612,0.17699417848711474,1.2414791776064975
2024-09-09 17:15:39.185076,1.8505846180937224,151.8221703378176,172.47967782551302,1.8505846180937224,1.8505846180937224,-0.32574835684765613,-0.32574835684765613,-0.32574835684765613,-0.005617552629505648,-0.005617552629505648,-0.005617552629505648,-0.3201308042181505,-0.3201308042181505,-0.3201308042181505,0.0,0.0,0.0,165.38166300131155,0.13037142174408206,1.247759719542145
2024-09-10 17:15:39.185076,1.8657533680279788,153.0856403003354,173.260831493289,1.8657533680279788,1.8657533680279788,-0.30655719508396667,-0.30655719508396667,-0.30655719508396667,0.020164489095792347,0.020164489095792347,0.020164489095792347,-0.326721684179759,-0.326721684179759,-0.326721684179759,0.0,0.0,0.0,165.7468316687569,0.10167826612890962,1.2937932488068578
2024-09-11 17:15:39.185076,1.8809221179622349,153.26087315682702,173.94224389785364,1.8809221179622349,1.8809221179622349,-0.31004517671697346,-0.31004517671697346,-0.31004517671697346,0.024197687089273504,0.024197687089273504,0.024197687089273504,-0.33424286380624696,-0.33424286380624696,-0.33424286380624696,0.0,0.0,0.0,170.33093994436655,0.3154008704719958,1.29775128750777
2024-09-12 17:15:39.185076,1.8960908678964923,151.4226844305464,171.89704137598014,1.8960908678964923,1.8960908678964923,-0.3634478665367373,-0.3634478665367373,-0.3634478665367373,-0.02086781241148469,-0.02086781241148469,-0.02086781241148469,-0.3425800541252526,-0.3425800541252526,-0.3425800541252526,0.0,0.0,0.0,168.3919245082736,0.314115520208214,1.2069606871997216
2024-09-13 17:15:39.185076,1.9112596178307484,151.56444899249075,173.1483808560251,1.9112596178307484,1.9112596178307484,-0.35049438811889755,-0.35049438811889755,-0.35049438811889755,0.00110544777150467,0.00110544777150467,0.00110544777150467,-0.3515998358904022,-0.3515998358904022,-0.3515998358904022,0.0,0.0,0.0,168.17853504561407,0.26956936285507366,1.2413738475428022
2024-09-14 17:15:39.185076,1.9264283677650045,151.4940905251001,172.26266041368586,1.9264283677650045,1.9264283677650045,-0.3710999217757403,-0.3710999217757403,-0.3710999217757403,-0.009946262067095236,-0.009946262067095236,-0.009946262067095236,-0.3611536597086451,-0.3611536597086451,-0.3611536597086451,0.0,0.0,0.0,165.34204826329307,0.16471904744307475,1.2115309511808443
2024-09-15 17:15:39.185076,1.9415971176992608,151.9861308383803,172.12621027760778,1.9415971176992608,1.9415971176992608,-0.3801182286172306,-0.3801182286172306,-0.3801182286172306,-0.009035996848511741,-0.009035996848511741,-0.009035996848511741,-0.37108223176871885,-0.37108223176871885,-0.37108223176871885,0.0,0.0,0.0,163.72571664753235,0.09593632860969543,1.2035606606310971
2024-09-16 17:15:39.185076,1.956765867633517,151.74695917597188,171.82130034574755,1.956765867633517,1.956765867633517,-0.38683770851379073,-0.38683770851379073,-0.38683770851379073,-0.00561755262958096,-0.00561755262958096,-0.00561755262958096,-0.38122015588420977,-0.38122015588420977,-0.38122015588420977,0.0,0.0,0.0,157.27148275720003,-0.2068033504646065,1.1998150433001677
2024-09-17 17:15:39.185076,1.971934617567773,152.62169755983896,173.2209653551867,1.971934617567773,1.971934617567773,-0.3712362067343723,-0.3712362067343723,-0.3712362067343723,0.020164489095858044,0.020164489095858044,0.020164489095858044,-0.39140069583023035,-0.39140069583023035,-0.39140069583023035,0.0,0.0,0.0,160.22999575729878,-0.10638165721240447,1.2398810902137178
2024-09-18 17:15:39.185076,1.9871033675020293,152.26178757429295,172.8909199512328,1.9871033675020293,1.9871033675020293,-0.3772628321508735,-0.3772628321508735,-0.3772628321508735,0.024197687089313795,0.024197687089313795,0.024197687089313795,-0.4014605192401873,-0.4014605192401873,-0.4014605192401873,0.0,0.0,0.0,166.92760461540735,0.2140984927011616,1.2374431233016756
2024-09-19 17:15:39.185076,2.0022721174362856,149.60673373721633,171.39468483441647,2.0022721174362856,2.0022721174362856,-0.43211209811491746,-0.43211209811491746,-0.43211209811491746,-0.02086781241152248,-0.02086781241152248,-0.02086781241152248,-0.41124428570339494,-0.41124428570339494,-0.41124428570339494,0.0,0.0,0.0,168.28415621710724,0.37889261814214564,1.1370661117738938
2024-09-20 17:15:39.185076,2.0174408673705426,150.61244511282408,171.76207518685152,2.0174408673705426,2.0174408673705426,-0.4195034993315482,-0.4195034993315482,-0.4195034993315482,0.0011054477714549007,0.0011054477714549007,0.0011054477714549007,-0.4206089471030031,-0.4206089471030031,-0.4206089471030031,0.0,0.0,0.0,169.6637152482675,0.4103510091916977,1.1711173638141261
2024-09-21 17:15:39.185076,2.032609617304798,149.78121193674403,170.32516523949354,2.032609617304798,2.032609617304798,-0.43937389955122386,-0.43937389955122386,-0.43937389955122386,-0.009946262067067349,-0.009946262067067349,-0.009946262067067349,-0.42942763748415647,-0.42942763748415647,-0.42942763748415647,0.0,0.0,0.0,164.05174379109084,0.1754446877567184,1.139534003484268
2024-09-22 17:15:39.185076,2.0477783672390553,149.9841779057179,170.2494416634675,2.0477783672390553,2.0477783672390553,-0.4466290393980855,-0.4466290393980855,-0.4466290393980855,-0.0090359968484691,-0.0090359968484691,-0.0090359968484691,-0.4375930425496164,-0.4375930425496164,-0.4375930425496164,0.0,0.0,0.0,163.39238390474267,0.1504872918906236,1.1331810821788961
2024-09-23 17:15:39.185076,2.0629471171733114,149.64514374516736,170.22724253912133,2.0629471171733114,2.0629471171733114,-0.45063770748759074,-0.45063770748759074,-0.45063770748759074,-0.005617552629617444,-0.005617552629617444,-0.005617552629617444,-0.4450201548579733,-0.4450201548579733,-0.4450201548579733,0.0,0.0,0.0,157.80136993946832,-0.11513147933158262,1.1333053576221963
2024-09-24 17:15:39.185076,2.0781158671075675,151.30736009093525,171.70594983205115,2.0781158671075675,2.0781158671075675,-0.431483850360363,-0.431483850360363,-0.431483850360363,0.020164489095855227,0.020164489095855227,0.020164489095855227,-0.4516483394562183,-0.4516483394562183,-0.4516483394562183,0.0,0.0,0.0,160.08092931084076,-0.05502155706011076,1.1814424312730296
2024-09-25 17:15:39.185076,2.0932846170418236,150.4295427327635,171.41085969424142,2.0932846170418236,2.0932846170418236,-0.4332449683697763,-0.4332449683697763,-0.4332449683697763,0.024197687089254523,0.024197687089254523,0.024197687089254523,-0.4574426554590308,-0.4574426554590308,-0.4574426554590308,0.0,0.0,0.0,164.5153047515414,0.15061172505082568,1.1863795893425995
2024-09-26 17:15:39.185076,2.1084533669760797,148.10966707122893,169.8052193708545,2.1084533669760797,2.1084533669760797,-0.4832622137776481,-0.4832622137776481,-0.4832622137776481,-0.020867812411517903,-0.020867812411517903,-0.020867812411517903,-0.4623944013661302,-0.4623944013661302,-0.4623944013661302,0.0,0.0,0.0,166.90394280158156,0.36090048757203547,1.0895175252042835
2024-09-27 17:15:39.185076,2.123622116910337,149.19234866125927,171.05200771453633,2.123622116910337,2.123622116910337,-0.46541542725380664,-0.46541542725380664,-0.46541542725380664,0.0011054477714627104,0.0011054477714627104,0.0011054477714627104,-0.46652087502526934,-0.46652087502526934,-0.46652087502526934,0.0,0.0,0.0,170.05940749756763,0.46500256527284495,1.135255622042879
2024-09-28 17:15:39.185076,2.1387908668445923,148.7855656665405,169.787015016229,2.1387908668445923,2.1387908668445923,-0.4798106244822894,-0.4798106244822894,-0.4798106244822894,-0.009946262067103931,-0.009946262067103931,-0.009946262067103931,-0.4698643624151855,-0.4698643624151855,-0.4698643624151855,0.0,0.0,0.0,163.87124833380284,0.19383141126875172,1.1125762853868715
2024-09-29 17:15:39.185076,2.1539596167788484,149.66251585443558,170.40133316533473,2.1539596167788484,2.1539596167788484,-0.48152638900366507,-0.48152638900366507,-0.48152638900366507,-0.009035996848554984,-0.009035996848554984,-0.009035996848554984,-0.4724903921551101,-0.4724903921551101,-0.4724903921551101,0.0,0.0,0.0,163.50108203631717,0.17205878544600242,1.1167712204516114
2024-09-30 17:15:39.185076,2.169128366713106,150.5083989341445,170.94844354142958,2.169128366713106,2.169128366713106,-0.48010286680725617,-0.48010286680725617,-0.48010286680725617,-0.005617552629506549,-0.005617552629506549,-0.005617552629506549,-0.4744853141777496,-0.4744853141777496,-0.4744853141777496,0.0,0.0,0.0,159.15343992007018,-0.045345441121526366,1.1277236193812024
2024-10-01 17:15:39.185076,2.184297116647362,150.7649318939432,172.1135725337083,2.184297116647362,2.184297116647362,-0.4557887915978126,-0.4557887915978126,-0.4557887915978126,0.020164489095852407,0.020164489095852407,0.020164489095852407,-0.47595328069366505,-0.47595328069366505,-0.47595328069366505,0.0,0.0,0.0,158.8353489664714,-0.12144563974254496,1.1887189733600745
2024-10-02 17:15:39.185076,2.199465866581618,151.2019041875913,171.19414079710052,2.199465866581618,2.199465866581618,-0.4528150377783539,-0.4528150377783539,-0.4528150377783539,0.024197687089359717,0.024197687089359717,0.024197687089359717,-0.4770127248677136,-0.4770127248677136,-0.4770127248677136,0.0,0.0,0.0,168.3098437589747,0.3136638796085537,1.2035146471132625
2024-10-03 17:15:39.185076,2.214634616515874,149.59308210814305,170.08371199775075,2.214634616515874,2.214634616515874,-0.4986602594122291,-0.4986602594122291,-0.4986602594122291,-0.020867812411513326,-0.020867812411513326,-0.020867812411513326,-0.47779244700071577,-0.47779244700071577,-0.47779244700071577,0.0,0.0,0.0,168.63317345994952,0.4222477940125048,1.1102843441407657
2024-10-04 17:15:39.185076,2.22980336645013,149.90675408201326,171.30692748977148,2.22980336645013,2.22980336645013,-0.4773219812975309,-0.4773219812975309,-0.4773219812975309,0.0011054477714821376,0.0011054477714821376,0.0011054477714821376,-0.47842742906901303,-0.47842742906901303,-0.47842742906901303,0.0,0.0,0.0,168.44453205669691,0.358105120078719,1.1654692056722498
2024-10-05 17:15:39.185076,2.2449721163843877,150.72471800833864,171.73273553511805,2.2449721163843877,2.2449721163843877,-0.4890007679622229,-0.4890007679622229,-0.4890007679622229,-0.009946262067098408,-0.009946262067098408,-0.009946262067098408,-0.4790545058951245,-0.4790545058951245,-0.4790545058951245,0.0,0.0,0.0,163.73136733283624,0.15258628986691436,1.1471790274186453
2024-10-06 17:15:39.185076,2.260140866318643,150.9744885238706,170.96952536884686,2.260140866318643,2.260140866318643,-0.48884402164529006,-0.48884402164529006,-0.48884402164529006,-0.009035996848512341,-0.009035996848512341,-0.009035996848512341,-0.4798080247967777,-0.4798080247967777,-0.4798080247967777,0.0,0.0,0.0,161.68355967846603,0.047238751348519646,1.1552845157425675
2024-10-07 17:15:39.185076,2.2753096162529003,151.09053685316061,171.03787114749133,2.2753096162529003,2.2753096162529003,-0.486433177839633,-0.486433177839633,-0.486433177839633,-0.005617552629581864,-0.005617552629581864,-0.005617552629581864,-0.4808156252100511,-0.4808156252100511,-0.4808156252100511,0.0,0.0,0.0,154.31847589714138,-0.315738112201578,1.168523529049926
2024-10-08 17:15:39.185076,2.2904783661871564,151.92802631354598,172.42699990950547,2.2904783661871564,2.2904783661871564,-0.4620297764146752,-0.4620297764146752,-0.4620297764146752,0.02016448909584958,0.02016448909584958,0.02016448909584958,-0.4821942655105248,-0.4821942655105248,-0.4821942655105248,0.0,0.0,0.0,156.93162836143733,-0.25533576786498846,1.2322091587750539
2024-10-09 17:15:39.185076,2.3056471161214125,151.91318047877036,173.27145485135125,2.3056471161214125,2.3056471161214125,-0.45984892913310266,-0.45984892913310266,-0.45984892913310266,0.024197687089300444,0.024197687089300444,0.024197687089300444,-0.4840466162224031,-0.4840466162224031,-0.4840466162224031,0.0,0.0,0.0,160.96156676419,-0.07715899645194321,1.2453977588141545
2024-10-10 17:15:39.185076,2.3208158660556686,150.7781710009418,170.9844433930533,2.3208158660556686,2.3208158660556686,-0.5073257396566473,-0.5073257396566473,-0.5073257396566473,-0.020867812411551112,-0.020867812411551112,-0.020867812411551112,-0.4864579272450962,-0.4864579272450962,-0.4864579272450962,0.0,0.0,0.0,162.825999328082,0.11336683571016234,1.1434062402020941
2024-10-11 17:15:39.185076,2.3359846159899247,151.8543475847741,172.1339999647342,2.3359846159899247,2.3359846159899247,-0.4883880142259193,-0.4883880142259193,-0.4883880142259193,0.001105447771478335,0.001105447771478335,0.001105447771478335,-0.4894934619973977,-0.4894934619973977,-0.4894934619973977,0.0,0.0,0.0,166.47566717180413,0.23496321822928876,1.1951177281243086
2024-10-12 17:15:39.185076,2.351153365924181,150.35629138032058,171.02305837850292,2.351153365924181,2.351153365924181,-0.5031428359972167,-0.5031428359972167,-0.5031428359972167,-0.00994626206709288,-0.00994626206709288,-0.00994626206709288,-0.4931965739301237,-0.4931965739301237,-0.4931965739301237,0.0,0.0,0.0,160.63318983225997,-0.015541915051951462,1.1681873935286868
2024-10-13 17:15:39.185076,2.3663221158584373,150.44930144218313,171.13314476674927,2.3663221158584373,2.3663221158584373,-0.5066234780525191,-0.5066234780525191,-0.5066234780525191,-0.009035996848495455,-0.009035996848495455,-0.009035996848495455,-0.4975874812040235,-0.4975874812040235,-0.4975874812040235,0.0,0.0,0.0,159.25080608500204,-0.08048607421256118,1.1674877753296398
2024-10-14 17:15:39.185076,2.3814908657926934,150.43831981539878,171.68650606931942,2.3814908657926934,2.3814908657926934,-0.5082803266959798,-0.5082803266959798,-0.5082803266959798,-0.005617552629544659,-0.005617552629544659,-0.005617552629544659,-0.5026627740664351,-0.5026627740664351,-0.5026627740664351,0.0,0.0,0.0,153.13225158508732,-0.3745694578768178,1.1710259105040914
2024-10-15 17:15:39.185076,2.396659615726951,152.14418070018183,172.9071513398967,2.396659615726951,2.396659615726951,-0.48823117811626326,-0.48823117811626326,-0.48823117811626326,0.02016448909591528,0.02016448909591528,0.02016448909591528,-0.5083956672121785,-0.5083956672121785,-0.5083956672121785,0.0,0.0,0.0,157.87962702258594,-0.20464567936343578,1.2265356679969108
2024-10-16 17:15:39.185076,2.411828365661207,152.13852720536485,172.88811689848805,2.411828365661207,2.411828365661207,-0.4905392997615037,-0.4905392997615037,-0.4905392997615037,0.024197687089290952,0.024197687089290952,0.024197687089290952,-0.5147369868507946,-0.5147369868507946,-0.5147369868507946,0.0,0.0,0.0,161.80089870653524,-0.020636548102659205,1.2287317680248266
2024-10-17 17:15:39.185076,2.426997115595463,149.69177011918032,170.33409690403874,2.426997115595463,2.426997115595463,-0.5424846723935276,-0.5424846723935276,-0.5424846723935276,-0.020867812411481636,-0.020867812411481636,-0.020867812411481636,-0.521616859982046,-0.521616859982046,-0.521616859982046,0.0,0.0,0.0,162.40029658692652,0.12616980505598963,1.110388380441622
2024-10-18 17:15:39.185076,2.442165865529719,150.5248153317811,169.83149235875686,2.442165865529719,2.442165865529719,-0.5278416043951498,-0.5278416043951498,-0.5278416043951498,0.0011054477714401746,0.0011054477714401746,0.0011054477714401746,-0.52894705216659,-0.52894705216659,-0.52894705216659,0.0,0.0,0.0,165.09140687179067,0.21125894227238037,1.1530891168694424
2024-10-19 17:15:39.185076,2.4573346154639752,149.85791131104497,170.31959640492437,2.4573346154639752,2.4573346154639752,-0.5465701425591171,-0.5465701425591171,-0.5465701425591171,-0.009946262067087357,-0.009946262067087357,-0.009946262067087357,-0.5366238804920297,-0.5366238804920297,-0.5366238804920297,0.0,0.0,0.0,160.33135996168434,0.024083922104541276,1.1142288843743773
2024-10-20 17:15:39.185076,2.4725033653982327,148.92158968960953,169.41648684203673,2.4725033653982327,2.4725033653982327,-0.553567607899428,-0.553567607899428,-0.553567607899428,-0.009035996848452812,-0.009035996848452812,-0.009035996848452812,-0.5445316110509751,-0.5445316110509751,-0.5445316110509751,0.0,0.0,0.0,155.53288481880548,-0.1933528384331112,1.1038055918914476
2024-10-21 17:15:39.185076,2.487672115332488,149.32500004250087,170.4407839603408,2.487672115332488,2.487672115332488,-0.5581637882071433,-0.5581637882071433,-0.5581637882071433,-0.005617552629581143,-0.005617552629581143,-0.005617552629581143,-0.5525462355775621,-0.5525462355775621,-0.5525462355775621,0.0,0.0,0.0,151.48508952661334,-0.3809041926105762,1.0991436236212289
2024-10-22 17:15:39.185076,2.502840865266744,150.1932242435762,170.39661764276872,2.502840865266744,2.502840865266744,-0.5403750212682524,-0.5403750212682524,-0.5403750212682524,0.020164489095843934,0.020164489095843934,0.020164489095843934,-0.5605395103640963,-0.5605395103640963,-0.5605395103640963,0.0,0.0,0.0,154.52946084311762,-0.28756394631881277,1.1503681794671758
2024-10-23 17:15:39.185076,2.5180096152010014,150.3410505878058,170.63413133849562,2.5180096152010014,2.5180096152010014,-0.5441854454386731,-0.5441854454386731,-0.5441854454386731,0.02419768708928146,0.02419768708928146,0.02419768708928146,-0.5683831325279545,-0.5683831325279545,-0.5683831325279545,0.0,0.0,0.0,156.54514368727627,-0.18922462426859554,1.1477454311339828
2024-10-24 17:15:39.185076,2.533178365135256,147.72831423207128,168.58659636279754,2.533178365135256,2.533178365135256,-0.5968207367794076,-0.5968207367794076,-0.5968207367794076,-0.020867812411519422,-0.020867812411519422,-0.020867812411519422,-0.5759529243678883,-0.5759529243678883,-0.5759529243678883,0.0,0.0,0.0,158.26312060919832,0.018775551243689338,1.0213249868615772
2024-10-25 17:15:39.185076,2.5483471150695136,148.9834868192472,168.99771755003437,2.5483471150695136,2.5483471150695136,-0.582027448276123,-0.582027448276123,-0.582027448276123,0.0011054477714479895,0.0011054477714479895,0.0011054477714479895,-0.583132896047571,-0.583132896047571,-0.583132896047571,0.0,0.0,0.0,158.23228083114,-0.026503063789552448,1.0651391463637851
2024-10-26 17:15:39.185076,2.5635158650037697,147.93523164394128,169.06869250933315,2.5635158650037697,2.5635158650037697,-0.5997653222640342,-0.5997653222640342,-0.5997653222640342,-0.00994626206712394,-0.00994626206712394,-0.00994626206712394,-0.5898190601969103,-0.5898190601969103,-0.5898190601969103,0.0,0.0,0.0,156.51904134941523,-0.06872663301457728,1.0260079461008194
2024-10-27 17:15:39.185076,2.578684614938026,147.40115393659988,168.01757486715363,2.578684614938026,2.578684614938026,-0.60495887597083,-0.60495887597083,-0.60495887597083,-0.00903599684847443,-0.00903599684847443,-0.00903599684847443,-0.5959228791223556,-0.5959228791223556,-0.5959228791223556,0.0,0.0,0.0,154.64253466733516,-0.15051281999240834,1.018686468801845
2024-10-28 17:15:39.185076,2.5938533648722824,148.0547883591565,167.35743919348704,2.5938533648722824,2.5938533648722824,-0.6069917885855012,-0.6069917885855012,-0.6069917885855012,-0.005617552629617625,-0.005617552629617625,-0.005617552629617625,-0.6013742359558836,-0.6013742359558836,-0.6013742359558836,0.0,0.0,0.0,151.54732446537187,-0.2982109566661606,1.0194056715999351
2024-10-29 17:15:39.185076,2.6090221148065385,149.09572051070953,169.40880964469977,2.6090221148065385,2.6090221148065385,-0.5859593458457019,-0.5859593458457019,-0.5859593458457019,0.02016448909583927,0.02016448909583927,0.02016448909583927,-0.6061238349415411,-0.6061238349415411,-0.6061238349415411,0.0,0.0,0.0,151.86003632662454,-0.34419709474229027,1.0802412231175296
2024-10-30 17:15:39.185076,2.624190864740796,148.61712636351933,170.22106966018038,2.624190864740796,2.624190864740796,-0.5859472656535345,-0.5859472656535345,-0.5859472656535345,0.02419768708927196,0.02419768708927196,0.02419768708927196,-0.6101449527428064,-0.6101449527428064,-0.6101449527428064,0.0,0.0,0.0,153.02188932079642,-0.29533760508284856,1.0865534029929422
2024-10-31 17:15:39.185076,2.639359614675052,146.54995069479273,166.97264246257873,2.639359614675052,2.639359614675052,-0.6343022940926771,-0.6343022940926771,-0.6343022940926771,-0.020867812411514846,-0.020867812411514846,-0.020867812411514846,-0.6134344816811622,-0.6134344816811622,-0.6134344816811622,0.0,0.0,0.0,156.62420769101905,-0.002932521566821395,0.9652077561511022
2024-11-01 17:15:39.185076,2.6545283646093067,147.37122416180637,168.04555206877578,2.6545283646093067,2.6545283646093067,-0.6149077788395659,-0.6149077788395659,-0.6149077788395659,0.0011054477714674132,0.0011054477714674132,0.0011054477714674132,-0.6160132266110334,-0.6160132266110334,-0.6160132266110334,0.0,0.0,0.0,154.31894922211552,-0.16943033093600376,1.0222382240607726
2024-11-02 17:15:39.185076,2.669697114543564,147.33913926769125,167.86726017234795,2.669697114543564,2.669697114543564,-0.6278717011835292,-0.6278717011835292,-0.6278717011835292,-0.009946262067076307,-0.009946262067076307,-0.009946262067076307,-0.6179254391164528,-0.6179254391164528,-0.6179254391164528,0.0,0.0,0.0,152.23085306687196,-0.23981713957786926,0.9934698455903374
2024-11-03 17:15:39.185076,2.6848658644778203,147.3835993752082,167.83239920354026,2.6848658644778203,2.6848658644778203,-0.6282735920695937,-0.6282735920695937,-0.6282735920695937,-0.009035996848521811,-0.009035996848521811,-0.009035996848521811,-0.6192375952210718,-0.6192375952210718,-0.6192375952210718,0.0,0.0,0.0,150.30307406848897,-0.3359252154461524,0.9980355435773053
2024-11-04 17:15:39.185076,2.7000346144120777,147.1550065415254,167.2687154274779,2.7000346144120777,2.7000346144120777,-0.6256539978294924,-0.6256539978294924,-0.6256539978294924,-0.005617552629506732,-0.005617552629506732,-0.005617552629506732,-0.6200364451999856,-0.6200364451999856,-0.6200364451999856,0.0,0.0,0.0,146.56987777919412,-0.5259111318268562,1.0107471636271494
2024-11-05 17:15:39.185076,2.715203364346333,148.6838707819463,169.1774046023494,2.715203364346333,2.715203364346333,-0.6002618966079852,-0.6002618966079852,-0.6002618966079852,0.02016448909583645,0.02016448909583645,0.02016448909583645,-0.6204263857038216,-0.6204263857038216,-0.6204263857038216,0.0,0.0,0.0,149.24333806067273,-0.47358246456185127,1.0853702431874208
2024-11-06 17:15:39.185076,2.730372114280589,149.2109296841537,169.75096934788758,2.730372114280589,2.730372114280589,-0.5963285375567642,-0.5963285375567642,-0.5963285375567642,0.024197687089212695,0.024197687089212695,0.024197687089212695,-0.620526224645977,-0.620526224645977,-0.620526224645977,0.0,0.0,0.0,153.85987617057742,-0.27116492188669183,1.1021733043858752
2024-11-07 17:15:39.185076,2.7455408642148464,147.51684924709525,167.92244325436005,2.7455408642148464,2.7455408642148464,-0.6413332399710623,-0.6413332399710623,-0.6413332399710623,-0.020867812411531454,-0.020867812411531454,-0.020867812411531454,-0.6204654275595307,-0.6204654275595307,-0.6204654275595307,0.0,0.0,0.0,152.0814810687644,-0.23817460847504654,0.9847342462949886
2024-11-08 17:15:39.185076,2.760709614149101,148.0580468226442,169.18194887702674,2.760709614149101,2.760709614149101,-0.6192745021190547,-0.6192745021190547,-0.6192745021190547,0.001105447771486837,0.001105447771486837,0.001105447771486837,-0.6203799498905415,-0.6203799498905415,-0.6203799498905415,0.0,0.0,0.0,151.63655423401303,-0.32564066890224497,1.0510725423516292
2024-11-09 17:15:39.185076,2.7758783640833586,147.24815276876743,168.07703332818215,2.7758783640833586,2.7758783640833586,-0.630354034561507,-0.630354034561507,-0.630354034561507,-0.009946262067090528,-0.009946262067090528,-0.009946262067090528,-0.6204077724944165,-0.6204077724944165,-0.6204077724944165,0.0,0.0,0.0,150.3920871171111,-0.3597550423362319,1.026092237831418
2024-11-10 17:15:39.185076,2.7910471140176147,147.59762296076286,169.07753948613112,2.7910471140176147,2.7910471140176147,-0.6297202639309789,-0.6297202639309789,-0.6297202639309789,-0.009035996848543431,-0.009035996848543431,-0.009035996848543431,-0.6206842670824354,-0.6206842670824354,-0.6206842670824354,0.0,0.0,0.0,148.71756465459214,-0.4466472490775194,1.0334681887346453
2024-11-11 17:15:39.185076,2.806215863951871,147.25887257360841,168.94309587838745,2.806215863951871,2.806215863951871,-0.6269550768774397,-0.6269550768774397,-0.6269550768774397,-0.005617552629543218,-0.005617552629543218,-0.005617552629543218,-0.6213375242478965,-0.6213375242478965,-0.6213375242478965,0.0,0.0,0.0,144.45712535779995,-0.6623345622648874,1.0468445812332348
2024-11-12 17:15:39.185076,2.821384613886127,150.2366406111078,170.52399528690717,2.821384613886127,2.821384613886127,-0.6023192897261657,-0.6023192897261657,-0.6023192897261657,0.02016448909590215,0.02016448909590215,0.02016448909590215,-0.6224837788220678,-0.6224837788220678,-0.6224837788220678,0.0,0.0,0.0,147.3772331408714,-0.5988361855054231,1.1220102372059029
2024-11-13 17:15:39.185076,2.8365533638203835,149.9676990376912,169.96123040522167,2.8365533638203835,2.8365533638203835,-0.6000253785179872,-0.6000253785179872,-0.6000253785179872,0.02419768708925298,0.02419768708925298,0.02419768708925298,-0.6242230656072402,-0.6242230656072402,-0.6242230656072402,0.0,0.0,0.0,151.47443750487562,-0.4168157481517113,1.134549358007588
2024-11-14 17:15:39.185076,2.8517221137546405,147.50011796766395,168.36576602388368,2.8517221137546405,2.8517221137546405,-0.647503045467631,-0.647503045467631,-0.647503045467631,-0.02086781241148316,-0.02086781241148316,-0.02086781241148316,-0.6266352330561479,-0.6266352330561479,-0.6266352330561479,0.0,0.0,0.0,150.72139139281265,-0.32324884510936946,1.0052233602711207
2024-11-15 17:15:39.185076,2.866890863688897,149.03454042834431,168.8351400359109,2.866890863688897,2.866890863688897,-0.6286709856001761,-0.6286709856001761,-0.6286709856001761,0.001105447771483038,0.001105447771483038,0.001105447771483038,-0.6297764333716591,-0.6297764333716591,-0.6297764333716591,0.0,0.0,0.0,153.72160460881372,-0.2401173299595874,1.064559758805458
2024-11-16 17:15:39.185076,2.8820596136231518,146.96748813450876,168.47861501732604,2.8820596136231518,2.8820596136231518,-0.6436224571142045,-0.6436224571142045,-0.6436224571142045,-0.009946262067085005,-0.009946262067085005,-0.009946262067085005,-0.6336761950471195,-0.6336761950471195,-0.6336761950471195,0.0,0.0,0.0,152.47753379633028,-0.2617347537779975,1.0271013235534039
2024-11-17 17:15:39.185076,2.897228363557409,147.99265155603203,167.63753713553626,2.897228363557409,2.897228363557409,-0.647371165255976,-0.647371165255976,-0.647371165255976,-0.009035996848500788,-0.009035996848500788,-0.009035996848500788,-0.6383351684074752,-0.6383351684074752,-0.6383351684074752,0.0,0.0,0.0,149.59101279550524,-0.3933488252066776,1.0216462618285846
2024-11-18 17:15:39.185076,2.9123971134916653,147.9798936996604,168.6108002734977,2.9123971134916653,2.9123971134916653,-0.6493411693176256,-0.6493411693176256,-0.6493411693176256,-0.005617552629506012,-0.005617552629506012,-0.005617552629506012,-0.6437236166881196,-0.6437236166881196,-0.6437236166881196,0.0,0.0,0.0,148.36557226390235,-0.45115151254117386,1.0212577662997098
2024-11-19 17:15:39.185076,2.9275658634259214,147.82493855635693,169.83098021417575,2.9275658634259214,2.9275658634259214,-0.6296162160065029,-0.6296162160065029,-0.6296162160065029,0.02016448909596785,0.02016448909596785,0.02016448909596785,-0.6497807051024708,-0.6497807051024708,-0.6497807051024708,0.0,0.0,0.0,148.6350810268308,-0.501418794473196,1.0843229223858823
2024-11-20 17:15:39.185076,2.942734613360178,148.38611916975674,169.08675037803255,2.942734613360178,2.942734613360178,-0.6322169316893637,-0.6322169316893637,-0.6322169316893637,0.024197687089308396,0.024197687089308396,0.024197687089308396,-0.656414618778672,-0.656414618778672,-0.656414618778672,0.0,0.0,0.0,151.28071235814136,-0.3737535741572303,1.0822879653255204
2024-11-21 17:15:39.185076,2.957903363294434,145.54137402790894,166.25033839809217,2.957903363294434,2.957903363294434,-0.6843713303955364,-0.6843713303955364,-0.6843713303955364,-0.02086781241149976,-0.02086781241149976,-0.02086781241149976,-0.6635035179840367,-0.6635035179840367,-0.6635035179840367,0.0,0.0,0.0,149.55336584368516,-0.30708936725862435,0.9335991033751905
2024-11-22 17:15:39.185076,2.9730721132286915,146.8425863569166,167.0813213517166,2.9730721132286915,2.9730721132286915,-0.6697918685690435,-0.6697918685690435,-0.6697918685690435,0.0011054477715024616,0.0011054477715024616,0.0011054477715024616,-0.670897316340546,-0.670897316340546,-0.670897316340546,0.0,0.0,0.0,151.01765557296713,-0.28568969194290744,0.9817325871187313
2024-11-23 17:15:39.185076,2.9882408631629462,145.64791432205092,165.7816976526919,2.9882408631629462,2.9882408631629462,-0.6883665074630876,-0.6883665074630876,-0.6883665074630876,-0.009946262067121583,-0.009946262067121583,-0.009946262067121583,-0.678420245395966,-0.678420245395966,-0.678420245395966,0.0,0.0,0.0,149.69662250850473,-0.2979235247061419,0.9312359367289867
2024-11-24 17:15:39.185076,3.0034096130972037,145.2463193038676,165.9386704478046,3.0034096130972037,3.0034096130972037,-0.6949101444181695,-0.6949101444181695,-0.6949101444181695,-0.009035996848522406,-0.009035996848522406,-0.009035996848522406,-0.685874147569647,-0.685874147569647,-0.685874147569647,0.0,0.0,0.0,147.98744146310196,-0.36415944395641237,0.9163098051129074
2024-11-25 17:15:39.185076,3.0185783630314598,145.71045137794198,165.8256667098779,3.0185783630314598,3.0185783630314598,-0.6986599723657517,-0.6986599723657517,-0.6986599723657517,-0.005617552629581326,-0.005617552629581326,-0.005617552629581326,-0.6930424197361704,-0.6930424197361704,-0.6930424197361704,0.0,0.0,0.0,145.09474795553112,-0.4948303665500903,0.909618487332044
2024-11-26 17:15:39.185076,3.033747112965716,146.31494697869383,167.25182649030535,3.033747112965716,3.033747112965716,-0.6795300229786397,-0.6795300229786397,-0.6795300229786397,0.020164489095896507,0.020164489095896507,0.020164489095896507,-0.6996945120745363,-0.6996945120745363,-0.6996945120745363,0.0,0.0,0.0,146.9325182814301,-0.47016851440616014,0.972224867580741
2024-11-27 17:15:39.185076,3.048915862899972,147.39947068592815,167.18262978878377,3.048915862899972,3.048915862899972,-0.6813931846955997,-0.6813931846955997,-0.6813931846955997,0.024197687089348684,0.024197687089348684,0.024197687089348684,-0.7055908717849485,-0.7055908717849485,-0.7055908717849485,0.0,0.0,0.0,149.56144441260537,-0.3445120187377123,0.9714053732096275
2024-11-28 17:15:39.185076,3.0640846128342285,143.39032351349834,164.18952354309508,3.0640846128342285,3.0640846128342285,-0.731356021666847,-0.731356021666847,-0.731356021666847,-0.020867812411495188,-0.020867812411495188,-0.020867812411495188,-0.7104882092553517,-0.7104882092553517,-0.7104882092553517,0.0,0.0,0.0,147.90372910717875,-0.274972678228173,0.823147880341186
2024-11-29 17:15:39.185076,3.0792533627684846,144.747965275541,165.3432581945696,3.0792533627684846,3.0792533627684846,-0.713039507791406,-0.713039507791406,-0.713039507791406,0.0011054477715102765,0.0011054477715102765,0.0011054477715102765,-0.7141449555629164,-0.7141449555629164,-0.7141449555629164,0.0,0.0,0.0,145.3464923200638,-0.45688162465125065,0.8836240606150125
2024-11-30 17:15:39.185076,3.094422112702742,143.91627710091518,164.98136939854365,3.094422112702742,3.094422112702742,-0.7262730371160419,-0.7262730371160419,-0.7262730371160419,-0.009946262067051593,-0.009946262067051593,-0.009946262067051593,-0.7163267750489903,-0.7163267750489903,-0.7163267750489903,0.0,0.0,0.0,146.45054028203202,-0.36785758698460447,0.8470267667910828
2024-12-01 17:15:39.185076,3.109590862636997,143.80171539709488,165.0607709431653,3.109590862636997,3.109590862636997,-0.7258479920692875,-0.7258479920692875,-0.7258479920692875,-0.009035996848479767,-0.009035996848479767,-0.009035996848479767,-0.7168119952208077,-0.7168119952208077,-0.7168119952208077,0.0,0.0,0.0,144.35955656767632,-0.47262370456958497,0.852500578834929
2024-12-02 17:15:39.185076,3.1247596125712542,144.70802036619114,165.21651238036628,3.1247596125712542,3.1247596125712542,-0.7210143710677901,-0.7210143710677901,-0.7210143710677901,-0.005617552629544121,-0.005617552629544121,-0.005617552629544121,-0.715396818438246,-0.715396818438246,-0.715396818438246,0.0,0.0,0.0,143.28542084907133,-0.5428924846687696,0.87176302577516
2024-12-03 17:15:39.185076,3.1399283625055103,146.3656216730911,167.20003310727145,3.1399283625055103,3.1399283625055103,-0.6917356965512274,-0.6917356965512274,-0.6917356965512274,0.020164489095962204,0.020164489095962204,0.020164489095962204,-0.7119001856471896,-0.7119001856471896,-0.7119001856471896,0.0,0.0,0.0,144.9976701920718,-0.5577495366102224,0.9679278295468065
2024-12-04 17:15:39.185076,3.1550971124397664,147.24202146650828,167.71200098147784,3.1550971124397664,3.1550971124397664,-0.6819704845492696,-0.6819704845492696,-0.6819704845492696,0.02419768708928941,0.02419768708928941,0.02419768708928941,-0.7061681716385589,-0.7061681716385589,-0.7061681716385589,0.0,0.0,0.0,147.48294637197955,-0.47522006311417525,1.0034140058692176
2024-12-05 17:15:39.185076,3.1702658623740225,144.1056798709537,165.92624895102395,3.1702658623740225,3.1702658623740225,-0.7189456160861446,-0.7189456160861446,-0.7189456160861446,-0.020867812411511796,-0.020867812411511796,-0.020867812411511796,-0.6980778036746328,-0.6980778036746328,-0.6980778036746328,0.0,0.0,0.0,147.2990020081989,-0.37155794515402885,0.8910171187926584
2024-12-06 17:15:39.185076,3.185434612308279,147.00614391517607,167.54704318695192,3.185434612308279,3.185434612308279,-0.686434762684527,-0.686434762684527,-0.686434762684527,0.0011054477714605038,0.0011054477714605038,0.0011054477714605038,-0.6875402104559875,-0.6875402104559875,-0.6875402104559875,0.0,0.0,0.0,148.69492982756256,-0.4130954563080113,0.9988415601613674
2024-12-07 17:15:39.185076,3.200603362242536,146.8971681932225,167.86428254568762,3.200603362242536,3.200603362242536,-0.6844492879490737,-0.6844492879490737,-0.6844492879490737,-0.009946262067046067,-0.009946262067046067,-0.009946262067046067,-0.6745030258820276,-0.6745030258820276,-0.6745030258820276,0.0,0.0,0.0,146.55378841442425,-0.5258806565913637,1.009952669948221
2024-12-08 17:15:39.185076,3.2157721121767913,148.14699269591236,169.29515577300788,3.2157721121767913,3.2157721121767913,-0.6679879882260069,-0.6679879882260069,-0.6679879882260069,-0.00903599684856565,-0.00903599684856565,-0.00903599684856565,-0.6589519913774412,-0.6589519913774412,-0.6589519913774412,0.0,0.0,0.0,146.18560521176732,-0.6010864766701606,1.0676749683705193
2024-12-09 17:15:39.185076,3.2309408621110474,150.1615389152837,170.83303183245238,3.2309408621110474,3.2309408621110474,-0.6465292738121492,-0.6465292738121492,-0.6465292738121492,-0.005617552629580604,-0.005617552629580604,-0.005617552629580604,-0.6409117211825686,-0.6409117211825686,-0.6409117211825686,0.0,0.0,0.0,145.19670241521163,-0.7224134897194268,1.1420430128003927
2024-12-10 17:15:39.185076,3.246109612045305,154.3059020438939,173.5846251430156,3.246109612045305,3.246109612045305,-0.6002811272645047,-0.6002811272645047,-0.6002811272645047,0.02016448909595938,0.02016448909595938,0.02016448909595938,-0.620445616360464,-0.620445616360464,-0.620445616360464,0.0,0.0,0.0,149.16768836984255,-0.6893357921731873,1.2975312749026053
2024-12-11 17:15:39.185076,3.261278361979561,154.70875879259629,175.98416582424204,3.261278361979561,3.261278361979561,-0.5734572476815378,-0.5734572476815378,-0.5734572476815378,0.024197687089394612,0.024197687089394612,0.024197687089394612,-0.5976549347709323,-0.5976549347709323,-0.5976549347709323,0.0,0.0,0.0,154.16406428315884,-0.5456216107844442,1.3910746485954077
2024-12-12 17:15:39.185076,3.276447111913817,154.37881259995694,174.4551479072434,3.276447111913817,3.276447111913817,-0.5935448577360367,-0.5935448577360367,-0.5935448577360367,-0.020867812411507224,-0.020867812411507224,-0.020867812411507224,-0.5726770453245295,-0.5726770453245295,-0.5726770453245295,0.0,0.0,0.0,154.66266641219494,-0.462599153563876,1.3317287769932822
2024-12-13 17:15:39.185076,3.2916158618480735,157.43852289276072,178.10655696388292,3.2916158618480735,3.2916158618480735,-0.5445774671187773,-0.5445774671187773,-0.5445774671187773,0.0011054477714683153,0.0011054477714683153,0.0011054477714683153,-0.5456829148902456,-0.5456829148902456,-0.5456829148902456,0.0,0.0,0.0,157.31899189965617,-0.5038083244433034,1.4990760330748585
2024-12-14 17:15:39.185076,3.3067846117823296,158.85388537040575,178.3165972192355,3.3067846117823296,3.3067846117823296,-0.5268201568244415,-0.5268201568244415,-0.5268201568244415,-0.00994626206704054,-0.00994626206704054,-0.00994626206704054,-0.516873894757401,-0.516873894757401,-0.516873894757401,0.0,0.0,0.0,162.29574702038735,-0.3331102718816164,1.564703824018513
2024-12-15 17:15:39.185076,3.321953361716587,161.0332522645478,181.287159462332,3.321953361716587,3.321953361716587,-0.4955138869265542,-0.4955138869265542,-0.4955138869265542,-0.009035996848523006,-0.009035996848523006,-0.009035996848523006,-0.48647789007803116,-0.48647789007803116,-0.48647789007803116,0.0,0.0,0.0,166.20454213712628,-0.2586730172307955,1.6758793392636675
2024-12-16 17:15:39.185076,3.337122111650842,163.67051478623893,184.4624003972051,3.337122111650842,3.337122111650842,-0.4603625624432299,-0.4603625624432299,-0.4603625624432299,-0.0056175526295434,-0.0056175526295434,-0.0056175526295434,-0.4547450098136865,-0.4547450098136865,-0.4547450098136865,0.0,0.0,0.0,165.76495304096008,-0.40450400000408504,1.800836025145298
2024-12-17 17:15:39.185076,3.352290861585098,167.94332524914407,188.8667881482695,3.352290861585098,3.352290861585098,-0.4017783169474896,-0.4017783169474896,-0.4017783169474896,0.020164489095886196,0.020164489095886196,0.020164489095886196,-0.4219428060433758,-0.4219428060433758,-0.4219428060433758,0.0,0.0,0.0,169.82566087977992,-0.41625456942943817,2.0054130812989874
2024-12-18 17:15:39.185076,3.3674596115193554,171.30377142971733,191.64989294657477,3.3674573527620373,3.3675079838162905,-0.36415353270520984,-0.36415353270520984,-0.36415353270520984,0.024197687089385113,0.024197687089385113,0.024197687089385113,-0.38835121979459497,-0.38835121979459497,-0.38835121979459497,0.0,0.0,0.0,177.89443277906915,-0.16887565117104922,2.1411872977424684
2024-12-19 17:15:39.185076,3.3826283614536106,171.01490353449043,191.42394540429666,3.3824607566144476,3.3829655579342,-0.37512516808236446,-0.37512516808236446,-0.37512516808236446,-0.020867812411545006,-0.020867812411545006,-0.020867812411545006,-0.35425735567081945,-0.35425735567081945,-0.35425735567081945,0.0,0.0,0.0,178.7159508169387,-0.10239713448634809,2.113719328803152
2024-12-20 17:15:39.185076,3.397797111387869,173.7367625077882,195.1214992263271,3.3974294511179655,3.398390623617971,-0.31884476160146785,-0.31884476160146785,-0.31884476160146785,0.0011054477714877425,0.0011054477714877425,0.0011054477714877425,-0.3199502093729556,-0.3199502093729556,-0.3199502093729556,0.0,0.0,0.0,183.8207776564399,-0.060697658988538974,2.314427301437248
2024-12-21 17:15:39.185076,3.412965861322124,176.6001956793745,197.78751359302595,3.4123189398308056,3.413870033916262,-0.29566173284560265,-0.29566173284560265,-0.29566173284560265,-0.009946262067077122,-0.009946262067077122,-0.009946262067077122,-0.28571547077852555,-0.28571547077852555,-0.28571547077852555,0.0,0.0,0.0,184.68579905628042,-0.10907647284092986,2.40388246062074
2024-12-22 17:15:39.185076,3.42813461125638,179.57980654415758,200.24372784491817,3.427130728351328,3.429430127442337,-0.26086651748661543,-0.26086651748661543,-0.26086651748661543,-0.009035996848506122,-0.009035996848506122,-0.009035996848506122,-0.25183052063810935,-0.25183052063810935,-0.25183052063810935,0.0,0.0,0.0,186.05668570756256,-0.1739452588937162,2.5338490737425965
2024-12-23 17:15:39.185076,3.4433033611906376,182.4421193950459,202.91223874747038,3.44191331180835,3.445243001442747,-0.22417728400490117,-0.22417728400490117,-0.22417728400490117,-0.005617552629579886,-0.005617552629579886,-0.005617552629579886,-0.21855973137532128,-0.21855973137532128,-0.21855973137532128,0.0,0.0,0.0,184.7679101192013,-0.37268785773752355,2.671392965673973
2024-12-24 17:15:39.185076,3.4584721111248924,186.16324340245808,208.01117461853158,3.45645647281354,3.461143562376946,-0.16598568309639422,-0.16598568309639422,-0.16598568309639422,0.020164489095883375,0.020164489095883375,0.020164489095883375,-0.1861501721922776,-0.1861501721922776,-0.1861501721922776,0.0,0.0,0.0,190.0881343096172,-0.3330743557711739,2.8844152552899986
2024-12-25 17:15:39.185076,3.4736408610591485,189.3532069559485,210.1250857494585,3.471163107357884,3.4770821134304986,-0.1306301189439413,-0.1306301189439413,-0.1306301189439413,0.024197687089375627,0.024197687089375627,0.024197687089375627,-0.15482780603331692,-0.15482780603331692,-0.15482780603331692,0.0,0.0,0.0,197.22569284449963,-0.1296042402930838,3.0198787422104574
2024-12-26 17:15:39.185076,3.488809610993406,188.62538337775948,210.52482819324192,3.486010118412026,3.493048283771699,-0.1456620637568459,-0.1456620637568459,-0.1456620637568459,-0.020867812411540433,-0.020867812411540433,-0.020867812411540433,-0.12479425134530545,-0.12479425134530545,-0.12479425134530545,0.0,0.0,0.0,198.52596189458268,-0.02860341645692596,2.9806224030013877
2024-12-27 17:15:39.185076,3.503978360927662,192.6300936854492,213.49274881772078,3.5005587074054088,3.5088753892917603,-0.09511871765491406,-0.09511871765491406,-0.09511871765491406,0.001105447771495554,0.001105447771495554,0.001105447771495554,-0.09622416542640962,-0.09622416542640962,-0.09622416542640962,0.0,0.0,0.0,201.56498312808208,-0.07435469752862794,3.170684432545655
2024-12-28 17:15:39.185076,3.5191471108619172,194.12408288558223,214.5290589613386,3.5152319457534276,3.524804122539125,-0.07920955103650532,-0.07920955103650532,-0.07920955103650532,-0.009946262067113708,-0.009946262067113708,-0.009946262067113708,-0.06926328896939161,-0.06926328896939161,-0.06926328896939161,0.0,0.0,0.0,203.81117322907588,-0.03740488806518157,3.24039704817913
2024-12-29 17:15:39.185076,3.5343158607961747,196.29864399081345,216.6063453057949,3.5297970420963085,3.5408295378624484,-0.05306317051806592,-0.05306317051806592,-0.05306317051806592,-0.009035996848527742,-0.009035996848527742,-0.009035996848527742,-0.044027173669538185,-0.044027173669538185,-0.044027173669538185,0.0,0.0,0.0,204.03852496358795,-0.13298568702721075,3.346773855610042
2024-12-30 17:15:39.185076,3.5494846107304308,198.52094159494462,219.36296129002025,3.544544426111274,3.5570722718361303,-0.026218149608141887,-0.026218149608141887,-0.026218149608141887,-0.0056175526294689904,-0.0056175526294689904,-0.0056175526294689904,-0.020600596978672895,-0.020600596978672895,-0.020600596978672895,0.0,0.0,0.0,203.01615197176852,-0.29118385554844056,3.456423692174503
2024-12-31 17:15:39.185076,3.564653360664688,202.2184226614594,222.80526729365192,3.5591053385000615,3.573146340253038,0.021126838352399972,0.021126838352399972,0.021126838352399972,0.02016448909588055,0.02016448909588055,0.02016448909588055,0.0009623492565194233,0.0009623492565194233,0.0009623492565194233,0.0,0.0,0.0,205.3906662023645,-0.36196736368522764,3.63996321599779
2025-01-01 17:15:39.185076,3.579822110598943,204.23952209000757,226.02773950934204,3.573281879758477,3.589431509475737,0.0448352130610474,0.0448352130610474,0.0448352130610474,0.02419768708931635,0.02419768708931635,0.02419768708931635,0.020637525971731054,0.020637525971731054,0.020637525971731054,0.0,0.0,0.0,217.50258439811847,0.11281734992980494,3.7403241976482953
2025-01-02 17:15:39.185076,3.594990860533199,202.06169430342717,223.66388257848615,3.587668299716222,3.605890496736536,0.01756160226979112,0.01756160226979112,0.01756160226979112,-0.020867812411492135,-0.020867812411492135,-0.020867812411492135,0.038429414681283254,0.038429414681283254,0.038429414681283254,0.0,0.0,0.0,217.9847557926184,0.21791324430298425,3.6581246601894173
2025-01-03 17:15:39.185076,3.6101596104674565,205.2970522175683,226.4533850060905,3.6022168251172393,3.62232073971468,0.055474691860870895,0.055474691860870895,0.055474691860870895,0.0011054477714457795,0.0011054477714457795,0.0011054477714457795,0.05436924408942512,0.05436924408942512,0.05436924408942512,0.0,0.0,0.0,220.6159569673983,0.19055083592357572,3.8104321024267
2025-01-04 17:15:39.185076,3.6253283604017126,206.47092765725233,226.8609182590876,3.6165289480984772,3.638605405198805,0.05856638300186829,0.05856638300186829,0.05856638300186829,-0.009946262067108181,-0.009946262067108181,-0.009946262067108181,0.06851264506897647,0.06851264506897647,0.06851264506897647,0.0,0.0,0.0,220.11789393381923,0.13968122251624354,3.8376507296645346
2025-01-05 17:15:39.185076,3.640497110335968,208.2476318562105,229.3604409957597,3.6307973010641947,3.6548057668777987,0.07190091578702157,0.07190091578702157,0.07190091578702157,-0.00903599684854936,-0.00903599684854936,-0.00903599684854936,0.08093691263557094,0.08093691263557094,0.08093691263557094,0.0,0.0,0.0,218.32912724542393,-0.009861483418308687,3.9022521864891297
2025-01-06 17:15:39.185076,3.655665860270225,209.30916259677622,230.3236106343914,3.6449934527319288,3.671221936173842,0.08612040752715003,0.08612040752715003,0.08612040752715003,-0.005617552629505474,-0.005617552629505474,-0.005617552629505474,0.0917379601566555,0.0917379601566555,0.0917379601566555,0.0,0.0,0.0,218.53678823869708,-0.06824161555314051,3.9704932939397866
2025-01-07 17:15:39.185076,3.6708346102044813,213.7232629321794,233.64890392653112,3.6591114785430627,3.6874393387475664,0.1211915441739969,0.1211915441739969,0.1211915441739969,0.02016448909580737,0.02016448909580737,0.02016448909580737,0.10102705507818953,0.10102705507818953,0.10102705507818953,0.0,0.0,0.0,221.6608665858181,-0.0651072820503679,4.115708725022514
2025-01-08 17:15:39.185076,3.686003360138736,213.32481294128075,234.75482174323224,3.67314471492089,3.7037942232407293,0.1331251139980975,0.1331251139980975,0.1331251139980975,0.024197687089257076,0.024197687089257076,0.024197687089257076,0.10892742690884044,0.10892742690884044,0.10892742690884044,0.0,0.0,0.0,223.72708426846413,-0.027985267180556665,4.176702977654576
2025-01-09 17:15:39.185076,3.701172110072995,210.96045509275507,231.90215898771459,3.6873537135493386,3.7201049277178413,0.09470302470055098,0.09470302470055098,0.09470302470055098,-0.020867812411508743,-0.020867812411508743,-0.020867812411508743,0.11557083711205972,0.11557083711205972,0.11557083711205972,0.0,0.0,0.0,225.55205994070843,0.1836940730091857,4.051684303834228
2025-01-10 17:15:39.185076,3.7163408600072496,214.54617782511286,235.11213929858462,3.70168955719599,3.736779860686758,0.12219964483271661,0.12219964483271661,0.12219964483271661,0.0011054477714419805,0.0011054477714419805,0.0011054477714419805,0.12109419706127462,0.12109419706127462,0.12109419706127462,0.0,0.0,0.0,227.24391544815342,0.1452413152558532,4.170476393177449
2025-01-11 17:15:39.185076,3.731509609941507,213.961509714346,233.6545611496129,3.715912223535961,3.753015147008111,0.11569005241805473,0.11569005241805473,0.11569005241805473,-0.009946262067102654,-0.009946262067102654,-0.009946262067102654,0.12563631448515739,0.12563631448515739,0.12563631448515739,0.0,0.0,0.0,226.80158858623378,0.13150525387558543,4.163208152314114
2025-01-12 17:15:39.185076,3.746678359875763,214.67220334404018,235.5317953159207,3.7300007217095237,3.7696542888214504,0.12029884429014577,0.12029884429014577,0.12029884429014577,-0.00903599684850672,-0.00903599684850672,-0.00903599684850672,0.12933484113865248,0.12933484113865248,0.12933484113865248,0.0,0.0,0.0,223.98919619561642,-0.03623509749078231,4.197399436495717
2025-01-13 17:15:39.185076,3.7618471098100184,215.50589111977825,235.3241814804921,3.7441382866622415,3.7858808358521343,0.12670593243989572,0.12670593243989572,0.12670593243989572,-0.005617552629507097,-0.005617552629507097,-0.005617552629507097,0.13232348506940284,0.13232348506940284,0.13232348506940284,0.0,0.0,0.0,222.14545824684336,-0.16488272706244056,4.2384954555548235
2025-01-14 17:15:39.185076,3.7770158597442767,218.96546769489987,238.383549643319,3.758049084195616,3.801898072848971,0.15489402925064746,0.15489402925064746,0.15489402925064746,0.020164489095873067,0.020164489095873067,0.020164489095873067,0.1347295401547744,0.1347295401547744,0.1347295401547744,0.0,0.0,0.0,225.65832118545188,-0.12162877396876158,4.362053064803666
2025-01-15 17:15:39.185076,3.792184609678532,218.39978572732798,239.7066360127019,3.771937185902432,3.818837071301563,0.16086946102467142,0.16086946102467142,0.16086946102467142,0.024197687089247584,0.024197687089247584,0.024197687089247584,0.13667177393542385,0.13667177393542385,0.13667177393542385,0.0,0.0,0.0,229.0343367080705,-0.0014937775334440374,4.402231303943571
2025-01-16 17:15:39.185076,3.807353359612788,215.60629928526012,235.21620775290282,3.78632276291446,3.8351236113491356,0.11739089013561066,0.11739089013561066,0.11739089013561066,-0.02086781241152535,-0.02086781241152535,-0.02086781241152535,0.13825870254713601,0.13825870254713601,0.13825870254713601,0.0,0.0,0.0,231.27673939601056,0.25291814311871585,4.254301959558541
2025-01-17 17:15:39.185076,3.8225221095470454,217.32019650524683,238.9174587629233,3.8004240899425814,3.851178293828033,0.1406927169179426,0.1406927169179426,0.1406927169179426,0.0011054477714614042,0.0011054477714614042,0.0011054477714614042,0.1395872691464812,0.1395872691464812,0.1395872691464812,0.0,0.0,0.0,233.37299762700883,0.24643974292644835,4.3603231306181245
2025-01-18 17:15:39.185076,3.8376908594813,216.6823321311865,237.565831330283,3.8145163245687197,3.867343646503246,0.13079566795196002,0.13079566795196002,0.13079566795196002,-0.00994626206707477,-0.00994626206707477,-0.00994626206707477,0.14074193001903476,0.14074193001903476,0.14074193001903476,0.0,0.0,0.0,228.60945596138367,0.040917470326697555,4.339644198840288
2025-01-19 17:15:39.185076,3.8528596094155576,217.48921992582586,239.46528754681373,3.828617752847744,3.884047367180342,0.1327581440614726,0.1327581440614726,0.1327581440614726,-0.009035996848464078,-0.009035996848464078,-0.009035996848464078,0.14179414090993667,0.14179414090993667,0.14179414090993667,0.0,0.0,0.0,226.71696013982762,-0.07366335475297872,4.3643581004909775
2025-01-20 17:15:39.185076,3.8680283593498137,218.73836659697298,239.75622546492622,3.842519645410628,3.9007296931587527,0.13718467272980064,0.13718467272980064,0.13718467272980064,-0.005617552629543583,-0.005617552629543583,-0.005617552629543583,0.14280222535934423,0.14280222535934423,0.14280222535934423,0.0,0.0,0.0,226.95831194296784,-0.09650700345607383,4.3986625639368055
2025-01-21 17:15:39.185076,3.883197109284069,221.11732990461422,241.9635883868458,3.85683259921612,3.9174274218454177,0.16397608633643188,0.16397608633643188,0.16397608633643188,0.02016448909580172,0.02016448909580172,0.02016448909580172,0.14381159724063014,0.14381159724063014,0.14381159724063014,0.0,0.0,0.0,230.68838835536627,-0.04066686718061665,4.519948573737416
2025-01-22 17:15:39.185076,3.8983658592183272,221.99674181046146,242.80904256713086,3.8706682213413095,3.933757346265821,0.1690529886289575,0.1690529886289575,0.1690529886289575,0.02419768708923809,0.02419768708923809,0.02419768708923809,0.14485530153971943,0.14485530153971943,0.14485530153971943,0.0,0.0,0.0,232.47659369887327,0.006800041194605618,4.5573962584882795
2025-01-23 17:15:39.185076,3.9135346091525824,219.1446423080842,240.29399142519355,3.8850346554860304,3.95036733629783,0.12508701844054698,0.12508701844054698,0.12508701844054698,-0.020867812411520772,-0.020867812411520772,-0.020867812411520772,0.14595483085206773,0.14595483085206773,0.14595483085206773,0.0,0.0,0.0,233.76940342360365,0.2225195863357318,4.4030669849753705
2025-01-24 17:15:39.185076,3.9287033590868385,221.9966540023416,241.25436109278013,3.8991739096121263,3.967113509760427,0.14822661801630696,0.14822661801630696,0.14822661801630696,0.0011054477714692174,0.0011054477714692174,0.0011054477714692174,0.14712117024483776,0.14712117024483776,0.14712117024483776,0.0,0.0,0.0,236.9355831962091,0.26489379003137287,4.511041771193585
2025-01-25 17:15:39.185076,3.943872109021096,220.27461981279333,241.3017996974447,3.9135642778243374,3.9835032003520503,0.13840975802846361,0.13840975802846361,0.13840975802846361,-0.009946262067111349,-0.009946262067111349,-0.009946262067111349,0.14835602009557497,0.14835602009557497,0.14835602009557497,0.0,0.0,0.0,232.06555896443922,0.05493543987747849,4.489742493325912
2025-01-26 17:15:39.185076,3.9590408589553507,220.56306136792801,241.6911603976513,3.9278242809716475,4.000489436895458,0.1406171484346727,0.1406171484346727,0.1406171484346727,-0.009035996848485698,-0.009035996848485698,-0.009035996848485698,0.1496531452831584,0.1496531452831584,0.1496531452831584,0.0,0.0,0.0,230.62090685260895,-0.03967261041323872,4.5157498950780095
2025-01-27 17:15:39.185076,3.9742096088896073,221.20357382933926,243.05022253660383,3.9417431302444146,4.017341653126069,0.14538224697381502,0.14538224697381502,0.14538224697381502,-0.005617552629506379,-0.005617552629506379,-0.005617552629506379,0.1509997996033214,0.1509997996033214,0.1509997996033214,0.0,0.0,0.0,230.49788340326705,-0.08175372996982279,4.5519891317749055
2025-01-28 17:15:39.185076,3.9893783588238643,224.3467019407629,244.7443103637216,3.9559623457795894,4.034155703079897,0.17254266551148628,0.17254266551148628,0.17254266551148628,0.020164489095867426,0.020164489095867426,0.020164489095867426,0.15237817641561888,0.15237817641561888,0.15237817641561888,0.0,0.0,0.0,232.4991490926675,-0.11244897106354283,4.677716334589173
2025-01-29 17:15:39.185076,4.00454710875812,224.94309035534155,245.98229240597055,3.9697104588213965,4.050902839085784,0.17796452720160408,0.17796452720160408,0.17796452720160408,0.02419768708934329,0.02419768708934329,0.02419768708934329,0.1537668401122608,0.1537668401122608,0.1537668401122608,0.0,0.0,0.0,234.64341986828754,-0.05012438691605123,4.71721444162481
2025-01-30 17:15:39.185076,4.019715858692378,222.0525992536369,242.6057386159838,3.982196723811419,4.067549958691426,0.13427428543920644,0.13427428543920644,0.13427428543920644,-0.020867812411493658,-0.020867812411493658,-0.020867812411493658,0.1551420978507001,0.1551420978507001,0.1551420978507001,0.0,0.0,0.0,235.51444591917698,0.14899120319014506,4.5594603332869434
2025-01-31 17:15:39.185076,4.034884608626633,223.45736341203218,245.17907934155062,3.996306869931067,4.084107810349086,0.15758472461355102,0.15758472461355102,0.15758472461355102,0.0011054477714886428,0.0011054477714886428,0.0011054477714886428,0.1564792768420624,0.1564792768420624,0.1564792768420624,0.0,0.0,0.0,234.45598697105527,-0.012531159186206158,4.670720788524516
2025-02-01 17:15:39.185076,4.0500533585608895,223.73790489318384,244.28927404189832,4.009931173836974,4.100792313528103,0.14780761702717946,0.14780761702717946,0.14780761702717946,-0.00994626206706372,-0.00994626206706372,-0.00994626206706372,0.15775387909424318,0.15775387909424318,0.15775387909424318,0.0,0.0,0.0,235.67178844566985,0.06724099829702601,4.648682094322699
2025-02-02 17:15:39.185076,4.0652221084951465,225.44850458833554,245.1449065070213,4.023589130277716,4.117526774221376,0.14990659571300363,0.14990659571300363,0.14990659571300363,-0.009035996848507321,-0.009035996848507321,-0.009035996848507321,0.15894259256151094,0.15894259256151094,0.15894259256151094,0.0,0.0,0.0,234.69073465135162,-0.005288874428557273,4.674625715596893
2025-02-03 17:15:39.185076,4.080390858429403,225.0538552722337,246.04041225942063,4.036941282856111,4.13419085744938,0.15440659225930273,0.15440659225930273,0.15440659225930273,-0.00561755262958169,-0.00561755262958169,-0.00561755262958169,0.16002414488888442,0.16002414488888442,0.16002414488888442,0.0,0.0,0.0,230.85346735929133,-0.22330946944304797,4.710430105965497
2025-02-04 17:15:39.185076,4.095559608363658,227.3479771553478,249.43812862468366,4.0509075934281125,4.150945738093661,0.18114448214779522,0.18114448214779522,0.18114448214779522,0.020164489095864598,0.020164489095864598,0.020164489095864598,0.16097999305193061,0.16097999305193061,0.16097999305193061,0.0,0.0,0.0,236.02729736730743,-0.10464286846663626,4.8374476327261196
2025-02-05 17:15:39.185076,4.110728358297915,229.31079402410714,249.3071101891599,4.063696016555381,4.167655220029807,0.18599253602301116,0.18599253602301116,0.18599253602301116,0.024197687089284017,0.024197687089284017,0.024197687089284017,0.16179484893372714,0.16179484893372714,0.16179484893372714,0.0,0.0,0.0,239.0258972451768,-9.708347686117753e-05,4.875293150559454
2025-02-06 17:15:39.185076,4.125897108232171,225.52537757021628,246.33615979916505,4.077465017292364,4.184405299337008,0.1415892345829782,0.1415892345829782,0.1415892345829782,-0.020867812411489085,-0.020867812411489085,-0.020867812411489085,0.16245704699446728,0.16245704699446728,0.16245704699446728,0.0,0.0,0.0,238.92311002053665,0.16023539841041434,4.710079721754886
2025-02-07 17:15:39.185076,4.141065858166426,227.85769512567356,248.3329935273467,4.091225092035152,4.201228000456271,0.1640642132405187,0.1640642132405187,0.1640642132405187,0.0011054477714964542,0.0011054477714964542,0.0011054477714964542,0.16295876546902224,0.16295876546902224,0.16295876546902224,0.0,0.0,0.0,238.83288620649625,0.04556418831612774,4.820466570163674
2025-02-08 17:15:39.185076,4.156234608100684,226.01427797811704,247.36153161850052,4.105154354162693,4.217748594623107,0.15334985474616256,0.15334985474616256,0.15334985474616256,-0.009946262067100302,-0.009946262067100302,-0.009946262067100302,0.16329611681326286,0.16329611681326286,0.16329611681326286,0.0,0.0,0.0,239.56507414006143,0.10720680163343757,4.793592581543898
2025-02-09 17:15:39.185076,4.17140335803494,227.31315695432812,248.12847747750737,4.118849420892906,4.234454949248958,0.15443312942178486,0.15443312942178486,0.15443312942178486,-0.009035996848490435,-0.009035996848490435,-0.009035996848490435,0.1634691262702753,0.1634691262702753,0.1634691262702753,0.0,0.0,0.0,237.27339884384895,-0.02362918139628378,4.815606232696818
2025-02-10 17:15:39.185076,4.186572107969197,228.21402514587805,249.30378505119398,4.131780797957888,4.251550516931746,0.15786406676237916,0.15786406676237916,0.15786406676237916,-0.005617552629544485,-0.005617552629544485,-0.005617552629544485,0.16348161939192363,0.16348161939192363,0.16348161939192363,0.0,0.0,0.0,233.3016943300529,-0.24410443652503533,4.8474814067271605
2025-02-11 17:15:39.185076,4.201740857903453,231.16903323789356,252.32380811788295,4.144734584506416,4.2678389535546675,0.1835055291796344,0.1835055291796344,0.1835055291796344,0.0201644890959303,0.0201644890959303,0.0201644890959303,0.1633410400837041,0.1633410400837041,0.1633410400837041,0.0,0.0,0.0,239.25350052892088,-0.08677951690810916,4.972783537508717
2025-02-12 17:15:39.185076,4.216909607837708,232.1112552890525,253.13968068125405,4.157885893643194,4.284278406115425,0.1872559073783063,0.1872559073783063,0.1872559073783063,0.024197687089324307,0.024197687089324307,0.024197687089324307,0.16305822028898198,0.16305822028898198,0.16305822028898198,0.0,0.0,0.0,244.11862352688783,0.11047806619299642,5.006550842785656
2025-02-13 17:15:39.185076,4.232078357771965,227.3311399905898,248.71829047316152,4.17180160372885,4.301179615617776,0.14177930845344297,0.14177930845344297,0.14177930845344297,-0.020867812411526875,-0.020867812411526875,-0.020867812411526875,0.16264712086496985,0.16264712086496985,0.16264712086496985,0.0,0.0,0.0,243.25916082541232,0.24411702294935242,4.832099500657657
2025-02-14 17:15:39.185076,4.2472471077062215,229.45227697551587,251.72664579144745,4.184383049384155,4.317814432640423,0.16323000841675703,0.16323000841675703,0.16323000841675703,0.0011054477714466833,0.0011054477714466833,0.0011054477714466833,0.16212456064531033,0.16212456064531033,0.16212456064531033,0.0,0.0,0.0,244.2570503561139,0.1830769468066039,4.940525288845155
2025-02-15 17:15:39.185076,4.262415857640477,229.51214209161083,250.75622691957568,4.197538535611619,4.334665931276293,0.15156368524443814,0.15156368524443814,0.15156368524443814,-0.009946262067094779,-0.009946262067094779,-0.009946262067094779,0.1615099473115329,0.1615099473115329,0.1615099473115329,0.0,0.0,0.0,241.92009224142674,0.10418629397410879,4.9084433130688
2025-02-16 17:15:39.185076,4.2775846075747355,229.5549159357977,250.15887104528332,4.21067736203899,4.351395207199967,0.15178902284718881,0.15178902284718881,0.15178902284718881,-0.009035996848512053,-0.009035996848512053,-0.009035996848512053,0.16082501969570084,0.16082501969570084,0.16082501969570084,0.0,0.0,0.0,238.67120403267504,-0.06852186515521429,4.92687499530468
2025-02-17 17:15:39.185076,4.292753357508991,229.86891089619516,251.26352126449632,4.224477680522722,4.367855260556573,0.15447605410969975,0.15447605410969975,0.15447605410969975,-0.0056175526295809694,-0.0056175526295809694,-0.0056175526295809694,0.16009360673928072,0.16009360673928072,0.16009360673928072,0.0,0.0,0.0,235.0971158780311,-0.2672467259371357,4.955880957443145
2025-02-18 17:15:39.185076,4.307922107443247,233.03973815016224,253.5418479372663,4.237781992591217,4.384347728717888,0.17950589287339266,0.17950589287339266,0.17950589287339266,0.020164489095927475,0.020164489095927475,0.020164489095927475,0.1593414037774652,0.1593414037774652,0.1593414037774652,0.0,0.0,0.0,242.39391053368536,-0.04609020263698093,5.081219511768873
2025-02-19 17:15:39.185076,4.323090857377504,233.63616561272633,254.3307971567665,4.251826470225913,4.401018679033325,0.18279344944395481,0.18279344944395481,0.18279344944395481,0.024197687089265035,0.024197687089265035,0.024197687089265035,0.15859576235468978,0.15859576235468978,0.15859576235468978,0.0,0.0,0.0,243.9548470917808,-0.004071714752914735,5.113323547457162
2025-02-20 17:15:39.185076,4.338259607311759,228.62187087224254,250.7469106170495,4.265841196895988,4.418204170476717,0.13701767323276912,0.13701767323276912,0.13701767323276912,-0.0208678124115223,-0.0208678124115223,-0.0208678124115223,0.15788548564429142,0.15788548564429142,0.15788548564429142,0.0,0.0,0.0,245.31199678957142,0.2410195031810095,4.9326778445853225
2025-02-21 17:15:39.185076,4.353428357246016,232.30194375035126,253.55911620111945,4.278886544789192,4.4344225241793875,0.15834606575493854,0.15834606575493854,0.15834606575493854,0.0011054477714544948,0.0011054477714544948,0.0011054477714544948,0.15724061798348404,0.15724061798348404,0.15724061798348404,0.0,0.0,0.0,246.7960303691014,0.20139145174740672,5.042776610161908
2025-02-22 17:15:39.185076,4.368597107180272,231.59881195195987,252.37589888430128,4.29209884369151,4.4509996874330895,0.14674595217740477,0.14674595217740477,0.14674595217740477,-0.00994626206713136,-0.00994626206713136,-0.00994626206713136,0.15669221424453614,0.15669221424453614,0.15669221424453614,0.0,0.0,0.0,243.0177259761977,0.055080715991334225,5.009671049352898
2025-02-23 17:15:39.185076,4.383765857114528,231.9618779114422,253.31446177353172,4.3059649434219045,4.468211061935837,0.1472360760775243,0.1472360760775243,0.1472360760775243,-0.009035996848533675,-0.009035996848533675,-0.009035996848533675,0.156272072926058,0.156272072926058,0.156272072926058,0.0,0.0,0.0,241.20729186224193,-0.050432721970095136,5.0292143403586955
2025-02-24 17:15:39.185076,4.398934607048786,232.5737144527229,253.722178895635,4.319598077819945,4.485030132354837,0.15039486347165198,0.15039486347165198,0.15039486347165198,-0.005617552629470076,-0.005617552629470076,-0.005617552629470076,0.15601241610112204,0.15601241610112204,0.15601241610112204,0.0,0.0,0.0,241.4927372724382,-0.06817551764298156,5.060511776696613
2025-02-25 17:15:39.185076,4.414103356983041,235.83622688930183,256.49185789003855,4.331475835391462,4.501827885858877,0.17610998889313575,0.17610998889313575,0.17610998889313575,0.020164489095854294,0.020164489095854294,0.020164489095854294,0.15594549979728145,0.15594549979728145,0.15594549979728145,0.0,0.0,0.0,244.07241103721947,-0.07663658420876958,5.191471050154478
2025-02-26 17:15:39.185076,4.429272106917297,235.9557226888527,256.97308447988655,4.344690357255793,4.519228160808897,0.18030082713267184,0.18030082713267184,0.18030082713267184,0.02419768708942001,0.02419768708942001,0.02419768708942001,0.15610314004325182,0.15610314004325182,0.15610314004325182,0.0,0.0,0.0,248.51768287865372,0.09804880045463649,5.227873531390158
2025-02-27 17:15:39.185076,4.444440856851554,231.23364460736713,253.83947834469697,4.358009510071144,4.536142629903481,0.13564833028394094,0.13564833028394094,0.13564833028394094,-0.02086781241151773,-0.02086781241151773,-0.02086781241151773,0.15651614269545866,0.15651614269545866,0.15651614269545866,0.0,0.0,0.0,247.21622026265192,0.21679933150127273,5.047321838129195
2025-02-28 17:15:39.185076,4.4596096067858095,234.68865081970225,256.23019289596175,4.37097951251607,4.553359911736677,0.15831907695606146,0.15831907695606146,0.15831907695606146,0.0011054477714739202,0.0011054477714739202,0.0011054477714739202,0.15721362918458753,0.15721362918458753,0.15721362918458753,0.0,0.0,0.0,247.76401254841574,0.12448271225380715,5.1656508833165224
2025-03-01 17:15:39.185076,4.474778356720066,233.84336833083663,255.2785063498044,4.384069953821635,4.570610816499308,0.14827599331484456,0.14827599331484456,0.14827599331484456,-0.009946262067125834,-0.009946262067125834,-0.009946262067125834,0.1582222553819704,0.1582222553819704,0.1582222553819704,0.0,0.0,0.0,247.0880052486676,0.11975219807094037,5.138280562426501
2025-03-02 17:15:39.185076,4.489947106654323,233.82945912595477,255.6839304109573,4.397238373255324,4.5878675707531205,0.15052932986184153,0.15052932986184153,0.15052932986184153,-0.009035996848452528,-0.009035996848452528,-0.009035996848452528,0.15956532671029405,0.15956532671029405,0.15956532671029405,0.0,0.0,0.0,244.78922948480846,-0.016942579420560263,5.165815835734112
2025-03-03 17:15:39.185076,4.505115856588579,235.677923174821,258.4666467014896,4.410406792689011,4.604660679474401,0.15564426656835617,0.15564426656835617,0.15564426656835617,-0.005617552629506562,-0.005617552629506562,-0.005617552629506562,0.16126181919786273,0.16126181919786273,0.16126181919786273,0.0,0.0,0.0,243.89033544828283,-0.10012287255272652,5.206311309892779
2025-03-04 17:15:39.185076,4.520284606522837,238.93546321507966,259.89051074904705,4.423781345566892,4.621392293455828,0.18348981224832564,0.18348981224832564,0.18348981224832564,0.02016448909585147,0.02016448909585147,0.02016448909585147,0.16332532315247417,0.16332532315247417,0.16332532315247417,0.0,0.0,0.0,246.81498019094448,-0.10464286846663626,5.349710780282709
2025-03-05 17:15:39.185076,4.535453356457092,240.19526560281778,260.3773673920488,4.436964701759371,4.638108120975793,0.18996062031123703,0.18996062031123703,0.18996062031123703,0.024197687089360737,0.024197687089360737,0.024197687089360737,0.1657629332218763,0.1657629332218763,0.1657629332218763,0.0,0.0,0.0,251.53760985527072,0.07231548233612657,5.397010889442362
2025-03-06 17:15:39.185076,4.550622106391348,235.6643904871058,256.9077746616662,4.449760958869284,4.65482394849576,0.14770630310521563,0.14770630310521563,0.14770630310521563,-0.020867812411534334,-0.020867812411534334,-0.020867812411534334,0.16857411551674997,0.16857411551674997,0.16857411551674997,0.0,0.0,0.0,249.2835348495659,0.13951185009594838,5.222777674555283
2025-03-07 17:15:39.185076,4.565790856325605,239.205770476417,259.8114419687953,4.463009165084052,4.671581422468168,0.17285503665294497,0.17285503665294497,0.17285503665294497,0.0011054477714701177,0.0011054477714701177,0.0011054477714701177,0.17174958888147485,0.17174958888147485,0.17174958888147485,0.0,0.0,0.0,251.16429189785535,0.09658821937335706,5.355010802145448
2025-03-08 17:15:39.185076,4.580959606259861,236.7838954045694,259.45961088038246,4.476315883021986,4.68874575214343,0.16532400093043706,0.16532400093043706,0.16532400093043706,-0.009946262067097948,-0.009946262067097948,-0.009946262067097948,0.175270262997535,0.175270262997535,0.175270262997535,0.0,0.0,0.0,251.03604246767884,0.10720680163343757,5.338302176467461
2025-03-09 17:15:39.185076,4.596128356194116,238.47432557479414,260.4222466389704,4.489126875824836,4.704971431055661,0.17007028364886054,0.17007028364886054,0.17007028364886054,-0.009035996848538409,-0.009035996848538409,-0.009035996848538409,0.17910628049739896,0.17910628049739896,0.17910628049739896,0.0,0.0,0.0,249.2690392673083,-0.016192020966585514,5.377793209418621
2025-03-10 17:15:39.185076,4.611297106128373,240.65196479012064,261.7849280956924,4.501683539947067,4.722193961347361,0.17759866074585431,0.17759866074585431,0.17759866074585431,-0.005617552629543045,-0.005617552629543045,-0.005617552629543045,0.18321621337539737,0.18321621337539737,0.18321621337539737,0.0,0.0,0.0,247.40162435222965,-0.15733204129462972,5.430257296478007
2025-03-11 17:15:39.185076,4.62646585606263,243.12811785156546,264.5016723535068,4.51525524297764,4.739534570326865,0.20771095456768185,0.20771095456768185,0.20771095456768185,0.020164489095917167,0.020164489095917167,0.020164489095917167,0.18754646547176468,0.18754646547176468,0.18754646547176468,0.0,0.0,0.0,252.19733383772592,-0.08677951690810916,5.5874334953001865
2025-03-12 17:15:39.185076,4.641634605996887,244.34942588395126,266.14160712782405,4.528303677452494,4.7578681216726295,0.21622861956912368,0.21622861956912368,0.21622861956912368,0.024197687089351244,0.024197687089351244,0.024197687089351244,0.1920309324797724,0.1920309324797724,0.1920309324797724,0.0,0.0,0.0,257.97988790914496,0.1299550847790028,5.645288849395867
2025-03-13 17:15:39.185076,4.656803355931142,240.6765526062481,262.82326908214145,4.540750108546564,4.776112062257881,0.17572315623706058,0.17572315623706058,0.17572315623706058,-0.020867812411464848,-0.020867812411464848,-0.020867812411464848,0.19659096864852543,0.19659096864852543,0.19659096864852543,0.0,0.0,0.0,255.18584961347682,0.16745488864079494,5.475111539610699
2025-03-14 17:15:39.185076,4.6719721058653985,243.98934554126427,265.7467210454581,4.554198380570369,4.793323695506567,0.20224115281859248,0.20224115281859248,0.20224115281859248,0.0011054477714895466,0.0011054477714895466,0.0011054477714895466,0.20113570504710293,0.20113570504710293,0.20113570504710293,0.0,0.0,0.0,255.95526314455043,0.06226561456124505,5.616837130491924
2025-03-15 17:15:39.185076,4.6871408557996554,244.18535451798525,265.90147452064383,4.567653945417548,4.810576214619444,0.19561649584556576,0.19561649584556576,0.19561649584556576,-0.009946262067050314,-0.009946262067050314,-0.009946262067050314,0.20556275791261608,0.20556275791261608,0.20556275791261608,0.0,0.0,0.0,255.8016147638209,0.06778368331056782,5.60402292554577
2025-03-16 17:15:39.185076,4.7023096057339115,244.23421097627227,266.31288931069076,4.580963051100957,4.827475056585217,0.20072336043726302,0.20072336043726302,0.20072336043726302,-0.009035996848495766,-0.009035996848495766,-0.009035996848495766,0.20975935728575879,0.20975935728575879,0.20975935728575879,0.0,0.0,0.0,253.81880673817176,-0.06852186515521429,5.646172991613244
2025-03-17 17:15:39.185076,4.717478355668167,245.53618005036037,266.26800777427434,4.5928681115112,4.844972649803349,0.2079863633501881,0.2079863633501881,0.2079863633501881,-0.005617552629505841,-0.005617552629505841,-0.005617552629505841,0.21360391597969394,0.21360391597969394,0.21360391597969394,0.0,0.0,0.0,254.21001041320602,-0.10242172640066556,5.698649523046814
2025-03-18 17:15:39.185076,4.732647105602424,249.07905249198876,270.3654267866224,4.605598415139582,4.862564612180376,0.23713253623129535,0.23713253623129535,0.23713253623129535,0.020164489095845825,0.020164489095845825,0.020164489095845825,0.21696804713544954,0.21696804713544954,0.21696804713544954,0.0,0.0,0.0,258.3265438932707,-0.0632065009948052,5.854911716841626
2025-03-19 17:15:39.185076,4.747815855536681,250.56841637771726,272.29551833964626,4.618610151323312,4.879571002759761,0.2439167125546619,0.2439167125546619,0.2439167125546619,0.024197687089341755,0.024197687089341755,0.024197687089341755,0.21971902546532016,0.21971902546532016,0.21971902546532016,0.0,0.0,0.0,263.46907681957885,0.13001568172980565,5.905887490834088
2025-03-20 17:15:39.185076,4.762984605470935,245.63441550833463,267.4401292535018,4.631091851123055,4.898654396270636,0.20085486069646144,0.20085486069646144,0.20085486069646144,-0.020867812411502637,-0.020867812411502637,-0.020867812411502637,0.22172267310796406,0.22172267310796406,0.22172267310796406,0.0,0.0,0.0,261.9562727882279,0.24441305186779996,5.71965321490219
2025-03-21 17:15:39.185076,4.778153355405194,249.01271571408324,270.7201221216535,4.644571071133823,4.917446309401082,0.22395208397498878,0.22395208397498878,0.22395208397498878,0.0011054477715089703,0.0011054477715089703,0.0011054477715089703,0.22284663620347983,0.22284663620347983,0.22284663620347983,0.0,0.0,0.0,262.1921795896075,0.1270377636419471,5.848230756900273
2025-03-22 17:15:39.185076,4.793322105339449,248.38367598194185,269.35126189805726,4.657158363168336,4.935555470949265,0.213017741213751,0.213017741213751,0.213017741213751,-0.009946262067086898,-0.009946262067086898,-0.009946262067086898,0.2229640032808379,0.2229640032808379,0.2229640032808379,0.0,0.0,0.0,260.50815215169706,0.08091615898267744,5.8143847531288
2025-03-23 17:15:39.185076,4.808490855273706,248.32849153930087,269.7575600588267,4.669546688977702,4.953720382502973,0.21292120493762923,0.21292120493762923,0.21292120493762923,-0.009035996848517388,-0.009035996848517388,-0.009035996848517388,0.22195720178614664,0.22195720178614664,0.22195720178614664,0.0,0.0,0.0,258.12843569297,-0.05002265832418961,5.832320522110154
2025-03-24 17:15:39.185076,4.823659605207962,248.2198125438123,270.746202558728,4.682137250685211,4.97189206273564,0.21410454243321547,0.21410454243321547,0.21410454243321547,-0.005617552629654843,-0.005617552629654843,-0.005617552629654843,0.21972209506287033,0.21972209506287033,0.21972209506287033,0.0,0.0,0.0,255.72524151478058,-0.18824708370867216,5.856427037834598
2025-03-25 17:15:39.185076,4.838828355142217,251.1297055610977,274.55164611935436,4.696351099209173,4.9903255491306755,0.2363366783915939,0.2363366783915939,0.2363366783915939,0.020164489095911522,0.020164489095911522,0.020164489095911522,0.21617218929568235,0.21617218929568235,0.21617218929568235,0.0,0.0,0.0,260.96912369418817,-0.065230401558707,5.9824209759035885
2025-03-26 17:15:39.185076,4.853997105076476,251.560762993575,273.8550967678951,4.709928323785355,5.008134778460665,0.23544053592208367,0.23544053592208367,0.23544053592208367,0.02419768708933226,0.02419768708933226,0.02419768708933226,0.2112428488327514,0.2112428488327514,0.2112428488327514,0.0,0.0,0.0,265.1210910463013,0.11752581904064283,5.996824784859925
2025-03-27 17:15:39.185076,4.869165855010731,246.66914575173598,269.3421235343046,4.722992651416377,5.025401230144243,0.1840275969280819,0.1840275969280819,0.1840275969280819,-0.020867812411498064,-0.020867812411498064,-0.020867812411498064,0.20489540933957998,0.20489540933957998,0.20489540933957998,0.0,0.0,0.0,262.29959537462133,0.21514251259913242,5.765226746352626
2025-03-28 17:15:39.185076,4.884334604944987,249.03459889866005,271.4826134072965,4.736172815920717,5.042840104892622,0.1982265196021558,0.1982265196021558,0.1982265196021558,0.00110544777151678,0.00110544777151678,0.00110544777151678,0.197121071830639,0.197121071830639,0.197121071830639,0.0,0.0,0.0,259.1063245324054,-0.02380542984313296,5.8525392542556025
2025-03-29 17:15:39.185076,4.899503354879244,246.26700611203262,268.75650204908726,4.749352980425057,5.061186998339985,0.177998195037547,0.177998195037547,0.177998195037547,-0.00994626206705901,-0.00994626206705901,-0.00994626206705901,0.187944457104606,0.187944457104606,0.187944457104606,0.0,0.0,0.0,258.5248695099984,0.02951678350067656,5.7716061086281565
2025-03-30 17:15:39.185076,4.9146721048135,246.0178617228654,268.6087044819309,4.762882482859214,5.078513460517096,0.16839070291453453,0.16839070291453453,0.16839070291453453,-0.009035996848539007,-0.009035996848539007,-0.009035996848539007,0.17742669976307354,0.17742669976307354,0.17742669976307354,0.0,0.0,0.0,256.32877327649794,-0.04541797423833498,5.7422571951375
2025-03-31 17:15:39.185076,4.929840854747756,245.84828664583625,268.02195495419016,4.775753618760784,5.095839922694207,0.16005041138833626,0.16005041138833626,0.16005041138833626,-0.005617552629543948,-0.005617552629543948,-0.005617552629543948,0.1656679640178802,0.1656679640178802,0.1656679640178802,0.0,0.0,0.0,254.4235903533811,-0.11249407297105316,5.718863911629161
2025-04-01 17:15:39.185076,4.945009604682013,247.40512583827618,270.7138457931024,4.790363988715738,5.1130193918995674,0.17297375908565313,0.17297375908565313,0.17297375908565313,0.020164489095769816,0.020164489095769816,0.020164489095769816,0.1528092699898833,0.1528092699898833,0.1528092699898833,0.0,0.0,0.0,257.42680329257104,-0.05138630773200195,5.80036650471852
2025-04-02 17:15:39.185076,4.960178354616268,246.1952358852574,269.31224844434007,4.803209466559525,5.130149211767914,0.16323121628083762,0.16323121628083762,0.16323121628083762,0.024197687089272987,0.024197687089272987,0.024197687089272987,0.13903352919156461,0.13903352919156461,0.13903352919156461,0.0,0.0,0.0,257.7089770587392,-0.00745481981674394,5.769834300410165
2025-04-03 17:15:39.185076,4.975347104550527,241.11523004107863,263.4850574329004,4.815437024711768,5.147279031636265,0.10369788885790783,0.10369788885790783,0.10369788885790783,-0.02086781241151467,-0.02086781241151467,-0.02086781241151467,0.12456570126942251,0.12456570126942251,0.12456570126942251,0.0,0.0,0.0,256.13251185979743,0.1962394694466885,5.491280095627721
2025-04-04 17:15:39.185076,4.990515854484782,242.00932016946015,264.5036792273425,4.827767848814666,5.165306977484711,0.11077744844327468,0.11077744844327468,0.11077744844327468,0.0011054477714786213,0.0011054477714786213,0.0011054477714786213,0.10967200067179605,0.10967200067179605,0.10967200067179605,0.0,0.0,0.0,255.37811835577503,0.10834402096018504,5.5433524672603145
2025-04-05 17:15:39.185076,5.005684604419038,239.88471244556604,262.399920820116,4.840776723348989,5.183077776618127,0.0847118393387053,0.0847118393387053,0.0847118393387053,-0.009946262067095594,-0.009946262067095594,-0.009946262067095594,0.09465810140580089,0.09465810140580089,0.09465810140580089,0.0,0.0,0.0,253.2407916333127,0.12047818744823173,5.429725354408814
2025-04-06 17:15:39.185076,5.020853354353295,238.59556338089936,260.3323314126818,4.8535988454548,5.200479464771288,0.07083031322018998,0.07083031322018998,0.07083031322018998,-0.009035996848560629,-0.009035996848560629,-0.009035996848560629,0.07986631006875061,0.07986631006875061,0.07986631006875061,0.0,0.0,0.0,249.03895138588013,-0.025806718571572455,5.376481970074781
2025-04-07 17:15:39.185076,5.036022104287551,237.2907339925374,260.231415125248,4.866128642899597,5.217809532549804,0.06005414876974927,0.06005414876974927,0.06005414876974927,-0.0056175526295804325,-0.0056175526295804325,-0.0056175526295804325,0.06567170139932971,0.06567170139932971,0.06567170139932971,0.0,0.0,0.0,243.36576535775907,-0.2571773860167038,5.338456124946181
2025-04-08 17:15:39.185076,5.051190854221806,239.01493471415176,262.36907253994025,4.879285396823255,5.236121403797162,0.07264172523827947,0.07264172523827947,0.07264172523827947,0.02016448909583552,0.02016448909583552,0.02016448909583552,0.05247723614244394,0.05247723614244394,0.05247723614244394,0.0,0.0,0.0,249.33305681749943,-0.053476951044072164,5.418118072380296
2025-04-09 17:15:39.185076,5.066359604156063,238.57432015184972,260.9075486869451,4.8924526910410435,5.255754871672783,0.06490559452116805,0.06490559452116805,0.06490559452116805,0.024197687089378184,0.024197687089378184,0.024197687089378184,0.04070790743178986,0.04070790743178986,0.04070790743178986,0.0,0.0,0.0,251.26848970795515,0.061352265076146335,5.395194686321842
2025-04-10 17:15:39.185076,5.0815283540903184,233.4863460192941,255.15641678081153,4.90500723302519,5.2730734935088135,0.009936176088750694,0.009936176088750694,0.009936176088750694,-0.02086781241153128,-0.02086781241153128,-0.02086781241153128,0.030803988500281973,0.030803988500281973,0.030803988500281973,0.0,0.0,0.0,248.32781806868925,0.18488711022091336,5.132019314616539
2025-04-11 17:15:39.185076,5.096697104024576,235.1586843681814,258.36356022443704,4.917527213324193,5.290635394288016,0.024318928391433972,0.024318928391433972,0.024318928391433972,0.0011054477714632065,0.0011054477714632065,0.0011054477714632065,0.023213480619970764,0.023213480619970764,0.023213480619970764,0.0,0.0,0.0,250.8053353707262,0.21391032119706252,5.220643315930179
2025-04-12 17:15:39.185076,5.111865853958833,233.32699980445392,256.4164294743209,4.93171681928889,5.309251130445515,0.00843762297401758,0.00843762297401758,0.00843762297401758,-0.00994626206704796,-0.00994626206704796,-0.00994626206704796,0.01838388504106554,0.01838388504106554,0.01838388504106554,0.0,0.0,0.0,245.2619123598439,0.016321191331871734,5.154997850728292
2025-04-13 17:15:39.185076,5.1270346038930885,234.076571985373,256.06228689055365,4.944181671369488,5.326764391620249,0.007717448777944404,0.007717448777944404,0.007717448777944404,-0.009035996848517986,-0.009035996848517986,-0.009035996848517986,0.01675344562646239,0.01675344562646239,0.01675344562646239,0.0,0.0,0.0,243.29130680203505,-0.08885922564021255,5.166602230831382
2025-04-14 17:15:39.185076,5.1422033538273455,233.6799698260217,257.28340458969814,4.956941165645936,5.34346218227518,0.013124476552727823,0.013124476552727823,0.013124476552727823,-0.005617552629543228,-0.005617552629543228,-0.005617552629543228,0.018742029182271053,0.018742029182271053,0.018742029182271053,0.0,0.0,0.0,241.68581540452027,-0.20818732752504435,5.209692081174011
2025-04-15 17:15:39.185076,5.157372103761601,238.23518349501353,261.43438789206175,4.969154245538756,5.362423201774449,0.04490631662102008,0.04490631662102008,0.04490631662102008,0.020164489095901218,0.020164489095901218,0.020164489095901218,0.02474182752511886,0.02474182752511886,0.02474182752511886,0.0,0.0,0.0,247.6719145491316,-0.10321045192932345,5.388970688385536
2025-04-16 17:15:39.185076,5.172540853695858,241.48608798906736,263.7286492866781,4.981367325431579,5.38024675905335,0.05930576562179543,0.05930576562179543,0.05930576562179543,0.02419768708931891,0.02419768708931891,0.02419768708931891,0.03510807853247652,0.03510807853247652,0.03510807853247652,0.0,0.0,0.0,253.66993276556286,0.09127935823498642,5.479302349234306
2025-04-17 17:15:39.185076,5.187709603630116,238.38643087979787,261.17128432098366,4.9936409020616095,5.399325834690055,0.02928219988530597,0.02928219988530597,0.02928219988530597,-0.020867812411547886,-0.020867812411547886,-0.020867812411547886,0.050150012296853855,0.050150012296853855,0.050150012296853855,0.0,0.0,0.0,253.94064995675933,0.2438198117726207,5.339617153190534
2025-04-18 17:15:39.185076,5.20287835356437,242.0752665337643,265.25191253957223,5.005178191759914,5.416206869665573,0.07122768043325065,0.07122768043325065,0.07122768043325065,0.0011054477714826354,0.0011054477714826354,0.0011054477714826354,0.07012223266176801,0.07012223266176801,0.07012223266176801,0.0,0.0,0.0,257.3995477290942,0.174218630951793,5.57346731026513
2025-04-19 17:15:39.185076,5.218047103498625,244.13481473781025,268.5048288802909,5.018042508731525,5.433097309939116,0.08527048150446973,0.08527048150446973,0.08527048150446973,-0.009946262067084544,-0.009946262067084544,-0.009946262067084544,0.09521674357155425,0.09521674357155425,0.09521674357155425,0.0,0.0,0.0,256.37050977018043,0.03582862457469148,5.662992492526957
2025-04-20 17:15:39.185076,5.233215853432883,247.67966105042967,271.9336335731257,5.029225821801197,5.450215048996661,0.11651982681734833,0.11651982681734833,0.11651982681734833,-0.0090359968485011,-0.0090359968485011,-0.0090359968485011,0.12555582366584944,0.12555582366584944,0.12555582366584944,0.0,0.0,0.0,258.16517691664444,-0.05894670342437477,5.842989258372684
2025-04-21 17:15:39.185076,5.248384603367137,252.20522548976498,275.2574016827921,5.042213550437762,5.467586841395191,0.15556838873713566,0.15556838873713566,0.15556838873713566,-0.005617552629506024,-0.005617552629506024,-0.005617552629506024,0.1611859413666417,0.1611859413666417,0.1611859413666417,0.0,0.0,0.0,262.7641895229525,-0.06243639559455225,6.064867339585754
2025-04-22 17:15:39.185076,5.263553353301395,260.00333678764434,283.8353120818676,5.0531234773687235,5.487038677951062,0.22223737554303247,0.22223737554303247,0.22223737554303247,0.020164489095829873,0.020164489095829873,0.020164489095829873,0.2020728864472026,0.2020728864472026,0.2020728864472026,0.0,0.0,0.0,271.0774839946107,-0.036116176209514496,6.433311636569825
2025-04-23 17:15:39.185076,5.278722103235652,265.8683416122666,290.441427812361,5.064149466513585,5.5047486214337376,0.27229596007901036,0.27229596007901036,0.27229596007901036,0.0241976870893592,0.0241976870893592,0.0241976870893592,0.24809827298965118,0.24809827298965118,0.24809827298965118,0.0,0.0,0.0,280.32520115162436,0.12023510029500543,6.7160968063264965
2025-04-24 17:15:39.185076,5.293890853169907,266.90474437971966,290.6064741529825,5.078504089682319,5.52216908549165,0.2781897306929991,0.2781897306929991,0.2781897306929991,-0.020867812411543313,-0.020867812411543313,-0.020867812411543313,0.29905754310454247,0.29905754310454247,0.29905754310454247,0.0,0.0,0.0,284.0171518852735,0.24505069546757308,6.766596923931376
2025-04-25 17:15:39.185076,5.309059603104164,275.9266719407948,300.084074338817,5.089940679184605,5.5390176898723675,0.3557650190844619,0.3557650190844619,0.3557650190844619,0.001105447771432861,0.001105447771432861,0.001105447771432861,0.354659571313029,0.354659571313029,0.354659571313029,0.0,0.0,0.0,292.32036791563417,0.20809625749064278,7.1978372941230635
2025-04-26 17:15:39.185076,5.32422835303842,281.3852834957298,305.8872844541353,5.102651600332317,5.555731205650235,0.40458167462076294,0.40458167462076294,0.40458167462076294,-0.009946262067121125,-0.009946262067121125,-0.009946262067121125,0.41452793668788407,0.41452793668788407,0.41452793668788407,0.0,0.0,0.0,293.92826319074845,0.003972377344418022,7.47831357617405
2025-04-27 17:15:39.185076,5.3393971029726774,289.3875251048648,314.8248564157584,5.116430987965383,5.573363623405475,0.4691678976037549,0.4691678976037549,0.4691678976037549,-0.009035996848458459,-0.009035996848458459,-0.009035996848458459,0.47820389445221334,0.47820389445221334,0.47820389445221334,0.0,0.0,0.0,300.1200758139172,-0.06816088415117398,7.844470816245948
2025-04-28 17:15:39.185076,5.354565852906934,297.29417356248985,322.8512672144665,5.129433376556424,5.591666406673354,0.539533488913032,0.539533488913032,0.539533488913032,-0.0056175526295813355,-0.0056175526295813355,-0.0056175526295813355,0.5451510415426134,0.5451510415426134,0.5451510415426134,0.0,0.0,0.0,306.0285909961226,-0.18665218081848212,8.243533449140397
2025-04-29 17:15:39.185076,5.36973460284119,308.0737403096092,333.6627169266019,5.141230685361213,5.607432426251088,0.634926121621968,0.634926121621968,0.634926121621968,0.02016448909589557,0.02016448909589557,0.02016448909589557,0.6147616325260725,0.6147616325260725,0.6147616325260725,0.0,0.0,0.0,314.4072063635405,-0.32437176021124786,8.779119368362426
2025-04-30 17:15:39.185076,5.384903352775445,316.78197797928976,344.0611555422232,5.153377501715911,5.624438329220769,0.7105621512333863,0.7105621512333863,0.7105621512333863,0.024197687089299924,0.024197687089299924,0.024197687089299924,0.6863644641440864,0.6863644641440864,0.6863644641440864,0.0,0.0,0.0,325.9984091840454,-0.2060452135629781,9.211211863307438
2025-05-01 17:15:39.185076,5.400072102709702,320.1770633710336,348.5618774734787,5.164811517623144,5.641431207565461,0.7383663971692471,0.7383663971692471,0.7383663971692471,-0.02086781241149501,-0.02086781241149501,-0.02086781241149501,0.7592342095807421,0.7592342095807421,0.7592342095807421,0.0,0.0,0.0,335.0892992722015,0.04955213120639446,9.387303885641625
2025-05-02 17:15:39.185076,5.415240852643959,331.34127943098315,360.4718528032035,5.176183918754242,5.6598773479696,0.8337074960101686,0.8337074960101686,0.8337074960101686,0.0011054477714522847,0.0011054477714522847,0.0011054477714522847,0.8326020482387163,0.8326020482387163,0.8326020482387163,0.0,0.0,0.0,346.2933334685131,0.03892225219979436,9.929967744193723
2025-05-03 17:15:39.185076,5.430409602578217,338.9710672917323,368.33148108884916,5.187737383199442,5.677408344636242,0.895721142208725,0.895721142208725,0.895721142208725,-0.009946262067073492,-0.009946262067073492,-0.009946262067073492,0.9056674042757985,0.9056674042757985,0.9056674042757985,0.0,0.0,0.0,353.1488972556363,-0.00010947842006632627,10.294542294460806
2025-05-04 17:15:39.185076,5.445578352512472,347.27605576628866,376.9007862318032,5.200486345912021,5.694178640958223,0.9685745814106695,0.9685745814106695,0.9685745814106695,-0.00903599684854434,-0.00903599684854434,-0.00903599684854434,0.9776105782592139,0.9776105782592139,0.9776105782592139,0.0,0.0,0.0,361.47604832367347,-0.030171800065676865,10.720027125836243
2025-05-05 17:15:39.185076,5.460747102446726,356.32424099810714,388.16501396420375,5.2144983888335386,5.711000906922228,1.0419884791799097,1.0419884791799097,1.0419884791799097,-0.005617552629544132,-0.005617552629544132,-0.005617552629544132,1.0476060318094538,1.0476060318094538,1.0476060318094538,0.0,0.0,0.0,362.63591254398614,-0.4058501143814212,11.15078267091129
2025-05-06 17:15:39.185076,5.475915852380984,366.91710065835565,398.861157903517,5.226175986037185,5.728488504628993,1.1350005548148674,1.1350005548148674,1.1350005548148674,0.020164489095822392,0.020164489095822392,0.020164489095822392,1.114836065719045,1.114836065719045,1.114836065719045,0.0,0.0,0.0,375.8410585005943,-0.3190921946236137,11.69108338295293
2025-05-07 17:15:39.185076,5.491084602315241,373.80229417283033,406.92815096566324,5.238272476717336,5.7464420301587325,1.2027023053909753,1.2027023053909753,1.2027023053909753,0.024197687089240656,0.024197687089240656,0.024197687089240656,1.178504618301735,1.178504618301735,1.178504618301735,0.0,0.0,0.0,387.86517100077367,-0.15225736410397692,12.095224712616668
2025-05-08 17:15:39.185076,5.506253352249496,377.57661650218915,410.1875883645513,5.249635984081308,5.765366186830117,1.2169830906956405,1.2169830906956405,1.2169830906956405,-0.02086781241149044,-0.02086781241149044,-0.02086781241149044,1.237850903107131,1.237850903107131,1.237850903107131,0.0,0.0,0.0,394.09384317684976,0.031471062201643724,12.207270575023319
