ds,trend,yhat_lower,yhat_upper,trend_lower,trend_upper,multiplicative_terms,multiplicative_terms_lower,multiplicative_terms_upper,weekly,weekly_lower,weekly_upper,yearly,yearly_lower,yearly_upper,additive_terms,additive_terms_lower,additive_terms_upper,yhat
2023-05-10 17:15:39.185076,-0.600132774534615,96.5607553910732,116.57141258380092,-0.600132774534615,-0.600132774534615,1.3414219162781602,1.3414219162781602,1.3414219162781602,0.024197687089243507,0.024197687089243507,0.024197687089243507,1.3172242291889167,1.3172242291889167,1.3172242291889167,0.0,0.0,0.0,106.76861291933776
2023-05-11 17:15:39.185076,-0.6030746083951551,96.48714070878091,116.89633683828299,-0.6030746083951551,-0.6030746083951551,1.341917141028639,1.341917141028639,1.341917141028639,-0.02086781241150488,-0.02086781241150488,-0.02086781241150488,1.362784953440144,1.362784953440144,1.362784953440144,0.0,0.0,0.0,106.61726847263833
2023-05-12 17:15:39.185076,-0.6060164422556952,95.8533058089787,116.68853226190726,-0.6060164422556952,-0.6060164422556952,1.4029271929906917,1.4029271929906917,1.4029271929906917,0.0011054477714630227,0.0011054477714630227,0.0011054477714630227,1.4018217452192288,1.4018217452192288,1.4018217452192288,0.0,0.0,0.0,105.69357115624996
2023-05-13 17:15:39.185076,-0.6089582761162353,95.12578089873185,116.44648115187489,-0.6089582761162353,-0.6089582761162353,1.4239368512287298,1.4239368512287298,1.4239368512287298,-0.009946262067118721,-0.009946262067118721,-0.009946262067118721,1.4338831132958485,1.4338831132958485,1.4338831132958485,0.0,0.0,0.0,105.27527845369166
2023-05-14 17:15:39.185076,-0.6119001099767754,94.61987075258261,115.3644780583954,-0.6119001099767754,-0.6119001099767754,1.449576863681757,1.449576863681757,1.449576863681757,-0.009035996848527093,-0.009035996848527093,-0.009035996848527093,1.4586128605302842,1.4586128605302842,1.4586128605302842,0.0,0.0,0.0,104.79471618783911
2023-05-15 17:15:39.185076,-0.6148419438373155,94.05445946430336,114.30389857167677,-0.6148419438373155,-0.6148419438373155,1.4701388006734295,1.4701388006734295,1.4701388006734295,-0.005617552629469849,-0.005617552629469849,-0.005617552629469849,1.4757563533028992,1.4757563533028992,1.4757563533028992,0.0,0.0,0.0,104.37672733049757
2023-05-16 17:15:39.185076,-0.6177837776978555,93.16616320287493,114.9575976760893,-0.6177837776978555,-0.6177837776978555,1.5053294065735676,1.5053294065735676,1.5053294065735676,0.020164489095873973,0.020164489095873973,0.020164489095873973,1.4851649174776937,1.4851649174776937,1.4851649174776937,0.0,0.0,0.0,103.76587431286494
2023-05-17 17:15:39.185076,-0.6207256115583957,92.50663335807101,114.37930130934967,-0.6207256115583957,-0.6207256115583957,1.5109959471099705,1.5109959471099705,1.5109959471099705,0.024197687089234015,0.024197687089234015,0.024197687089234015,1.4867982600207366,1.4867982600207366,1.4867982600207366,0.0,0.0,0.0,103.53659313837446
2023-05-18 17:15:39.185076,-0.6236674454189357,94.64350986306707,113.60439586863828,-0.6236674454189357,-0.6236674454189357,1.4598570455330988,1.4598570455330988,1.4598570455330988,-0.02086781241154267,-0.02086781241154267,-0.02086781241154267,1.4807248579446415,1.4807248579446415,1.4807248579446415,0.0,0.0,0.0,104.05267727934373
2023-05-19 17:15:39.185076,-0.6266092792794759,93.3048731106008,114.22289490896051,-0.6266092792794759,-0.6266092792794759,1.4682257482229226,1.4682257482229226,1.4682257482229226,0.0011054477714708341,0.0011054477714708341,0.0011054477714708341,1.467120300451452,1.467120300451452,1.467120300451452,0.0,0.0,0.0,103.78985421567266
2023-05-20 17:15:39.185076,-0.6295511131400159,93.34011666108177,114.15144891453619,-0.6295511131400159,-0.6295511131400159,1.4363173528802318,1.4363173528802318,1.4363173528802318,-0.009946262067071089,-0.009946262067071089,-0.009946262067071089,1.4462636149473027,1.4462636149473027,1.4462636149473027,0.0,0.0,0.0,104.05997329772072
2023-05-21 17:15:39.185076,-0.632492947000556,94.1186570503736,114.31317948526299,-0.632492947000556,-0.632492947000556,1.4094956550789302,1.4094956550789302,1.4094956550789302,-0.009035996848484452,-0.009035996848484452,-0.009035996848484452,1.4185316519274147,1.4185316519274147,1.4185316519274147,0.0,0.0,0.0,104.26629323030227
2023-05-22 17:15:39.185076,-0.6354347808610961,94.07592337672898,114.74760717550004,-0.6354347808610961,-0.6354347808610961,1.378774093876979,1.378774093876979,1.378774093876979,-0.005617552629506335,-0.005617552629506335,-0.005617552629506335,1.3843916465064854,1.3843916465064854,1.3843916465064854,0.0,0.0,0.0,104.52812263322306
2023-05-23 17:15:39.185076,-0.6383766147216362,94.19419887761617,114.46606164200867,-0.6383766147216362,-0.6383766147216362,1.364556603657039,1.364556603657039,1.364556603657039,0.020164489095871155,0.020164489095871155,0.020164489095871155,1.3443921145611677,1.3443921145611677,1.3443921145611677,0.0,0.0,0.0,104.57188623048641
2023-05-24 17:15:39.185076,-0.6413184485821762,95.23807824091594,114.02304091225366,-0.6413184485821762,-0.6413184485821762,1.3233499651686207,1.3233499651686207,1.3233499651686207,0.024197687089289426,0.024197687089289426,0.024197687089289426,1.2991522780793312,1.2991522780793312,1.2991522780793312,0.0,0.0,0.0,104.9819117882027
2023-05-25 17:15:39.185076,-0.6442602824427164,95.74276199218676,117.17337550568601,-0.6442602824427164,-0.6442602824427164,1.228482434057692,1.228482434057692,1.228482434057692,-0.02086781241147319,-0.02086781241147319,-0.02086781241147319,1.2493502464691653,1.2493502464691653,1.2493502464691653,0.0,0.0,0.0,106.12508142183383
2023-05-26 17:15:39.185076,-0.6472021163032564,96.37420443915246,117.184160251343,-0.6472021163032564,-0.6472021163032564,1.196815655270889,1.196815655270889,1.196815655270889,0.0011054477714786456,0.0011054477714786456,0.0011054477714786456,1.1957102074994106,1.1957102074994106,1.1957102074994106,0.0,0.0,0.0,106.41862060850386
2023-05-27 17:15:39.185076,-0.6501439501637966,97.28008591597637,117.83125911820659,-0.6501439501637966,-0.6501439501637966,1.1290426404758376,1.1290426404758376,1.1290426404758376,-0.009946262067107671,-0.009946262067107671,-0.009946262067107671,1.1389889025429454,1.1389889025429454,1.1389889025429454,0.0,0.0,0.0,107.21042460512544
2023-05-28 17:15:39.185076,-0.6530857840243366,97.6381206971234,118.04689222900032,-0.6530857840243366,-0.6530857840243366,1.0709256785264423,1.0709256785264423,1.0709256785264423,-0.00903599684850607,-0.00903599684850607,-0.00903599684850607,1.0799616753749481,1.0799616753749481,1.0799616753749481,0.0,0.0,0.0,107.87782381514198
2023-05-29 17:15:39.185076,-0.6560276178848767,98.43654237231489,118.40984378379488,-0.6560276178848767,-0.6560276178848767,1.0137908389468022,1.0137908389468022,1.0137908389468022,-0.005617552629581648,-0.005617552629581648,-0.005617552629581648,1.0194083915763839,1.0194083915763839,1.0194083915763839,0.0,0.0,0.0,108.53885569681691
2023-05-30 17:15:39.185076,-0.6589694518010429,98.5734275843329,118.64202863040508,-0.6589694518010429,-0.6589694518010429,0.9782640155286949,0.9782640155286949,0.9782640155286949,0.02016448909586833,0.02016448909586833,0.02016448909586833,0.9580995264328265,0.9580995264328265,0.9580995264328265,0.0,0.0,0.0,108.9071090572134
2023-05-31 17:15:39.185076,-0.6619112857172093,98.80841494269785,120.0502530849271,-0.6619112857172093,-0.6619112857172093,0.9209804001662837,0.9209804001662837,0.9209804001662837,0.02419768708932972,0.02419768708932972,0.02419768708932972,0.8967827130769539,0.8967827130769539,0.8967827130769539,0.0,0.0,0.0,109.58303448526043
2023-06-01 17:15:39.185076,-0.6648531196333756,100.8766463485045,121.37480189794309,-0.6648531196333756,-0.6648531196333756,0.8153022172597965,0.8153022172597965,0.8153022172597965,-0.020867812411510978,-0.020867812411510978,-0.020867812411510978,0.8361700296713074,0.8361700296713074,0.8361700296713074,0.0,0.0,0.0,110.94363255666859
2023-06-02 17:15:39.185076,-0.6677949535495418,99.92079207769547,120.64687165411743,-0.6677949535495418,-0.6677949535495418,0.7780317327726505,0.7780317327726505,0.7780317327726505,0.001105447771498071,0.001105447771498071,0.001105447771498071,0.7769262850011525,0.7769262850011525,0.7769262850011525,0.0,0.0,0.0,111.35530658250481
2023-06-03 17:15:39.185076,-0.6707367874657081,101.798170022472,122.67418957583442,-0.6707367874657081,-0.6707367874657081,0.7097122743725781,0.7097122743725781,0.7097122743725781,-0.009946262067102144,-0.009946262067102144,-0.009946262067102144,0.7196585364396803,0.7196585364396803,0.7196585364396803,0.0,0.0,0.0,112.21016401711235
2023-06-04 17:15:39.185076,-0.6736786213818743,102.75979778804239,123.11409827192853,-0.6736786213818743,-0.6736786213818743,0.655871046651451,0.655871046651451,0.655871046651451,-0.009035996848489183,-0.009035996848489183,-0.009035996848489183,0.6649070434999402,0.6649070434999402,0.6649070434999402,0.0,0.0,0.0,112.86808510542198
2023-06-05 17:15:39.185076,-0.6766204552980407,103.54203450180162,124.14522995509594,-0.6766204552980407,-0.6766204552980407,0.6075202722632547,0.6075202722632547,0.6075202722632547,-0.005617552629618133,-0.005617552629618133,-0.005617552629618133,0.6131378248928728,0.6131378248928728,0.6131378248928728,0.0,0.0,0.0,113.45444459306403
2023-06-06 17:15:39.185076,-0.6795622892142069,103.67310924175445,124.26629293486906,-0.6795622892142069,-0.6795622892142069,0.5849014371483954,0.5849014371483954,0.5849014371483954,0.020164489095865507,0.020164489095865507,0.020164489095865507,0.5647369480525298,0.5647369480525298,0.5647369480525298,0.0,0.0,0.0,113.67854991842074
2023-06-07 17:15:39.185076,-0.6825041231303732,103.66994453309547,124.31067703469267,-0.6825041231303732,-0.6825041231303732,0.5442043255291935,0.5442043255291935,0.5442043255291935,0.02419768708927044,0.02419768708927044,0.02419768708927044,0.5200066384399231,0.5200066384399231,0.5200066384399231,0.0,0.0,0.0,114.16529261994478
2023-06-08 17:15:39.185076,-0.6854459570465395,103.7584186549883,125.00469241073952,-0.6854459570465395,-0.6854459570465395,0.45829544025526847,0.45829544025526847,0.45829544025526847,-0.020867812411506405,-0.020867812411506405,-0.020867812411506405,0.47916325266677484,0.47916325266677484,0.47916325266677484,0.0,0.0,0.0,115.30969699061791
2023-06-09 17:15:39.185076,-0.6883877909627057,105.25960972322382,125.22595022123004,-0.6883877909627057,-0.6883877909627057,0.4434425634128762,0.4434425634128762,0.4434425634128762,0.0011054477714482983,0.0011054477714482983,0.0011054477714482983,0.4423371156414279,0.4423371156414279,0.4423371156414279,0.0,0.0,0.0,115.43467034878657
2023-06-10 17:15:39.185076,-0.6913296248788722,105.6518033124727,125.82529154199155,-0.6913296248788722,-0.6913296248788722,0.39962791658370034,0.39962791658370034,0.39962791658370034,-0.009946262067096617,-0.009946262067096617,-0.009946262067096617,0.409574178650797,0.409574178650797,0.409574178650797,0.0,0.0,0.0,115.98312744469317
2023-06-11 17:15:39.185076,-0.6942714587950384,106.61903963931447,126.73805341675796,-0.6942714587950384,-0.6942714587950384,0.37180341674912254,0.37180341674912254,0.37180341674912254,-0.009035996848575069,-0.009035996848575069,-0.009035996848575069,0.3808394135976976,0.3808394135976976,0.3808394135976976,0.0,0.0,0.0,116.30322822676008
2023-06-12 17:15:39.185076,-0.6972132927112047,106.74045817503068,127.3461252617886,-0.6972132927112047,-0.6972132927112047,0.3504042669331975,0.3504042669331975,0.3504042669331975,-0.005617552629507238,-0.005617552629507238,-0.005617552629507238,0.35602181956270473,0.35602181956270473,0.35602181956270473,0.0,0.0,0.0,116.53243620413103
2023-06-13 17:15:39.185076,-0.7001551266273709,106.10873457970779,126.69671326606418,-0.7001551266273709,-0.7001551266273709,0.3551053714775557,0.3551053714775557,0.3551053714775557,0.020164489095931208,0.020164489095931208,0.020164489095931208,0.33494088238162456,0.33494088238162456,0.33494088238162456,0.0,0.0,0.0,116.37946104758664
2023-06-14 17:15:39.185076,-0.7030969605435372,106.39913721764772,127.4279144457377,-0.7030969605435372,-0.7030969605435372,0.3415519839731575,0.3415519839731575,0.3415519839731575,0.024197687089260955,0.024197687089260955,0.024197687089260955,0.31735429688389655,0.31735429688389655,0.31735429688389655,0.0,0.0,0.0,116.4961872159376
2023-06-15 17:15:39.185076,-0.7060387944597035,106.15033306075448,128.0657251458282,-0.7060387944597035,-0.7060387944597035,0.2820989231464289,0.2820989231464289,0.2820989231464289,-0.02086781241150183,-0.02086781241150183,-0.02086781241150183,0.30296673555793074,0.30296673555793074,0.30296673555793074,0.0,0.0,0.0,117.29704642946689
2023-06-16 17:15:39.185076,-0.7089806283758697,106.27169979750911,127.2777606126111,-0.7089806283758697,-0.7089806283758697,0.29254487504924326,0.29254487504924326,0.29254487504924326,0.001105447771467722,0.001105447771467722,0.001105447771467722,0.2914394272777755,0.2914394272777755,0.2914394272777755,0.0,0.0,0.0,117.0616567103553
2023-06-17 17:15:39.185076,-0.7119224625621354,106.78796638064368,128.23457348021427,-0.7119224625621354,-0.7119224625621354,0.27245403372544025,0.27245403372544025,0.27245403372544025,-0.009946262067091094,-0.009946262067091094,-0.009946262067091094,0.28240029579253134,0.28240029579253134,0.28240029579253134,0.0,0.0,0.0,117.28278891959687
2023-06-18 17:15:39.185076,-0.7148642967484011,107.2427848455288,127.98477902155949,-0.7148642967484011,-0.7148642967484011,0.26641840335928196,0.26641840335928196,0.26641840335928196,-0.00903599684853243,-0.00903599684853243,-0.00903599684853243,0.27545440020781436,0.27545440020781436,0.27545440020781436,0.0,0.0,0.0,117.29482001774713
2023-06-19 17:15:39.185076,-0.7178061309346667,107.34844649904466,127.37754682595693,-0.7178061309346667,-0.7178061309346667,0.26457686616333825,0.26457686616333825,0.26457686616333825,-0.005617552629543724,-0.005617552629543724,-0.005617552629543724,0.270194418792882,0.270194418792882,0.270194418792882,0.0,0.0,0.0,117.24420025981715
2023-06-20 17:15:39.185076,-0.7207479651209324,106.21667610753973,126.22456920606088,-0.7207479651209324,-0.7207479651209324,0.28637541214875445,0.28637541214875445,0.28637541214875445,0.020164489095858024,0.020164489095858024,0.020164489095858024,0.26621092305289645,0.26621092305289645,0.26621092305289645,0.0,0.0,0.0,116.8349962437143
2023-06-21 17:15:39.185076,-0.7236897993071979,106.1979244636228,126.82155366551622,-0.7236897993071979,-0.7236897993071979,0.2872998879679595,0.2872998879679595,0.2872998879679595,0.02419768708936615,0.02419768708936615,0.02419768708936615,0.2631022008785934,0.2631022008785934,0.2631022008785934,0.0,0.0,0.0,116.74121400300575
2023-06-22 17:15:39.185076,-0.7266316334934636,107.22024155573504,127.73509831780069,-0.7266316334934636,-0.7266316334934636,0.23961559292020002,0.23961559292020002,0.23961559292020002,-0.020867812411539618,-0.020867812411539618,-0.020867812411539618,0.26048340533173964,0.26048340533173964,0.26048340533173964,0.0,0.0,0.0,117.39113061235132
2023-06-23 17:15:39.185076,-0.7295734676797292,106.43478686977157,127.2390026075845,-0.7295734676797292,-0.7295734676797292,0.2591002764637225,0.2591002764637225,0.2591002764637225,0.0011054477714639212,0.0011054477714639212,0.0011054477714639212,0.2579948286922586,0.2579948286922586,0.2579948286922586,0.0,0.0,0.0,117.0149717837578
2023-06-24 17:15:39.185076,-0.7325153018659949,107.26704571800039,127.24937852032652,-0.7325153018659949,-0.7325153018659949,0.24536286703663374,0.24536286703663374,0.24536286703663374,-0.009946262067127676,-0.009946262067127676,-0.009946262067127676,0.2553091291037614,0.2553091291037614,0.2553091291037614,0.0,0.0,0.0,117.14888088955244
2023-06-25 17:15:39.185076,-0.7354571360522604,106.56751669491169,128.1093485162232,-0.7354571360522604,-0.7354571360522604,0.24310137186775435,0.24310137186775435,0.24310137186775435,-0.00903599684851554,-0.00903599684851554,-0.00903599684851554,0.2521373687162699,0.2521373687162699,0.2521373687162699,0.0,0.0,0.0,117.10675434150838
2023-06-26 17:15:39.185076,-0.738398970238526,107.37246850347923,127.47221570941738,-0.738398970238526,-0.738398970238526,0.24261620411470378,0.24261620411470378,0.24261620411470378,-0.005617552629580209,-0.005617552629580209,-0.005617552629580209,0.248233756744284,0.248233756744284,0.248233756744284,0.0,0.0,0.0,117.03728637976852
2023-06-27 17:15:39.185076,-0.7413408044247917,105.99127740174191,126.64285530495142,-0.7413408044247917,-0.7413408044247917,0.2635635164857523,0.2635635164857523,0.2635635164857523,0.02016448909592372,0.02016448909592372,0.02016448909592372,0.2433990273898286,0.2433990273898286,0.2433990273898286,0.0,0.0,0.0,116.63327895318437
2023-06-28 17:15:39.185076,-0.7442826386110574,106.17260490922557,127.21106832971405,-0.7442826386110574,-0.7442826386110574,0.2616801072063747,0.2616801072063747,0.2616801072063747,0.024197687089356656,0.024197687089356656,0.024197687089356656,0.23748242011701803,0.23748242011701803,0.23748242011701803,0.0,0.0,0.0,116.58451913024814
2023-06-29 17:15:39.185076,-0.7472244727973228,106.74141754703365,127.14292363140652,-0.7472244727973228,-0.7472244727973228,0.209514454897434,0.209514454897434,0.209514454897434,-0.02086781241153504,-0.02086781241153504,-0.02086781241153504,0.23038226730896905,0.23038226730896905,0.23038226730896905,0.0,0.0,0.0,117.32721909715463
2023-06-30 17:15:39.185076,-0.7501663069835884,106.2619398363241,127.26120406909382,-0.7501663069835884,-0.7501663069835884,0.22315067865112215,0.22315067865112215,0.22315067865112215,0.0011054477714833484,0.0011054477714833484,0.0011054477714833484,0.2220452308796388,0.2220452308796388,0.2220452308796388,0.0,0.0,0.0,117.0368672668159
2023-07-01 17:15:39.185076,-0.7531081411698541,107.08744113528618,127.7046659641298,-0.7531081411698541,-0.7531081411698541,0.2025180019397172,0.2025180019397172,0.2025180019397172,-0.009946262067099792,-0.009946262067099792,-0.009946262067099792,0.21246426400681698,0.21246426400681698,0.21246426400681698,0.0,0.0,0.0,117.28831712605324
2023-07-02 17:15:39.185076,-0.7560499753561197,107.28235137264181,128.04065968549543,-0.7560499753561197,-0.7560499753561197,0.19263940905092536,0.19263940905092536,0.19263940905092536,-0.009035996848472897,-0.009035996848472897,-0.009035996848472897,0.20167540589939828,0.20167540589939828,0.20167540589939828,0.0,0.0,0.0,117.371101676595
2023-07-03 17:15:39.185076,-0.7589918095423854,107.05414487282914,126.7792342154163,-0.7589918095423854,-0.7589918095423854,0.1841359929811642,0.1841359929811642,0.1841359929811642,-0.005617552629469313,-0.005617552629469313,-0.005617552629469313,0.1897535456106335,0.1897535456106335,0.1897535456106335,0.0,0.0,0.0,117.43313006662319
2023-07-04 17:15:39.185076,-0.7619336437286509,106.5773413051604,127.88631835058646,-0.7619336437286509,-0.7619336437286509,0.1969718037662176,0.1969718037662176,0.1969718037662176,0.020164489095852382,0.020164489095852382,0.020164489095852382,0.1768073146703652,0.1768073146703652,0.1768073146703652,0.0,0.0,0.0,117.15381432136604
2023-07-05 17:15:39.185076,-0.7648754779149164,106.87526984108183,127.99679432070444,-0.7648754779149164,-0.7648754779149164,0.18717097425157136,0.18717097425157136,0.18717097425157136,0.024197687089347164,0.024197687089347164,0.024197687089347164,0.1629732871622242,0.1629732871622242,0.1629732871622242,0.0,0.0,0.0,117.23752588849096
2023-07-06 17:15:39.185076,-0.7678173120786083,108.00772157430433,128.69674302231988,-0.7678173120786083,-0.7678173120786083,0.12754186698566805,0.12754186698566805,0.12754186698566805,-0.02086781241148674,-0.02086781241148674,-0.02086781241148674,0.1484096793971548,0.1484096793971548,0.1484096793971548,0.0,0.0,0.0,118.12814340512722
2023-07-07 17:15:39.185076,-0.7707591462423,108.17764255746877,127.15344544578768,-0.7707591462423,-0.7707591462423,0.13439519703162087,0.13439519703162087,0.13439519703162087,0.0011054477715027738,0.0011054477715027738,0.0011054477715027738,0.13328974926011808,0.13328974926011808,0.13328974926011808,0.0,0.0,0.0,117.94705169932358
2023-07-08 17:15:39.185076,-0.7737009804059917,108.26432531442265,128.64535069094558,-0.7737009804059917,-0.7737009804059917,0.10784883544757844,0.10784883544757844,0.10784883544757844,-0.009946262067094265,-0.009946262067094265,-0.009946262067094265,0.11779509751467271,0.11779509751467271,0.11779509751467271,0.0,0.0,0.0,118.30930097122254
2023-07-09 17:15:39.185076,-0.7766428145696834,107.99507640467118,129.2036366526601,-0.7766428145696834,-0.7766428145696834,0.09307307304105902,0.09307307304105902,0.09307307304105902,-0.00903599684849452,-0.00903599684849452,-0.00903599684849452,0.10210906988955354,0.10210906988955354,0.10210906988955354,0.0,0.0,0.0,118.48232869148706
2023-07-10 17:15:39.185076,-0.7795846487333752,108.15854926731745,128.73357519407395,-0.7795846487333752,-0.7795846487333752,0.08079289720971594,0.08079289720971594,0.08079289720971594,-0.005617552629505797,-0.005617552629505797,-0.005617552629505797,0.08641044983922173,0.08641044983922173,0.08641044983922173,0.0,0.0,0.0,118.61621670631997
2023-07-11 17:15:39.185076,-0.7825264828970668,107.96111794474584,127.70644881216963,-0.7825264828970668,-0.7825264828970668,0.09103210691087228,0.09103210691087228,0.09103210691087228,0.020164489095918076,0.020164489095918076,0.020164489095918076,0.07086761781495421,0.07086761781495421,0.07086761781495421,0.0,0.0,0.0,118.3805265490775
2023-07-12 17:15:39.185076,-0.7854683170607585,108.34716407075848,128.8958405158308,-0.7854683170607585,-0.7854683170607585,0.07983102128508303,0.07983102128508303,0.07983102128508303,0.024197687089337668,0.024197687089337668,0.024197687089337668,0.05563333419574536,0.05563333419574536,0.05563333419574536,0.0,0.0,0.0,118.49821324895163
2023-07-13 17:15:39.185076,-0.7884101512244502,108.24349745650773,129.38600813921954,-0.7884101512244502,-0.7884101512244502,0.019972467897116916,0.019972467897116916,0.019972467897116916,-0.020867812411482167,-0.020867812411482167,-0.020867812411482167,0.04084028030859908,0.04084028030859908,0.04084028030859908,0.0,0.0,0.0,119.42514903122829
2023-07-14 17:15:39.185076,-0.7913519853881421,109.62130331078815,128.86402412495056,-0.7913519853881421,-0.7913519853881421,0.027702913707616024,0.027702913707616024,0.027702913707616024,0.001105447771498973,0.001105447771498973,0.001105447771498973,0.026597465936117053,0.026597465936117053,0.026597465936117053,0.0,0.0,0.0,119.23313228940555
2023-07-15 17:15:39.185076,-0.7942938195518338,109.5613193067759,129.8400299245538,-0.7942938195518338,-0.7942938195518338,0.0030413210848501057,0.0030413210848501057,0.0030413210848501057,-0.00994626206704663,-0.00994626206704663,-0.00994626206704663,0.012987583151896735,0.012987583151896735,0.012987583151896735,0.0,0.0,0.0,119.58197707740919
2023-07-16 17:15:39.185076,-0.7972356537155255,109.58334576441294,130.00434936110452,-0.7972356537155255,-0.7972356537155255,-0.008970640743753502,-0.008970640743753502,-0.008970640743753502,-0.00903599684851614,-0.00903599684851614,-0.00903599684851614,6.535610476263859e-05,6.535610476263859e-05,6.535610476263859e-05,0.0,0.0,0.0,119.72150436612208
2023-07-17 17:15:39.185076,-0.8001774878792173,110.03793538055467,130.32659019455247,-0.8001774878792173,-0.8001774878792173,-0.017760647261008438,-0.017760647261008438,-0.017760647261008438,-0.005617552629581111,-0.005617552629581111,-0.005617552629581111,-0.012143094631427327,-0.012143094631427327,-0.012143094631427327,0.0,0.0,0.0,119.80822734571287
2023-07-18 17:15:39.185076,-0.8031193220429089,109.7345019786605,130.04655042813312,-0.8031193220429089,-0.8031193220429089,-0.003475396311741829,-0.003475396311741829,-0.003475396311741829,0.020164489095776374,0.020164489095776374,0.020164489095776374,-0.023639885407518203,-0.023639885407518203,-0.023639885407518203,0.0,0.0,0.0,119.50577256698432
2023-07-19 17:15:39.185076,-0.8060611562066006,109.39635898882106,129.5293429028041,-0.8060611562066006,-0.8060611562066006,-0.010256355604006432,-0.010256355604006432,-0.010256355604006432,0.0241976870892784,0.0241976870892784,0.0241976870892784,-0.03445404269328483,-0.03445404269328483,-0.03445404269328483,0.0,0.0,0.0,119.55914117074471
2023-07-20 17:15:39.185076,-0.8090029903702923,110.98104879115532,130.29005704838212,-0.8090029903702923,-0.8090029903702923,-0.065507098711374,-0.065507098711374,-0.065507098711374,-0.020867812411498775,-0.020867812411498775,-0.020867812411498775,-0.04463928629987523,-0.04463928629987523,-0.04463928629987523,0.0,0.0,0.0,120.43911456587985
2023-07-21 17:15:39.185076,-0.8119448245339841,110.01137325173598,130.0974724499021,-0.8119448245339841,-0.8119448245339841,-0.05316557045984192,-0.05316557045984192,-0.05316557045984192,0.0011054477715183985,0.0011054477715183985,0.0011054477715183985,-0.05427101823136031,-0.05427101823136031,-0.05427101823136031,0.0,0.0,0.0,120.17019778927144
2023-07-22 17:15:39.185076,-0.8148866586976757,109.6395393574987,130.3530785677523,-0.8148866586976757,-0.8148866586976757,-0.07338889693963428,-0.07338889693963428,-0.07338889693963428,-0.009946262067060854,-0.009946262067060854,-0.009946262067060854,-0.06344263487257343,-0.06344263487257343,-0.06344263487257343,0.0,0.0,0.0,120.45858403703187
2023-07-23 17:15:39.185076,-0.8178284928613676,109.77104409640343,130.7767438248488,-0.8178284928613676,-0.8178284928613676,-0.08129729526986287,-0.08129729526986287,-0.08129729526986287,-0.009035996848537762,-0.009035996848537762,-0.009035996848537762,-0.07226129842132512,-0.07226129842132512,-0.07226129842132512,0.0,0.0,0.0,120.5373816369984
2023-07-24 17:15:39.185076,-0.8207703270250594,110.4040082041963,131.47532675892964,-0.8207703270250594,-0.8207703270250594,-0.08646086994232266,-0.08646086994232266,-0.08646086994232266,-0.005617552629617596,-0.005617552629617596,-0.005617552629617596,-0.08084331731270507,-0.08084331731270507,-0.08084331731270507,0.0,0.0,0.0,120.56971622286581
2023-07-25 17:15:39.185076,-0.8239011945842171,110.5441414798458,130.18709480522912,-0.8239011945842171,-0.8239011945842171,-0.06914480541545248,-0.06914480541545248,-0.06914480541545248,0.02016448909584207,0.02016448909584207,0.02016448909584207,-0.08930929451129455,-0.08930929451129455,-0.08930929451129455,0.0,0.0,0.0,120.20904314760216
2023-07-26 17:15:39.185076,-0.8270320621433749,111.2838698060276,131.17484128401537,-0.8270320621433749,-0.8270320621433749,-0.07358151968448665,-0.07358151968448665,-0.07358151968448665,0.024197687089318687,0.024197687089318687,0.024197687089318687,-0.09777920677380533,-0.09777920677380533,-0.09777920677380533,0.0,0.0,0.0,120.22494092249597
2023-07-27 17:15:39.185076,-0.8301629297025327,110.50031887265925,131.5163066861205,-0.8301629297025327,-0.8301629297025327,-0.1272353896718291,-0.1272353896718291,-0.1272353896718291,-0.020867812411515384,-0.020867812411515384,-0.020867812411515384,-0.10636757726031372,-0.10636757726031372,-0.10636757726031372,0.0,0.0,0.0,121.1018524760201
2023-07-28 17:15:39.185076,-0.8332937972616905,110.98812317973736,130.81066107986356,-0.8332937972616905,-0.8332937972616905,-0.11407345050716645,-0.11407345050716645,-0.11407345050716645,0.0011054477714686258,0.0011054477714686258,0.0011054477714686258,-0.11517889827863509,-0.11517889827863509,-0.11517889827863509,0.0,0.0,0.0,120.81334022039876
2023-07-29 17:15:39.185076,-0.8364246648208483,110.4389013735469,131.62219148948336,-0.8364246648208483,-0.8364246648208483,-0.13424971279268047,-0.13424971279268047,-0.13424971279268047,-0.009946262067055327,-0.009946262067055327,-0.009946262067055327,-0.12430345072562513,-0.12430345072562513,-0.12430345072562513,0.0,0.0,0.0,121.11031671074866
2023-07-30 17:15:39.185076,-0.8395555323800061,110.70680326626697,131.21130232050075,-0.8395555323800061,-0.8395555323800061,-0.14284964914296472,-0.14284964914296472,-0.14284964914296472,-0.009035996848495119,-0.009035996848495119,-0.009035996848495119,-0.13381365229446962,-0.13381365229446962,-0.13381365229446962,0.0,0.0,0.0,121.20528325529158
2023-07-31 17:15:39.185076,-0.842686399939164,110.68770904185855,132.16977067616088,-0.842686399939164,-0.842686399939164,-0.14937860086773216,-0.14937860086773216,-0.14937860086773216,-0.005617552629580392,-0.005617552629580392,-0.005617552629580392,-0.14376104823815178,-0.14376104823815178,-0.14376104823815178,0.0,0.0,0.0,121.26463209017354
2023-08-01 17:15:39.185076,-0.8458172674983218,110.36549560495304,131.01724108990604,-0.8458172674983218,-0.8458172674983218,-0.13400954790494696,-0.13400954790494696,-0.13400954790494696,0.02016448909590777,0.02016448909590777,0.02016448909590777,-0.15417403700085475,-0.15417403700085475,-0.15417403700085475,0.0,0.0,0.0,120.93479557980132
2023-08-02 17:15:39.185076,-0.8489481350574797,110.39385929286486,130.7069467445573,-0.8489481350574797,-0.8489481350574797,-0.14085871193657684,-0.14085871193657684,-0.14085871193657684,0.024197687089374104,0.024197687089374104,0.024197687089374104,-0.16505639902595096,-0.16505639902595096,-0.16505639902595096,0.0,0.0,0.0,121.00014722484201
2023-08-03 17:15:39.185076,-0.8520790026166374,111.94253595087596,131.6196791817567,-0.8520790026166374,-0.8520790026166374,-0.19725448367257833,-0.19725448367257833,-0.19725448367257833,-0.020867812411531992,-0.020867812411531992,-0.020867812411531992,-0.17638667126104635,-0.17638667126104635,-0.17638667126104635,0.0,0.0,0.0,121.9554574754296
2023-08-04 17:15:39.185076,-0.8552098701757951,111.45222736040438,131.70367671023888,-0.8552098701757951,-0.8552098701757951,-0.18701293532558913,-0.18701293532558913,-0.18701293532558913,0.0011054477714764407,0.0011054477714764407,0.0011054477714764407,-0.18811838309706558,-0.18811838309706558,-0.18811838309706558,0.0,0.0,0.0,121.71808267382653
2023-08-05 17:15:39.185076,-0.858340737734953,111.36861390150966,132.6229277475895,-0.858340737734953,-0.858340737734953,-0.2101274045669621,-0.2101274045669621,-0.2101274045669621,-0.009946262067091911,-0.009946262067091911,-0.009946262067091911,-0.20018114249987018,-0.20018114249987018,-0.20018114249987018,0.0,0.0,0.0,122.08229025878497
2023-08-06 17:15:39.185076,-0.8614716052941108,112.79022877565916,132.27879455592083,-0.8614716052941108,-0.8614716052941108,-0.22151853157598683,-0.22151853157598683,-0.22151853157598683,-0.009035996848581002,-0.009035996848581002,-0.009035996848581002,-0.21248253472740583,-0.21248253472740583,-0.21248253472740583,0.0,0.0,0.0,122.2368654359185
2023-08-07 17:15:39.185076,-0.8646024728532686,111.8608853452451,132.30916021578258,-0.8646024728532686,-0.8646024728532686,-0.23052832367929174,-0.23052832367929174,-0.23052832367929174,-0.005617552629543186,-0.005617552629543186,-0.005617552629543186,-0.22491077104974858,-0.22491077104974858,-0.22491077104974858,0.0,0.0,0.0,122.34958442863785
2023-08-08 17:15:39.185076,-0.8677333404124264,112.22142677461542,132.66215001992873,-0.8677333404124264,-0.8677333404124264,-0.21717351293886167,-0.21717351293886167,-0.21717351293886167,0.020164489095836426,0.020164489095836426,0.020164489095836426,-0.2373380020346981,-0.2373380020346981,-0.2373380020346981,0.0,0.0,0.0,122.0548123024698
2023-08-09 17:15:39.185076,-0.8708642079715841,111.23536135010957,133.4694784383217,-0.8708642079715841,-0.8708642079715841,-0.225426502794464,-0.225426502794464,-0.225426502794464,0.02419768708936461,0.02419768708936461,0.02419768708936461,-0.2496241898838286,-0.2496241898838286,-0.2496241898838286,0.0,0.0,0.0,122.15455358282333
2023-08-10 17:15:39.185076,-0.8739950755307421,113.53788487357532,133.03305997977296,-0.8739950755307421,-0.8739950755307421,-0.28248922999595744,-0.28248922999595744,-0.28248922999595744,-0.020867812411527416,-0.020867812411527416,-0.020867812411527416,-0.26162141758443,-0.26162141758443,-0.26162141758443,0.0,0.0,0.0,123.15374336165297
2023-08-11 17:15:39.185076,-0.8771259430899,112.96471872184152,133.30974730380225,-0.8771259430899,-0.8771259430899,-0.27207305197160925,-0.27207305197160925,-0.27207305197160925,0.0011054477714842505,0.0011054477714842505,0.0011054477714842505,-0.2731784997430935,-0.2731784997430935,-0.2731784997430935,0.0,0.0,0.0,122.91403591036965
2023-08-12 17:15:39.185076,-0.880256810644089,113.94200512430265,133.56433121104283,-0.880256810644089,-0.880256810644089,-0.29409201330945545,-0.29409201330945545,-0.29409201330945545,-0.009946262067128493,-0.009946262067128493,-0.009946262067128493,-0.28414575124232694,-0.28414575124232694,-0.28414575124232694,0.0,0.0,0.0,123.27421202878446
2023-08-13 17:15:39.185076,-0.8833876781982781,114.09366253394074,133.2175011092665,-0.8833876781982781,-0.8833876781982781,-0.3034157623903413,-0.3034157623903413,-0.3034157623903413,-0.009035996848499851,-0.009035996848499851,-0.009035996848499851,-0.2943797655418415,-0.2943797655418415,-0.2943797655418415,0.0,0.0,0.0,123.40112079284171
2023-08-14 17:15:39.185076,-0.8865185457524672,113.07927299855616,133.1451101372358,-0.8865185457524672,-0.8865185457524672,-0.3093656072508608,-0.3093656072508608,-0.3093656072508608,-0.005617552629505979,-0.005617552629505979,-0.005617552629505979,-0.3037480546213548,-0.3037480546213548,-0.3037480546213548,0.0,0.0,0.0,123.46627135108652
2023-08-15 17:15:39.185076,-0.8896494133066564,113.52864681374535,133.53798433593198,-0.8896494133066564,-0.8896494133066564,-0.29196891810397607,-0.29196891810397607,-0.29196891810397607,0.020164489095902124,0.020164489095902124,0.020164489095902124,-0.3121334071998782,-0.3121334071998782,-0.3121334071998782,0.0,0.0,0.0,123.0948089149862
2023-08-16 17:15:39.185076,-0.8927802808608455,112.04898839697947,133.7925556623245,-0.8927802808608455,-0.8927802808608455,-0.295240143697359,-0.295240143697359,-0.295240143697359,0.024197687089305333,0.024197687089305333,0.024197687089305333,-0.3194378307866644,-0.3194378307866644,-0.3194378307866644,0.0,0.0,0.0,123.10962876094202
2023-08-17 17:15:39.185076,-0.8959111484150346,113.73185692756533,134.71662352628078,-0.8959111484150346,-0.8959111484150346,-0.34645376845857173,-0.34645376845857173,-0.34645376845857173,-0.020867812411565205,-0.020867812411565205,-0.020867812411565205,-0.3255859560470065,-0.3255859560470065,-0.3255859560470065,0.0,0.0,0.0,124.02940326965619
2023-08-18 17:15:39.185076,-0.8990420159692237,113.4202020090517,134.2585153353943,-0.8990420159692237,-0.8990420159692237,-0.3294223506930039,-0.3294223506930039,-0.3294223506930039,0.001105447771434476,0.001105447771434476,0.001105447771434476,-0.33052779846443836,-0.33052779846443836,-0.33052779846443836,0.0,0.0,0.0,123.66386073978761
2023-08-19 17:15:39.185076,-0.9021728835234127,113.51963892689636,134.17373386108818,-0.9021728835234127,-0.9021728835234127,-0.34418705392892146,-0.34418705392892146,-0.34418705392892146,-0.009946262067080859,-0.009946262067080859,-0.009946262067080859,-0.3342407918618406,-0.3342407918618406,-0.3342407918618406,0.0,0.0,0.0,123.90015863208288
2023-08-20 17:15:39.185076,-0.9053037510776019,114.15725946241125,133.93777066062864,-0.9053037510776019,-0.9053037510776019,-0.34576702723662894,-0.34576702723662894,-0.34576702723662894,-0.009035996848521473,-0.009035996848521473,-0.009035996848521473,-0.3367310303881075,-0.3367310303881075,-0.3367310303881075,0.0,0.0,0.0,123.88704089979657
2023-08-21 17:15:39.185076,-0.908434618631791,113.77340119319072,134.4676476815605,-0.908434618631791,-0.908434618631791,-0.343651232055552,-0.343651232055552,-0.343651232055552,-0.005617552629581293,-0.005617552629581293,-0.005617552629581293,-0.33803367942597073,-0.33803367942597073,-0.33803367942597073,0.0,0.0,0.0,123.80342921933216
2023-08-22 17:15:39.185076,-0.9115654861859801,113.26552789663174,133.2368550521956,-0.9115654861859801,-0.9115654861859801,-0.3180480517118574,-0.3180480517118574,-0.3180480517118574,0.020164489095899303,0.020164489095899303,0.020164489095899303,-0.3382125408077567,-0.3382125408077567,-0.3382125408077567,0.0,0.0,0.0,123.26866204110729
2023-08-23 17:15:39.185076,-0.9146963537401692,113.12625487057821,133.62547154756982,-0.9146963537401692,-0.9146963537401692,-0.31316109590221763,-0.31316109590221763,-0.31316109590221763,0.024197687089246064,0.024197687089246064,0.024197687089246064,-0.3373587829914637,-0.3373587829914637,-0.3373587829914637,0.0,0.0,0.0,123.12956437705684
2023-08-24 17:15:39.185076,-0.9178272212943583,113.76679019515963,133.8329683818834,-0.9178272212943583,-0.9178272212943583,-0.35645668411476533,-0.35645668411476533,-0.35645668411476533,-0.020867812411495726,-0.020867812411495726,-0.020867812411495726,-0.3355888717032696,-0.3355888717032696,-0.3355888717032696,0.0,0.0,0.0,123.92111395958604
2023-08-25 17:15:39.185076,-0.9209580888485475,112.93887108572599,133.40522932237369,-0.9209580888485475,-0.9209580888485475,-0.33193631248431044,-0.33193631248431044,-0.33193631248431044,0.001105447771442291,0.001105447771442291,0.001105447771442291,-0.3330417602557527,-0.3330417602557527,-0.3330417602557527,0.0,0.0,0.0,123.40312718607589
2023-08-26 17:15:39.185076,-0.9240889564027366,112.6564714110266,134.0223194869932,-0.9240889564027366,-0.9240889564027366,-0.3398216826781701,-0.3398216826781701,-0.3398216826781701,-0.009946262067117441,-0.009946262067117441,-0.009946262067117441,-0.3298754206110526,-0.3298754206110526,-0.3298754206110526,0.0,0.0,0.0,123.51253147970885
2023-08-27 17:15:39.185076,-0.9272198239569257,112.47480546634094,132.8036216042703,-0.9272198239569257,-0.9272198239569257,-0.3352988124790449,-0.3352988124790449,-0.3352988124790449,-0.009035996848478832,-0.009035996848478832,-0.009035996848478832,-0.3262628156305661,-0.3262628156305661,-0.3262628156305661,0.0,0.0,0.0,123.38068977773992
2023-08-28 17:15:39.185076,-0.9303506915111148,113.52692888680048,133.7255053999056,-0.9303506915111148,-0.9303506915111148,-0.32800498191544286,-0.32800498191544286,-0.32800498191544286,-0.005617552629544089,-0.005617552629544089,-0.005617552629544089,-0.3223874292858988,-0.3223874292858988,-0.3223874292858988,0.0,0.0,0.0,123.19396264073703
2023-08-29 17:15:39.185076,-0.9334815590653037,112.92472397205371,132.34605117676787,-0.9334815590653037,-0.9334815590653037,-0.29827399532645,-0.29827399532645,-0.29827399532645,0.02016448909582612,0.02016448909582612,0.02016448909582612,-0.3184384844222761,-0.3184384844222761,-0.3184384844222761,0.0,0.0,0.0,122.56520259880807
2023-08-30 17:15:39.185076,-0.9366124266194928,112.04911484580649,132.4501040282967,-0.9366124266194928,-0.9366124266194928,-0.2904082995199882,-0.2904082995199882,-0.2904082995199882,0.02419768708928635,0.02419768708928635,0.02419768708928635,-0.3146059866092746,-0.3146059866092746,-0.3146059866092746,0.0,0.0,0.0,122.36379305100019
2023-08-31 17:15:39.185076,-0.9397432941809105,112.46869595209725,133.4379177022748,-0.9397432941809105,-0.9397432941809105,-0.3319435498458628,-0.3319435498458628,-0.3319435498458628,-0.02086781241153351,-0.02086781241153351,-0.02086781241153351,-0.31107573743432926,-0.31107573743432926,-0.31107573743432926,0.0,0.0,0.0,123.13898763194224
2023-09-01 17:15:39.185076,-0.9428741617423282,112.04016191236566,133.10688856614985,-0.9428741617423282,-0.9428741617423282,-0.3069190133994919,-0.3069190133994919,-0.3069190133994919,0.0011054477714617147,0.0011054477714617147,0.0011054477714617147,-0.3080244611709536,-0.3080244611709536,-0.3080244611709536,0.0,0.0,0.0,122.59805718606401
2023-09-02 17:15:39.185076,-0.9460050293037456,112.41943399463491,133.4453268460898,-0.9460050293037456,-0.9460050293037456,-0.31556144715670564,-0.31556144715670564,-0.31556144715670564,-0.009946262067111918,-0.009946262067111918,-0.009946262067111918,-0.30561518508959373,-0.30561518508959373,-0.30561518508959373,0.0,0.0,0.0,122.72453340895203
2023-09-03 17:15:39.185076,-0.9491358968651631,112.47582482337867,133.4929965916925,-0.9491358968651631,-0.9491358968651631,-0.3130290027445841,-0.3130290027445841,-0.3130290027445841,-0.009035996848436189,-0.009035996848436189,-0.009035996848436189,-0.3039930058961479,-0.3039930058961479,-0.3039930058961479,0.0,0.0,0.0,122.6287888295455
2023-09-04 17:15:39.185076,-0.9522667644265808,111.65729173416628,132.3619491230898,-0.9522667644265808,-0.9522667644265808,-0.30889891576362555,-0.30889891576362555,-0.30889891576362555,-0.005617552629580574,-0.005617552629580574,-0.005617552629580574,-0.303281363134045,-0.303281363134045,-0.303281363134045,0.0,0.0,0.0,122.50067172574134
2023-09-05 17:15:39.185076,-0.9553976319879982,111.28926766036028,132.09414411327379,-0.9553976319879982,-0.9553976319879982,-0.283414436135409,-0.283414436135409,-0.283414436135409,0.020164489095823298,0.020164489095823298,0.020164489095823298,-0.3035789252312323,-0.3035789252312323,-0.3035789252312323,0.0,0.0,0.0,121.94236829447722
2023-09-06 17:15:39.185076,-0.9585284995494157,111.58469733127882,132.03564643072338,-0.9585284995494157,-0.9585284995494157,-0.280759488580704,-0.280759488580704,-0.280759488580704,0.02419768708922708,0.02419768708922708,0.02419768708922708,-0.3049571756699311,-0.3049571756699311,-0.3049571756699311,0.0,0.0,0.0,121.84153047938038
2023-09-07 17:15:39.185076,-0.9616593671108333,112.7563027762146,133.627426452337,-0.9616593671108333,-0.9616593671108333,-0.3283265784712152,-0.3283265784712152,-0.3283265784712152,-0.02086781241152894,-0.02086781241152894,-0.02086781241152894,-0.30745876605968625,-0.30745876605968625,-0.30745876605968625,0.0,0.0,0.0,122.75741211214657
2023-09-08 17:15:39.185076,-0.9647902346722509,112.29092346322625,132.31480924629597,-0.9647902346722509,-0.9647902346722509,-0.30999123254743366,-0.30999123254743366,-0.30999123254743366,0.0011054477714695279,0.0011054477714695279,0.0011054477714695279,-0.3110966803189032,-0.3110966803189032,-0.3110966803189032,0.0,0.0,0.0,122.34060057716313
2023-09-09 17:15:39.185076,-0.9679211022336685,111.82617241822292,132.28904431163403,-0.9679211022336685,-0.9679211022336685,-0.32580049246084436,-0.32580049246084436,-0.32580049246084436,-0.00994626206708403,-0.00994626206708403,-0.00994626206708403,-0.31585423039376037,-0.31585423039376037,-0.31585423039376037,0.0,0.0,0.0,122.61735182354346
2023-09-10 17:15:39.185076,-0.9710519697950859,112.25301968607342,132.8893102829643,-0.9710519697950859,-0.9710519697950859,-0.33072187651251206,-0.33072187651251206,-0.33072187651251206,-0.00903599684852207,-0.00903599684852207,-0.00903599684852207,-0.32168587966399,-0.32168587966399,-0.32168587966399,0.0,0.0,0.0,122.67353878944182
2023-09-11 17:15:39.185076,-0.9741828373565036,112.01703470817674,132.36602063836003,-0.9741828373565036,-0.9741828373565036,-0.33413641875598865,-0.33413641875598865,-0.33413641875598865,-0.0056175526294696765,-0.0056175526294696765,-0.0056175526294696765,-0.328518866126519,-0.328518866126519,-0.328518866126519,0.0,0.0,0.0,122.69946156896677
2023-09-12 17:15:39.185076,-0.977313704917921,111.29984986415397,132.02867045351636,-0.977313704917921,-0.977313704917921,-0.3160910852133849,-0.3160910852133849,-0.3160910852133849,0.020164489095888995,0.020164489095888995,0.020164489095888995,-0.33625557430927394,-0.33625557430927394,-0.33625557430927394,0.0,0.0,0.0,122.2841662885166
2023-09-13 17:15:39.185076,-0.9804445724793385,112.33778030193146,132.1958305453313,-0.9804445724793385,-0.9804445724793385,-0.32057889624184477,-0.32057889624184477,-0.32057889624184477,0.024197687089217587,0.024197687089217587,0.024197687089217587,-0.3447765833310623,-0.3447765833310623,-0.3447765833310623,0.0,0.0,0.0,122.33173452074783
2023-09-14 17:15:39.185076,-0.9835754400407561,113.13150813341883,133.81753877314915,-0.9835754400407561,-0.9835754400407561,-0.3748121116227396,-0.3748121116227396,-0.3748121116227396,-0.020867812411480634,-0.020867812411480634,-0.020867812411480634,-0.3539442992112589,-0.3539442992112589,-0.3539442992112589,0.0,0.0,0.0,123.41027044866566
2023-09-15 17:15:39.185076,-0.9867063076021737,112.57275729971626,134.1517944914528,-0.9867063076021737,-0.9867063076021737,-0.3625016152312425,-0.3625016152312425,-0.3625016152312425,0.0011054477714889533,0.0011054477714889533,0.0011054477714889533,-0.3636070630027315,-0.3636070630027315,-0.3636070630027315,0.0,0.0,0.0,123.1132514153386
2023-09-16 17:15:39.185076,-0.9898371751635913,112.89830423865175,133.60171536857217,-0.9898371751635913,-0.9898371751635913,-0.3835498751171432,-0.3835498751171432,-0.3835498751171432,-0.009946262067078507,-0.009946262067078507,-0.009946262067078507,-0.37360361305006473,-0.37360361305006473,-0.37360361305006473,0.0,0.0,0.0,123.5099673949249
2023-09-17 17:15:39.185076,-0.9929680427250087,114.11275175099284,133.9625751518457,-0.9929680427250087,-0.9929680427250087,-0.39280376688225827,-0.39280376688225827,-0.39280376688225827,-0.009035996848569448,-0.009035996848569448,-0.009035996848569448,-0.38376777003368884,-0.38376777003368884,-0.38376777003368884,0.0,0.0,0.0,123.66282941424703
2023-09-18 17:15:39.185076,-0.9960989101515493,112.66192611100465,134.06992563867627,-0.9960989101515493,-0.9960989101515493,-0.39955076034854553,-0.39955076034854553,-0.39955076034854553,-0.005617552629506163,-0.005617552629506163,-0.005617552629506163,-0.3939332077190394,-0.3939332077190394,-0.3939332077190394,0.0,0.0,0.0,123.76432520399321
2023-09-19 17:15:39.185076,-0.9992297775780895,112.79334311552427,133.29500611658585,-0.9992297775780895,-0.9992297775780895,-0.3837736815418015,-0.3837736815418015,-0.3837736815418015,0.02016448909588617,0.02016448909588617,0.02016448909588617,-0.4039381706376877,-0.4039381706376877,-0.4039381706376877,0.0,0.0,0.0,123.39274452639309
2023-09-20 17:15:39.185076,-1.00236064500463,113.06538649600493,133.4631653463195,-1.00236064500463,-1.00236064500463,-0.38943231522978217,-0.38943231522978217,-0.38943231522978217,0.02419768708932278,0.02419768708932278,0.02419768708932278,-0.41363000231910496,-0.41363000231910496,-0.41363000231910496,0.0,0.0,0.0,123.4715609007119
2023-09-21 17:15:39.185076,-1.0054915124311703,114.14972318867714,134.11956661956512,-1.0054915124311703,-1.0054915124311703,-0.4437371664845501,-0.4437371664845501,-0.4437371664845501,-0.020867812411497245,-0.020867812411497245,-0.020867812411497245,-0.4228693540730528,-0.4228693540730528,-0.4228693540730528,0.0,0.0,0.0,124.58118349718441
2023-09-22 17:15:39.185076,-1.0086223798577107,113.4127901264792,135.2907369815901,-1.0086223798577107,-1.0086223798577107,-0.43042850672315436,-0.43042850672315436,-0.43042850672315436,0.0011054477714851525,0.0011054477714851525,0.0011054477714851525,-0.4315339544946395,-0.4315339544946395,-0.4315339544946395,0.0,0.0,0.0,124.26182579729652
2023-09-23 17:15:39.185076,-1.0117532472842512,114.59329812629107,134.55336840084456,-1.0117532472842512,-1.0117532472842512,-0.449468095570991,-0.449468095570991,-0.449468095570991,-0.009946262067115089,-0.009946262067115089,-0.009946262067115089,-0.43952183350387586,-0.43952183350387586,-0.43952183350387586,0.0,0.0,0.0,124.62993721767698
2023-09-24 17:15:39.185076,-1.0148841147107917,115.0103983560783,135.59494349780763,-1.0148841147107917,-1.0148841147107917,-0.4557899082774999,-0.4557899082774999,-0.4557899082774999,-0.009035996848526807,-0.009035996848526807,-0.009035996848526807,-0.4467539114289731,-0.4467539114289731,-0.4467539114289731,0.0,0.0,0.0,124.72875101200728
2023-09-25 17:15:39.185076,-1.0180149821373319,113.73945688351505,134.5212131264746,-1.0180149821373319,-1.0180149821373319,-0.4587934355134792,-0.4587934355134792,-0.4587934355134792,-0.005617552629581476,-0.005617552629581476,-0.005617552629581476,-0.4531758828838977,-0.4531758828838977,-0.4531758828838977,0.0,0.0,0.0,124.75726021644616
2023-09-26 17:15:39.185076,-1.0211458495638723,113.87275101431202,135.15031250965856,-1.0211458495638723,-1.0211458495638723,-0.43859485731224046,-0.43859485731224046,-0.43859485731224046,0.020164489095951872,0.020164489095951872,0.020164489095951872,-0.4587593464081923,-0.4587593464081923,-0.4587593464081923,0.0,0.0,0.0,124.28722329246386
2023-09-27 17:15:39.185076,-1.0242767169904128,114.29168731168376,134.66216723466016,-1.0242767169904128,-1.0242767169904128,-0.43930446629693887,-0.43930446629693887,-0.43930446629693887,0.02419768708931329,0.02419768708931329,0.02419768708931329,-0.46350215338625217,-0.46350215338625217,-0.46350215338625217,0.0,0.0,0.0,124.26551477541628
2023-09-28 17:15:39.185076,-1.027407584416953,115.26333908958884,135.65541992637094,-1.027407584416953,-1.027407584416953,-0.48829578539595775,-0.48829578539595775,-0.48829578539595775,-0.02086781241151385,-0.02086781241151385,-0.02086781241151385,-0.4674279729844439,-0.4674279729844439,-0.4674279729844439,0.0,0.0,0.0,125.28852495542398
2023-09-29 17:15:39.185076,-1.0305384518434935,115.09894815037305,135.04457935128707,-1.0305384518434935,-1.0305384518434935,-0.4694796452673049,-0.4694796452673049,-0.4694796452673049,0.001105447771504578,0.001105447771504578,0.001105447771504578,-0.47058509303880947,-0.47058509303880947,-0.47058509303880947,0.0,0.0,0.0,124.84643960226933
2023-09-30 17:15:39.185076,-1.033669319270034,114.65369517895539,135.64326800008038,-1.033669319270034,-1.033669319270034,-0.48299076138902397,-0.48299076138902397,-0.48299076138902397,-0.009946262067109562,-0.009946262067109562,-0.009946262067109562,-0.4730444993219144,-0.4730444993219144,-0.4730444993219144,0.0,0.0,0.0,125.10556977828779
2023-10-01 17:15:39.185076,-1.0368001866965744,114.95711679796014,135.37301165265436,-1.0368001866965744,-1.0368001866965744,-0.48393329359171616,-0.48393329359171616,-0.48393329359171616,-0.009035996848484164,-0.009035996848484164,-0.009035996848484164,-0.474897296743232,-0.474897296743232,-0.474897296743232,0.0,0.0,0.0,125.09206114898404
2023-10-02 17:15:39.185076,-1.0399310541231146,114.56745059474856,135.38250072331059,-1.0399310541231146,-1.0399310541231146,-0.48186910781110254,-0.48186910781110254,-0.48186910781110254,-0.0056175526295442705,-0.0056175526295442705,-0.0056175526295442705,-0.47625155518155826,-0.47625155518155826,-0.47625155518155826,0.0,0.0,0.0,125.01283036706253
2023-10-03 17:15:39.185076,-1.043061921549655,114.38987278815577,134.63974884739713,-1.043061921549655,-1.043061921549655,-0.45706419015724475,-0.45706419015724475,-0.45706419015724475,0.02016448909588053,0.02016448909588053,0.02016448909588053,-0.4772286792531253,-0.4772286792531253,-0.4772286792531253,0.0,0.0,0.0,124.43381118364107
2023-10-04 17:15:39.185076,-1.0461927889761955,114.37325782141312,134.0160513372174,-1.0461927889761955,-1.0461927889761955,-0.45376172780869534,-0.45376172780869534,-0.45376172780869534,0.0241976870893038,0.0241976870893038,0.0241976870893038,-0.47795941489799915,-0.47795941489799915,-0.47795941489799915,0.0,0.0,0.0,124.3252553993153
2023-10-05 17:15:39.185076,-1.049323656402736,115.0230325633245,134.95545363345926,-1.049323656402736,-1.049323656402736,-0.4994474282581158,-0.4994474282581158,-0.4994474282581158,-0.020867812411509278,-0.020867812411509278,-0.020867812411509278,-0.47857961584660647,-0.47857961584660647,-0.47857961584660647,0.0,0.0,0.0,125.29878349440607
2023-10-06 17:15:39.185076,-1.0524545238292762,114.51199309675543,134.82440056679317,-1.0524545238292762,-1.0524545238292762,-0.47812045172300616,-0.47812045172300616,-0.47812045172300616,0.0011054477714548053,0.0011054477714548053,0.0011054477714548053,-0.4792258994944609,-0.4792258994944609,-0.4792258994944609,0.0,0.0,0.0,124.79310029819467
2023-10-07 17:15:39.185076,-1.0555853912409814,114.61553794696091,135.64919303143242,-1.0555853912409814,-1.0555853912409814,-0.4899775863859521,-0.4899775863859521,-0.4899775863859521,-0.009946262067146144,-0.009946262067146144,-0.009946262067146144,-0.48003132431880596,-0.48003132431880596,-0.48003132431880596,0.0,0.0,0.0,125.02226886546997
2023-10-08 17:15:39.185076,-1.058716258652687,115.12854275015597,135.33282015395667,-1.058716258652687,-1.058716258652687,-0.4901572164721975,-0.4901572164721975,-0.4901572164721975,-0.009035996848505784,-0.009035996848505784,-0.009035996848505784,-0.48112121962369175,-0.48112121962369175,-0.48112121962369175,0.0,0.0,0.0,124.99264671693469
2023-10-09 17:15:39.185076,-1.0618471260643922,114.39672893332641,134.98778261403487,-1.0618471260643922,-1.0618471260643922,-0.4882268458083959,-0.4882268458083959,-0.4882268458083959,-0.005617552629507068,-0.005617552629507068,-0.005617552629507068,-0.48260929317888884,-0.48260929317888884,-0.48260929317888884,0.0,0.0,0.0,124.91586589522237
2023-10-10 17:15:39.185076,-1.0649779934760975,114.3782933232155,134.3221667205567,-1.0649779934760975,-1.0649779934760975,-0.4644296442711319,-0.4644296442711319,-0.4644296442711319,0.020164489095946224,0.020164489095946224,0.020164489095946224,-0.48459413336707813,-0.48459413336707813,-0.48459413336707813,0.0,0.0,0.0,124.3484180209225
2023-10-11 17:15:39.185076,-1.0681088608878027,114.18291724085854,134.35371223200087,-1.0681088608878027,-1.0681088608878027,-0.46295852297960344,-0.46295852297960344,-0.46295852297960344,0.024197687089408997,0.024197687089408997,0.024197687089408997,-0.48715621006901244,-0.48715621006901244,-0.48715621006901244,0.0,0.0,0.0,124.28001633888994
2023-10-12 17:15:39.185076,-1.0712397282995083,114.42094897053704,135.05224790551625,-1.0712397282995083,-1.0712397282995083,-0.511223275472605,-0.511223275472605,-0.511223275472605,-0.020867812411504705,-0.020867812411504705,-0.020867812411504705,-0.49035546306110034,-0.49035546306110034,-0.49035546306110034,0.0,0.0,0.0,125.3334171055106
2023-10-13 17:15:39.185076,-1.0743705957112135,114.6792565389101,135.8322401192753,-1.0743705957112135,-1.0743705957112135,-0.49312410087439124,-0.49312410087439124,-0.49312410087439124,0.001105447771462615,0.001105447771462615,0.001105447771462615,-0.49422954864585383,-0.49422954864585383,-0.49422954864585383,0.0,0.0,0.0,124.89169644695335
2023-10-14 17:15:39.185076,-1.0775014631229187,114.4204479642975,135.6802590792031,-1.0775014631229187,-1.0775014631229187,-0.5087390571918659,-0.5087390571918659,-0.5087390571918659,-0.009946262067034044,-0.009946262067034044,-0.009946262067034044,-0.4987927951248317,-0.4987927951248317,-0.4987927951248317,0.0,0.0,0.0,125.2125952302227
2023-10-15 17:15:39.185076,-1.080632330534624,114.12102352422943,135.51795980950865,-1.080632330534624,-1.080632330534624,-0.5130718929985465,-0.5130718929985465,-0.5130718929985465,-0.009035996848527409,-0.009035996848527409,-0.009035996848527409,-0.5040358961500191,-0.5040358961500191,-0.5040358961500191,0.0,0.0,0.0,125.27880704502472
2023-10-16 17:15:39.185076,-1.0837631979463291,115.18741392990015,135.79502230693436,-1.0837631979463291,-1.0837631979463291,-0.515543901233766,-0.515543901233766,-0.515543901233766,-0.005617552629543552,-0.005617552629543552,-0.005617552629543552,-0.5099263486042225,-0.5099263486042225,-0.5099263486042225,0.0,0.0,0.0,125.30312086212838
2023-10-17 17:15:39.185076,-1.0868940653580346,114.42945040250297,135.1954567792038,-1.0868940653580346,-1.0868940653580346,-0.49624513002197895,-0.49624513002197895,-0.49624513002197895,0.020164489095873043,0.020164489095873043,0.020164489095873043,-0.516409619117852,-0.516409619117852,-0.516409619117852,0.0,0.0,0.0,124.82945449651868
2023-10-18 17:15:39.185076,-1.09002493276974,114.80305798944829,135.06504663707628,-1.09002493276974,-1.09002493276974,-0.49921331421188475,-0.49921331421188475,-0.49921331421188475,0.02419768708934972,0.02419768708934972,0.02419768708934972,-0.5234110013012344,-0.5234110013012344,-0.5234110013012344,0.0,0.0,0.0,124.86437442077144
2023-10-19 17:15:39.185076,-1.0931558001814452,115.89906648256074,136.4604647610856,-1.0931558001814452,-1.0931558001814452,-0.5517059173185729,-0.5517059173185729,-0.5517059173185729,-0.02086781241152131,-0.02086781241152131,-0.02086781241152131,-0.5308381049070515,-0.5308381049070515,-0.5308381049070515,0.0,0.0,0.0,126.03976884306635
2023-10-20 17:15:39.185076,-1.0962866675931504,114.7849373289048,136.20353170017628,-1.0962866675931504,-1.0962866675931504,-0.5374784512774284,-0.5374784512774284,-0.5374784512774284,0.00110544777147043,0.00110544777147043,0.00110544777147043,-0.5385838990488989,-0.5385838990488989,-0.5385838990488989,0.0,0.0,0.0,125.68174846108653
2023-10-21 17:15:39.185076,-1.0994175350048558,115.34055579678684,136.82109734244153,-1.0994175350048558,-1.0994175350048558,-0.5564764769197338,-0.5564764769197338,-0.5564764769197338,-0.009946262067070628,-0.009946262067070628,-0.009946262067070628,-0.5465302148526632,-0.5465302148526632,-0.5465302148526632,0.0,0.0,0.0,126.09110485411337
2023-10-22 17:15:39.185076,-1.102548402416561,116.41354149864063,136.73080359516507,-1.102548402416561,-1.102548402416561,-0.5635875958452714,-0.5635875958452714,-0.5635875958452714,-0.009035996848510518,-0.009035996848510518,-0.009035996848510518,-0.5545515989967609,-0.5545515989967609,-0.5545515989967609,0.0,0.0,0.0,126.22697119420053
2023-10-23 17:15:39.185076,-1.1056792698282663,115.5873057152182,136.64950719905107,-1.1056792698282663,-1.1056792698282663,-0.5681369515416669,-0.5681369515416669,-0.5681369515416669,-0.005617552629580034,-0.005617552629580034,-0.005617552629580034,-0.5625193989120868,-0.5625193989120868,-0.5625193989120868,0.0,0.0,0.0,126.30412623650503
2023-10-24 17:15:39.185076,-1.1088101372399717,115.64195979485135,136.61650556079954,-1.1088101372399717,-1.1088101372399717,-0.5501414641796627,-0.5501414641796627,-0.5501414641796627,0.020164489095870222,0.020164489095870222,0.020164489095870222,-0.5703059532755329,-0.5703059532755329,-0.5703059532755329,0.0,0.0,0.0,125.85545259955167
2023-10-25 17:15:39.185076,-1.111941004651677,115.38025049229294,136.32991648007138,-1.111941004651677,-1.111941004651677,-0.5535910709581302,-0.5535910709581302,-0.5535910709581302,0.02419768708939001,0.02419768708939001,0.02419768708939001,-0.5777887580475203,-0.5777887580475203,-0.5777887580475203,0.0,0.0,0.0,125.9065690421602
2023-10-26 17:15:39.185076,-1.1150718719730508,117.02285132276356,136.05345548185832,-1.1150718719730508,-1.1150718719730508,-0.6057222911828992,-0.6057222911828992,-0.6057222911828992,-0.020867812411537914,-0.020867812411537914,-0.020867812411537914,-0.5848544787713613,-0.5848544787713613,-0.5848544787713613,0.0,0.0,0.0,127.10128947039725
2023-10-27 17:15:39.185076,-1.1182027392944247,116.2834526529048,136.96429224936364,-1.1182027392944247,-1.1182027392944247,-0.5902972363836586,-0.5902972363836586,-0.5902972363836586,0.0011054477714898554,0.0011054477714898554,0.0011054477714898554,-0.5914026841551484,-0.5914026841551484,-0.5914026841551484,0.0,0.0,0.0,126.7120632329844
2023-10-28 17:15:39.185076,-1.1213336066157988,116.56714635343408,137.504873595599,-1.1213336066157988,-1.1213336066157988,-0.6072954460317327,-0.6072954460317327,-0.6072954460317327,-0.0099462620670651,-0.0099462620670651,-0.0099462620670651,-0.5973491839646676,-0.5973491839646676,-0.5973491839646676,0.0,0.0,0.0,127.08644652653832
2023-10-29 17:15:39.185076,-1.1244644739371727,117.37683282996451,137.80778587770448,-1.1244644739371727,-1.1244644739371727,-0.6116648625863695,-0.6116648625863695,-0.6116648625863695,-0.009035996848467877,-0.009035996848467877,-0.009035996848467877,-0.6026288657379016,-0.6026288657379016,-0.6026288657379016,0.0,0.0,0.0,127.16402209177141
2023-10-30 17:15:39.185076,-1.1275953412585469,117.22768867977652,137.52865868158412,-1.1275953412585469,-1.1275953412585469,-0.6128154920717469,-0.6128154920717469,-0.6128154920717469,-0.005617552629542831,-0.005617552629542831,-0.005617552629542831,-0.6071979394422041,-0.6071979394422041,-0.6071979394422041,0.0,0.0,0.0,127.16574088839967
2023-10-31 17:15:39.185076,-1.130726208579921,116.48577982122127,136.88753115820415,-1.130726208579921,-1.130726208579921,-0.5908710274225493,-0.5908710274225493,-0.5908710274225493,0.020164489095867398,0.020164489095867398,0.020164489095867398,-0.6110355165184167,-0.6110355165184167,-0.6110355165184167,0.0,0.0,0.0,126.61767528598072
2023-11-01 17:15:39.185076,-1.133857075901295,116.95874315571612,137.06120216057892,-1.133857075901295,-1.133857075901295,-0.5899467821853267,-0.5899467821853267,-0.5899467821853267,0.024197687089330736,0.024197687089330736,0.024197687089330736,-0.6141444692746574,-0.6141444692746574,-0.6141444692746574,0.0,0.0,0.0,126.56863148395027
2023-11-02 17:15:39.185076,-1.1369879432226688,117.72607045239769,137.85238378606138,-1.1369879432226688,-1.1369879432226688,-0.6374193501581744,-0.6374193501581744,-0.6374193501581744,-0.02086781241148962,-0.02086781241148962,-0.02086781241148962,-0.6165515377466848,-0.6165515377466848,-0.6165515377466848,0.0,0.0,0.0,127.67826365493691
2023-11-03 17:15:39.185076,-1.1401188105440427,116.67526364002649,137.60289998415416,-1.1401188105440427,-1.1401188105440427,-0.6172012255386484,-0.6172012255386484,-0.6172012255386484,0.001105447771509279,0.001105447771509279,0.001105447771509279,-0.6183066733101577,-0.6183066733101577,-0.6183066733101577,0.0,0.0,0.0,127.16892844167978
2023-11-04 17:15:39.185076,-1.1432496778654166,118.28020391124258,138.16573992192718,-1.1432496778654166,-1.1432496778654166,-0.6294278929408116,-0.6294278929408116,-0.6294278929408116,-0.009946262067101683,-0.009946262067101683,-0.009946262067101683,-0.6194816308737099,-0.6194816308737099,-0.6194816308737099,0.0,0.0,0.0,127.4380532433165
2023-11-05 17:15:39.185076,-1.1463805451867908,116.6283019684802,137.98039706303854,-1.1463805451867908,-1.1463805451867908,-0.6292038405906188,-0.6292038405906188,-0.6292038405906188,-0.009035996848553761,-0.009035996848553761,-0.009035996848553761,-0.6201678437420651,-0.6201678437420651,-0.6201678437420651,0.0,0.0,0.0,127.40821153301893
2023-11-06 17:15:39.185076,-1.1495114125081647,116.5219419829856,137.57269921376766,-1.1495114125081647,-1.1495114125081647,-0.6260911892047121,-0.6260911892047121,-0.6260911892047121,-0.005617552629505625,-0.005617552629505625,-0.005617552629505625,-0.6204736365752065,-0.6204736365752065,-0.6204736365752065,0.0,0.0,0.0,127.30841477415929
2023-11-07 17:15:39.185076,-1.152642279829539,116.5222242125619,136.94741743646298,-1.152642279829539,-1.152642279829539,-0.6003563625689969,-0.6003563625689969,-0.6003563625689969,0.020164489095794217,0.020164489095794217,0.020164489095794217,-0.6205208516647911,-0.6205208516647911,-0.6205208516647911,0.0,0.0,0.0,126.65909173564721
2023-11-08 17:15:39.185076,-1.1557731471509127,116.16379455330195,136.40605873594743,-1.1557731471509127,-1.1557731471509127,-0.5962432943381615,-0.5962432943381615,-0.5962432943381615,0.024197687089321247,0.024197687089321247,0.024197687089321247,-0.6204409814274827,-0.6204409814274827,-0.6204409814274827,0.0,0.0,0.0,126.53263311804028
2023-11-09 17:15:39.185076,-1.1589040144722866,117.18775918636075,137.61668760054025,-1.1589040144722866,-1.1589040144722866,-0.6412387274872295,-0.6412387274872295,-0.6412387274872295,-0.02086781241148504,-0.02086781241148504,-0.02086781241148504,-0.6203709150757446,-0.6203709150757446,-0.6203709150757446,0.0,0.0,0.0,127.60413534655535
2023-11-10 17:15:39.185076,-1.1620348817936608,117.15239342193446,137.90183509347088,-1.1620348817936608,-1.1620348817936608,-0.6193429716549689,-0.6193429716549689,-0.6193429716549689,0.001105447771517094,0.001105447771517094,0.001105447771517094,-0.620448419426486,-0.620448419426486,-0.620448419426486,0.0,0.0,0.0,127.04466718019
2023-11-11 17:15:39.185076,-1.165165749115035,116.9516210201597,137.88262301671529,-1.165165749115035,-1.165165749115035,-0.6307537444774264,-0.6307537444774264,-0.6307537444774264,-0.00994626206709616,-0.00994626206709616,-0.00994626206709616,-0.6208074824103302,-0.6208074824103302,-0.6208074824103302,0.0,0.0,0.0,127.29955647275257
2023-11-12 17:15:39.185076,-1.1682966164364088,116.4113441936008,137.2600287912883,-1.1682966164364088,-1.1682966164364088,-0.6306096496471203,-0.6306096496471203,-0.6306096496471203,-0.00903599684851112,-0.00903599684851112,-0.00903599684851112,-0.6215736527986092,-0.6215736527986092,-0.6215736527986092,0.0,0.0,0.0,127.2716659681831
2023-11-13 17:15:39.185076,-1.1714274837330216,116.845730328982,137.26483700935188,-1.1714274837330216,-1.1714274837330216,-0.6284770634602874,-0.6284770634602874,-0.6284770634602874,-0.005617552629580939,-0.005617552629580939,-0.005617552629580939,-0.6228595108307066,-0.6228595108307066,-0.6228595108307066,0.0,0.0,0.0,127.19470249150925
2023-11-14 17:15:39.185076,-1.1745583510296345,116.19885417047908,137.19198342167564,-1.1745583510296345,-1.1745583510296345,-0.6045959126733509,-0.6045959126733509,-0.6045959126733509,0.02016448909579139,0.02016448909579139,0.02016448909579139,-0.6247604017691424,-0.6247604017691424,-0.6247604017691424,0.0,0.0,0.0,126.57950985820548
2023-11-15 17:15:39.185076,-1.1776892183262473,116.02495224698706,136.3343995798087,-1.1776892183262473,-1.1776892183262473,-0.6031528709194001,-0.6031528709194001,-0.6031528709194001,0.024197687089261975,0.024197687089261975,0.024197687089261975,-0.627350558008662,-0.627350558008662,-0.627350558008662,0.0,0.0,0.0,126.51765127265466
2023-11-16 17:15:39.185076,-1.1808200856228603,116.90715893899295,138.97361106124688,-1.1808200856228603,-1.1808200856228603,-0.6515475378138617,-0.6515475378138617,-0.6515475378138617,-0.020867812411522833,-0.020867812411522833,-0.020867812411522833,-0.6306797254023387,-0.6306797254023387,-0.6306797254023387,0.0,0.0,0.0,127.69490355412033
2023-11-17 17:15:39.185076,-1.1839509529194732,116.29538101593789,137.33983825123667,-1.1839509529194732,-1.1839509529194732,-0.6336649484544169,-0.6336649484544169,-0.6336649484544169,0.0011054477714440934,0.0011054477714440934,0.0011054477714440934,-0.634770396225861,-0.634770396225861,-0.634770396225861,0.0,0.0,0.0,127.22606852658258
2023-11-18 17:15:39.185076,-1.1870818202160862,117.04847847686004,138.58480551597415,-1.1870818202160862,-1.1870818202160862,-0.6495619971236503,-0.6495619971236503,-0.6495619971236503,-0.009946262067068272,-0.009946262067068272,-0.009946262067068272,-0.639615735056582,-0.639615735056582,-0.639615735056582,0.0,0.0,0.0,127.59931911200253
2023-11-19 17:15:39.185076,-1.1902126875126988,117.05165955537885,137.95228382523828,-1.1902126875126988,-1.1902126875126988,-0.6542142621021279,-0.6542142621021279,-0.6542142621021279,-0.009035996848532738,-0.009035996848532738,-0.009035996848532738,-0.6451782652535951,-0.6451782652535951,-0.6451782652535951,0.0,0.0,0.0,127.69282070192385
2023-11-20 17:15:39.185076,-1.1933435548093119,117.62911014650555,138.08796357850738,-1.1933435548093119,-1.1933435548093119,-0.657006915844666,-0.657006915844666,-0.657006915844666,-0.005617552629617424,-0.005617552629617424,-0.005617552629617424,-0.6513893632150486,-0.6513893632150486,-0.6513893632150486,0.0,0.0,0.0,127.74020286550463
2023-11-21 17:15:39.185076,-1.1964744221059247,117.17305722716785,137.51494283742005,-1.1964744221059247,-1.1964744221059247,-0.6379850966390821,-0.6379850966390821,-0.6379850966390821,0.02016448909585709,0.02016448909585709,0.02016448909585709,-0.6581495857349392,-0.6581495857349392,-0.6581495857349392,0.0,0.0,0.0,127.23830712182753
2023-11-22 17:15:39.185076,-1.1996052894025373,116.96049490071627,136.5498269365011,-1.1996052894025373,-1.1996052894025373,-0.6411321461105491,-0.6411321461105491,-0.6411321461105491,0.024197687089252483,0.024197687089252483,0.024197687089252483,-0.6653298331998017,-0.6653298331998017,-0.6653298331998017,0.0,0.0,0.0,127.29394037129988
2023-11-23 17:15:39.185076,-1.2027361566991503,117.57463454919578,138.55455926410662,-1.2027361566991503,-1.2027361566991503,-0.6936411410945924,-0.6936411410945924,-0.6936411410945924,-0.020867812411518256,-0.020867812411518256,-0.020867812411518256,-0.6727733286830742,-0.6727733286830742,-0.6727733286830742,0.0,0.0,0.0,128.6002409883496
2023-11-24 17:15:39.185076,-1.2058670239957632,117.60190821379493,138.38736026299256,-1.2058670239957632,-1.2058670239957632,-0.6791929230771965,-0.6791929230771965,-0.6791929230771965,0.001105447771463517,0.001105447771463517,0.001105447771463517,-0.68029837084866,-0.68029837084866,-0.68029837084866,0.0,0.0,0.0,128.21314108878187
2023-11-25 17:15:39.185076,-1.208997891292376,118.15283631688388,138.84895126420744,-1.208997891292376,-1.208997891292376,-0.6976480596405842,-0.6976480596405842,-0.6976480596405842,-0.009946262067062747,-0.009946262067062747,-0.009946262067062747,-0.6877017975735215,-0.6877017975735215,-0.6877017975735215,0.0,0.0,0.0,128.66185962422836
2023-11-26 17:15:39.185076,-1.212128758588989,119.0834978976595,139.48070947661267,-1.212128758588989,-1.212128758588989,-0.703799074771569,-0.703799074771569,-0.703799074771569,-0.009035996848490099,-0.009035996848490099,-0.009035996848490099,-0.6947630779230789,-0.6947630779230789,-0.6947630779230789,0.0,0.0,0.0,128.79893598730695
2023-11-27 17:15:39.185076,-1.2152596258856019,118.22716322180364,139.675643875375,-1.2152596258856019,-1.2152596258856019,-0.70686648572093,-0.70686648572093,-0.70686648572093,-0.005617552629506528,-0.005617552629506528,-0.005617552629506528,-0.7012489330914236,-0.7012489330914236,-0.7012489330914236,0.0,0.0,0.0,128.85790787464038
2023-11-28 17:15:39.185076,-1.2183904931822147,117.6261372839922,138.45694952507273,-1.2183904931822147,-1.2183904931822147,-0.6867538835096659,-0.6867538835096659,-0.6867538835096659,0.020164489095785748,0.020164489095785748,0.020164489095785748,-0.7069183726054518,-0.7069183726054518,-0.7069183726054518,0.0,0.0,0.0,128.32253317201244
2023-11-29 17:15:39.185076,-1.2215213604788275,117.38244683222193,138.5634854941983,-1.2215213604788275,-1.2215213604788275,-0.6873303337909371,-0.6873303337909371,-0.6873303337909371,0.024197687089357673,0.024197687089357673,0.024197687089357673,-0.7115280208802948,-0.7115280208802948,-0.7115280208802948,0.0,0.0,0.0,128.31670859003262
2023-11-30 17:15:39.185076,-1.2246522277754404,118.78077865784769,140.14853343328053,-1.2246522277754404,-1.2246522277754404,-0.7357054137960753,-0.7357054137960753,-0.7357054137960753,-0.02086781241153486,-0.02086781241153486,-0.02086781241153486,-0.7148376013845404,-0.7148376013845404,-0.7148376013845404,0.0,0.0,0.0,129.54367671942515
2023-12-01 17:15:39.185076,-1.2277830950720534,119.31993035000359,139.10269433952953,-1.2277830950720534,-1.2277830950720534,-0.7155099936660955,-0.7155099936660955,-0.7155099936660955,0.0011054477714829442,0.0011054477714829442,0.0011054477714829442,-0.7166154414375784,-0.7166154414375784,-0.7166154414375784,0.0,0.0,0.0,129.00408389890754
2023-12-02 17:15:39.185076,-1.230310736553686,119.1036721564902,140.07102189294778,-1.230310736553686,-1.230310736553686,-0.7265901221651473,-0.7265901221651473,-0.7265901221651473,-0.00994626206709933,-0.00994626206709933,-0.00994626206709933,-0.7166438600980479,-0.7166438600980479,-0.7166438600980479,0.0,0.0,0.0,129.2760152354357
2023-12-03 17:15:39.185076,-1.2328383780353187,118.75686155761528,138.60411780151838,-1.2328383780353187,-1.2328383780353187,-0.7237603015706175,-0.7237603015706175,-0.7237603015706175,-0.009035996848511718,-0.009035996848511718,-0.009035996848511718,-0.7147243047221058,-0.7147243047221058,-0.7147243047221058,0.0,0.0,0.0,129.18799350748046
2023-12-04 17:15:39.185076,-1.2353660195169511,118.49069275721018,139.39033196057133,-1.2353660195169511,-1.2353660195169511,-0.7162996610743897,-0.7162996610743897,-0.7162996610743897,-0.00561755262965553,-0.00561755262965553,-0.00561755262965553,-0.7106821084447341,-0.7106821084447341,-0.7106821084447341,0.0,0.0,0.0,128.9791978337224
2023-12-05 17:15:39.185076,-1.2378936609985838,118.08887601607242,137.66198159753398,-1.2378936609985838,-1.2378936609985838,-0.6842062617784446,-0.6842062617784446,-0.6842062617784446,0.020164489095851442,0.020164489095851442,0.020164489095851442,-0.704370750874296,-0.704370750874296,-0.704370750874296,0.0,0.0,0.0,128.12746536057026
2023-12-06 17:15:39.185076,-1.2404213024802164,117.1581122448579,138.03784169186656,-1.2404213024802164,-1.2404213024802164,-0.6714778302891301,-0.6714778302891301,-0.6714778302891301,0.024197687089348184,0.024197687089348184,0.024197687089348184,-0.6956755173784782,-0.6956755173784782,-0.6956755173784782,0.0,0.0,0.0,127.77816545122562
2023-12-07 17:15:39.185076,-1.242948943961849,119.21801869762064,139.18055196262733,-1.242948943961849,-1.242948943961849,-0.705384280516525,-0.705384280516525,-0.705384280516525,-0.02086781241153029,-0.02086781241153029,-0.02086781241153029,-0.6845164681049948,-0.6845164681049948,-0.6845164681049948,0.0,0.0,0.0,128.64818317125042
2023-12-08 17:15:39.185076,-1.2454765854434817,117.34703829880007,137.96948761335037,-1.2454765854434817,-1.2454765854434817,-0.6697451980958326,-0.6697451980958326,-0.6697451980958326,0.0011054477714907557,0.0011054477714907557,0.0011054477714907557,-0.6708506458673233,-0.6708506458673233,-0.6708506458673233,0.0,0.0,0.0,127.69774741193751
2023-12-09 17:15:39.185076,-1.2480042269251141,116.96838969502242,138.06654077838223,-1.2480042269251141,-1.2480042269251141,-0.6646197337906967,-0.6646197337906967,-0.6646197337906967,-0.009946262067051697,-0.009946262067051697,-0.009946262067051697,-0.6546734717236451,-0.6546734717236451,-0.6546734717236451,0.0,0.0,0.0,127.54546300034066
2023-12-10 17:15:39.185076,-1.2505318684067468,116.78839592993717,137.51892357951232,-1.2505318684067468,-1.2505318684067468,-0.6450552947889154,-0.6450552947889154,-0.6450552947889154,-0.00903599684849483,-0.00903599684849483,-0.00903599684849483,-0.6360192979404207,-0.6360192979404207,-0.6360192979404207,0.0,0.0,0.0,127.01238560829212
2023-12-11 17:15:39.185076,-1.2530595098883794,115.98762573108364,136.9116219899963,-1.2530595098883794,-1.2530595098883794,-0.6205786621058599,-0.6205786621058599,-0.6205786621058599,-0.0056175526295446365,-0.0056175526295446365,-0.0056175526295446365,-0.6149611094763152,-0.6149611094763152,-0.6149611094763152,0.0,0.0,0.0,126.34760236507587
2023-12-12 17:15:39.185076,-1.255587151370012,114.43222045962091,135.22307784347817,-1.255587151370012,-1.255587151370012,-0.5714448974713207,-0.5714448974713207,-0.5714448974713207,0.020164489095917143,0.020164489095917143,0.020164489095917143,-0.5916093865672378,-0.5916093865672378,-0.5916093865672378,0.0,0.0,0.0,125.02824808140889
2023-12-13 17:15:39.185076,-1.2581147928516445,113.5423908242597,134.68283617215775,-1.2581147928516445,-1.2581147928516445,-0.541912474766011,-0.541912474766011,-0.541912474766011,0.024197687089288905,0.024197687089288905,0.024197687089288905,-0.5661101618552999,-0.5661101618552999,-0.5661101618552999,0.0,0.0,0.0,124.22299035943928
2023-12-14 17:15:39.185076,-1.2606424343332772,114.40592506492757,134.9468272952717,-1.2606424343332772,-1.2606424343332772,-0.5595101376409727,-0.5595101376409727,-0.5595101376409727,-0.02086781241150317,-0.02086781241150317,-0.02086781241150317,-0.5386423252294694,-0.5386423252294694,-0.5386423252294694,0.0,0.0,0.0,124.66578425003108
2023-12-15 17:15:39.185076,-1.2631700758149098,112.73293929376345,133.0019628829704,-1.2631700758149098,-1.2631700758149098,-0.5083087998448348,-0.5083087998448348,-0.5083087998448348,0.0011054477714525987,0.0011054477714525987,0.0011054477714525987,-0.5094142476162874,-0.5094142476162874,-0.5094142476162874,0.0,0.0,0.0,123.28033389260982
2023-12-16 17:15:39.185076,-1.2656977172965425,112.1630487960498,133.14228802728226,-1.2656977172965425,-1.2656977172965425,-0.4886060729805738,-0.4886060729805738,-0.4886060729805738,-0.009946262067088277,-0.009946262067088277,-0.009946262067088277,-0.4786598109134855,-0.4786598109134855,-0.4786598109134855,0.0,0.0,0.0,122.72900183092322
2023-12-17 17:15:39.185076,-1.2682253587781749,111.92315959393027,133.20170672040922,-1.2682253587781749,-1.2682253587781749,-0.45566994154230844,-0.45566994154230844,-0.45566994154230844,-0.009035996848516453,-0.009035996848516453,-0.009035996848516453,-0.44663394469379203,-0.44663394469379203,-0.44663394469379203,0.0,0.0,0.0,121.82214251620242
2023-12-18 17:15:39.185076,-1.2707530002598075,110.50492769124529,131.87188760770366,-1.2707530002598075,-1.2707530002598075,-0.4192253335342824,-0.4192253335342824,-0.4192253335342824,-0.005617552629581123,-0.005617552629581123,-0.005617552629581123,-0.41360778090470124,-0.41360778090470124,-0.41360778090470124,0.0,0.0,0.0,120.8178878545561
2023-12-19 17:15:39.185076,-1.2732806417414402,108.90367761526554,129.4780517050754,-1.2732806417414402,-1.2732806417414402,-0.35969905621171355,-0.35969905621171355,-0.35969905621171355,0.02016448909591432,0.02016448909591432,0.02016448909591432,-0.3798635453076279,-0.3798635453076279,-0.3798635453076279,0.0,0.0,0.0,119.19084491127344
2023-12-20 17:15:39.185076,-1.2758082832230726,108.22086774765778,128.5495101254219,-1.2758082832230726,-1.2758082832230726,-0.32149162160632255,-0.32149162160632255,-0.32149162160632255,0.024197687089329203,0.024197687089329203,0.024197687089329203,-0.3456893086956518,-0.3456893086956518,-0.3456893086956518,0.0,0.0,0.0,118.13023994561563
2023-12-21 17:15:39.185076,-1.2759581105857545,107.33225928167407,129.25534720121837,-1.2759581105857545,-1.2759581105857545,-0.33224153434296844,-0.33224153434296844,-0.33224153434296844,-0.020867812411519783,-0.020867812411519783,-0.020867812411519783,-0.3113737219314487,-0.3113737219314487,-0.3113737219314487,0.0,0.0,0.0,118.41695180587287
2023-12-22 17:15:39.185076,-1.2761079379484364,106.94047588169734,127.00226560388637,-1.2761079379484364,-1.2761079379484364,-0.27609540883792316,-0.27609540883792316,-0.27609540883792316,0.0011054477714487962,0.0011054477714487962,0.0011054477714487962,-0.27720085660937194,-0.27720085660937194,-0.27720085660937194,0.0,0.0,0.0,116.90600813321586
2023-12-23 17:15:39.185076,-1.2762577653111185,105.46060341670655,126.41720924609966,-1.2762577653111185,-1.2762577653111185,-0.25339152984531715,-0.25339152984531715,-0.25339152984531715,-0.009946262067124862,-0.009946262067124862,-0.009946262067124862,-0.24344526777819225,-0.24344526777819225,-0.24344526777819225,0.0,0.0,0.0,116.29352222839346
2023-12-24 17:15:39.185076,-1.2764075926738003,105.84714332153348,125.94822916907013,-1.2764075926738003,-1.2764075926738003,-0.2194033837279188,-0.2194033837279188,-0.2194033837279188,-0.00903599684847381,-0.00903599684847381,-0.00903599684847381,-0.21036738687944498,-0.21036738687944498,-0.21036738687944498,0.0,0.0,0.0,115.37757532640198
2023-12-25 17:15:39.185076,-1.2765574200364824,104.63921079348748,124.29194772588825,-1.2765574200364824,-1.2765574200364824,-0.1838268947794201,-0.1838268947794201,-0.1838268947794201,-0.005617552629543916,-0.005617552629543916,-0.005617552629543916,-0.1782093421498762,-0.1782093421498762,-0.1782093421498762,0.0,0.0,0.0,114.41871475396995
2023-12-26 17:15:39.185076,-1.2767072473991643,101.90276787833345,122.48455617983667,-1.2767072473991643,-1.2767072473991643,-0.12702680145907255,-0.12702680145907255,-0.12702680145907255,0.020164489095909663,0.020164489095909663,0.020164489095909663,-0.14719129055498223,-0.14719129055498223,-0.14719129055498223,0.0,0.0,0.0,112.88901161016526
2023-12-27 17:15:39.185076,-1.2768570747618464,100.81410851065478,121.82737545800208,-1.2768570747618464,-1.2768570747618464,-0.09331064318998646,-0.09331064318998646,-0.09331064318998646,0.024197687089269924,0.024197687089269924,0.024197687089269924,-0.11750833027925639,-0.11750833027925639,-0.11750833027925639,0.0,0.0,0.0,111.97965781172795
2023-12-28 17:15:39.185076,-1.2770069021245283,102.61303842483413,122.84552071926831,-1.2770069021245283,-1.2770069021245283,-0.11019585875913668,-0.11019585875913668,-0.11019585875913668,-0.020867812411536388,-0.020867812411536388,-0.020867812411536388,-0.08932804634760029,-0.08932804634760029,-0.08932804634760029,0.0,0.0,0.0,112.43087968128776
2023-12-29 17:15:39.185076,-1.2771567294872102,100.02257444680876,121.41554567404317,-1.2771567294872102,-1.2771567294872102,-0.06168327681104206,-0.06168327681104206,-0.06168327681104206,0.0011054477714682216,0.0011054477714682216,0.0011054477714682216,-0.06278872458251028,-0.06278872458251028,-0.06278872458251028,0.0,0.0,0.0,111.12330314279441
2023-12-30 17:15:39.185076,-1.277306556849892,100.77003486572346,120.60489851965478,-1.277306556849892,-1.277306556849892,-0.04794451337176228,-0.04794451337176228,-0.04794451337176228,-0.009946262067119337,-0.009946262067119337,-0.009946262067119337,-0.03799825130464295,-0.03799825130464295,-0.03799825130464295,0.0,0.0,0.0,110.75078862580814
2023-12-31 17:15:39.185076,-1.2774563842125741,100.86833128088023,120.8352071947323,-1.2774563842125741,-1.2774563842125741,-0.024069695310762133,-0.024069695310762133,-0.024069695310762133,-0.009035996848521183,-0.009035996848521183,-0.009035996848521183,-0.015033698462240952,-0.015033698462240952,-0.015033698462240952,0.0,0.0,0.0,110.10550942525238
2024-01-01 17:15:39.185076,-1.277606211575256,98.27774400852911,119.81203648220745,-1.277606211575256,-1.277606211575256,0.0004408706548732108,0.0004408706548732108,0.0004408706548732108,-0.005617552629506712,-0.005617552629506712,-0.005617552629506712,0.006058423284379923,0.006058423284379923,0.006058423284379923,0.0,0.0,0.0,109.44297480440275
2024-01-02 17:15:39.185076,-1.277756038937938,97.88229134863698,118.84637681084317,-1.277756038937938,-1.277756038937938,0.04542576623513154,0.04542576623513154,0.04542576623513154,0.020164489095838317,0.020164489095838317,0.020164489095838317,0.02526127713929322,0.02526127713929322,0.02526127713929322,0.0,0.0,0.0,108.22936024865787
2024-01-03 17:15:39.185076,-1.27790586630062,97.77785402744678,117.1717596221238,-1.27790586630062,-1.27790586630062,0.06678391382363467,0.06678391382363467,0.06678391382363467,0.024197687089210648,0.024197687089210648,0.024197687089210648,0.04258622673442402,0.04258622673442402,0.04258622673442402,0.0,0.0,0.0,107.65128721335216
2024-01-04 17:15:39.185076,-1.278055693663302,98.52792386478404,118.46664983855791,-1.278055693663302,-1.278055693663302,0.037203025505621476,0.037203025505621476,0.037203025505621476,-0.020867812411531815,-0.020867812411531815,-0.020867812411531815,0.058070837917153284,0.058070837917153284,0.058070837917153284,0.0,0.0,0.0,108.44407340501812
2024-01-05 17:15:39.185076,-1.278205521025984,97.44528759283494,118.34080989100333,-1.278205521025984,-1.278205521025984,0.07288187557648176,0.07288187557648176,0.07288187557648176,0.001105447771476033,0.001105447771476033,0.001105447771476033,0.07177642780500572,0.07177642780500572,0.07177642780500572,0.0,0.0,0.0,107.48041311903633
2024-01-06 17:15:39.185076,-1.2783553483886658,97.5181528354702,118.05311173148027,-1.2783553483886658,-1.2783553483886658,0.07383897955803317,0.07383897955803317,0.07383897955803317,-0.009946262067133557,-0.009946262067133557,-0.009946262067133557,0.08378524162516673,0.08378524162516673,0.08378524162516673,0.0,0.0,0.0,107.45126204068276
2024-01-07 17:15:39.185076,-1.278505175751348,97.00834618619112,117.89190307097137,-1.278505175751348,-1.278505175751348,0.08516134698268983,0.08516134698268983,0.08516134698268983,-0.009035996848478542,-0.009035996848478542,-0.009035996848478542,0.09419734383116837,0.09419734383116837,0.09419734383116837,0.0,0.0,0.0,107.1430318780435
2024-01-08 17:15:39.185076,-1.2758633738099014,97.15932971855702,117.5309771390672,-1.2758633738099014,-1.2758633738099014,0.0975097607582014,0.0975097607582014,0.0975097607582014,-0.0056175526294695065,-0.0056175526294695065,-0.0056175526294695065,0.10312731338767091,0.10312731338767091,0.10312731338767091,0.0,0.0,0.0,106.87162290269185
2024-01-09 17:15:39.185076,-1.2732215718684547,95.5475056550212,115.809624152699,-1.2732215718684547,-1.2732215718684547,0.13086532301897436,0.13086532301897436,0.13086532301897436,0.020164489095904018,0.020164489095904018,0.020164489095904018,0.11070083392307033,0.11070083392307033,0.11070083392307033,0.0,0.0,0.0,106.0383314773299
2024-01-10 17:15:39.185076,-1.2705797699270083,95.75845839635636,116.5520128982411,-1.2705797699270083,-1.2705797699270083,0.14124895483714256,0.14124895483714256,0.14124895483714256,0.02419768708936563,0.02419768708936563,0.02419768708936563,0.11705126774777692,0.11705126774777692,0.11705126774777692,0.0,0.0,0.0,105.8234107545443
2024-01-11 17:15:39.185076,-1.2679379679855618,96.218786997536,118.11622231068232,-1.2679379679855618,-1.2679379679855618,0.1014484862491362,0.1014484862491362,0.1014484862491362,-0.020867812411483513,-0.020867812411483513,-0.020867812411483513,0.12231629866061973,0.12231629866061973,0.12231629866061973,0.0,0.0,0.0,106.94962812829718
2024-01-12 17:15:39.185076,-1.2652961660441153,96.09822386122418,116.27149193380399,-1.2652961660441153,-1.2652961660441153,0.1277401699931468,0.1277401699931468,0.1277401699931468,0.001105447771483848,0.001105447771483848,0.001105447771483848,0.12663472222166294,0.12663472222166294,0.12663472222166294,0.0,0.0,0.0,106.31034491072023
2024-01-13 17:15:39.185076,-1.2626543641026686,96.06217998447485,116.19172760435369,-1.2626543641026686,-1.2626543641026686,0.12019719196223727,0.12019719196223727,0.12019719196223727,-0.009946262067085924,-0.009946262067085924,-0.009946262067085924,0.1301434540293232,0.1301434540293232,0.1301434540293232,0.0,0.0,0.0,106.57365322950066
2024-01-14 17:15:39.185076,-1.2600125621612221,96.06410131790098,116.83126243362454,-1.2600125621612221,-1.2600125621612221,0.12393881995834614,0.12393881995834614,0.12393881995834614,-0.009035996848564428,-0.009035996848564428,-0.009035996848564428,0.13297481680691056,0.13297481680691056,0.13297481680691056,0.0,0.0,0.0,106.53669156159697
2024-01-15 17:15:39.185076,-1.2573707602197757,96.79952537749938,117.35735754191649,-1.2573707602197757,-1.2573707602197757,0.12963660350952322,0.12963660350952322,0.12963660350952322,-0.005617552629505992,-0.005617552629505992,-0.005617552629505992,0.13525415613902922,0.13525415613902922,0.13525415613902922,0.0,0.0,0.0,106.44834954722847
2024-01-16 17:15:39.185076,-1.2547289582783292,95.10611931745507,115.09320329220894,-1.2547289582783292,-1.2547289582783292,0.15726231195967985,0.15726231195967985,0.15726231195967985,0.02016448909590119,0.02016448909590119,0.02016448909590119,0.13709782286377864,0.13709782286377864,0.13709782286377864,0.0,0.0,0.0,105.78123614221913
2024-01-17 17:15:39.185076,-1.2520871563368827,94.85220877055735,115.86199439839595,-1.2520871563368827,-1.2520871563368827,0.16280923491349714,0.16280923491349714,0.16280923491349714,0.024197687089306356,0.024197687089306356,0.024197687089306356,0.13861154782419077,0.13861154782419077,0.13861154782419077,0.0,0.0,0.0,105.69935982233804
2024-01-18 17:15:39.185076,-1.249445354395436,97.02003664756498,118.04397771720139,-1.249445354395436,-1.249445354395436,0.11902140987734108,0.11902140987734108,0.11902140987734108,-0.020867812411478934,-0.020867812411478934,-0.020867812411478934,0.13988922228882003,0.13988922228882003,0.13988922228882003,0.0,0.0,0.0,106.91619198085807
2024-01-19 17:15:39.185076,-1.2468035524539895,95.79198811027169,116.6427711622952,-1.2468035524539895,-1.2468035524539895,0.14211753302445662,0.14211753302445662,0.14211753302445662,0.0011054477714916577,0.0011054477714916577,0.0011054477714916577,0.14101208525296496,0.14101208525296496,0.14101208525296496,0.0,0.0,0.0,106.37202878031087
2024-01-20 17:15:39.185076,-1.2441617505125429,96.81798064775333,117.56977535675098,-1.2441617505125429,-1.2441617505125429,0.1321020453077438,0.1321020453077438,0.1321020453077438,-0.009946262067122506,-0.009946262067122506,-0.009946262067122506,0.14204830737486632,0.14204830737486632,0.14204830737486632,0.0,0.0,0.0,106.69798080784544
2024-01-21 17:15:39.185076,-1.2415199485710964,96.93965715805933,117.92771091061918,-1.2415199485710964,-1.2415199485710964,0.13401695396411364,0.13401695396411364,0.13401695396411364,-0.009035996848521783,-0.009035996848521783,-0.009035996848521783,0.14305295081263542,0.14305295081263542,0.14305295081263542,0.0,0.0,0.0,106.71089815176747
2024-01-22 17:15:39.185076,-1.23887814662965,96.77945258703531,117.57653461781736,-1.23887814662965,-1.23887814662965,0.13845072234988373,0.13845072234988373,0.13845072234988373,-0.005617552629581303,-0.005617552629581303,-0.005617552629581303,0.14406827497946503,0.14406827497946503,0.14406827497946503,0.0,0.0,0.0,106.65831308944287
2024-01-23 17:15:39.185076,-1.2362363446882032,95.75248170173307,116.67973455236533,-1.2362363446882032,-1.2362363446882032,0.16528883955354703,0.16528883955354703,0.16528883955354703,0.02016448909589837,0.02016448909589837,0.02016448909589837,0.14512435045764865,0.14512435045764865,0.14512435045764865,0.0,0.0,0.0,106.02295236660376
2024-01-24 17:15:39.185076,-1.2335945427467567,95.23608591446302,115.25689202990922,-1.2335945427467567,-1.2335945427467567,0.17043762426487954,0.17043762426487954,0.17043762426487954,0.024197687089346644,0.024197687089346644,0.024197687089346644,0.1462399371755329,0.1462399371755329,0.1462399371755329,0.0,0.0,0.0,105.95402562498326
2024-01-25 17:15:39.185076,-1.23095274080531,97.36679688593154,116.99574000915896,-1.23095274080531,-1.23095274080531,0.12655576615516373,0.12655576615516373,0.12655576615516373,-0.020867812411516726,-0.020867812411516726,-0.020867812411516726,0.14742357856668045,0.14742357856668045,0.14742357856668045,0.0,0.0,0.0,107.15666729865838
2024-01-26 17:15:39.185076,-1.2283109388638636,96.84617313380633,117.44689785547777,-1.2283109388638636,-1.2283109388638636,0.1497803086175834,0.1497803086175834,0.1497803086175834,0.001105447771511085,0.001105447771511085,0.001105447771511085,0.14867486084607234,0.14867486084607234,0.14867486084607234,0.0,0.0,0.0,106.61859586277214
2024-01-27 17:15:39.185076,-1.2224471068176992,97.23277707795964,118.0210588425854,-1.2224471068176992,-1.2224471068176992,0.1400395236764562,0.1400395236764562,0.1400395236764562,-0.009946262067052514,-0.009946262067052514,-0.009946262067052514,0.1499857857435087,0.1499857857435087,0.1499857857435087,0.0,0.0,0.0,107.01133773662795
2024-01-28 17:15:39.185076,-1.2165832747715346,96.17405409247446,117.46121634500645,-1.2165832747715346,-1.2165832747715346,0.14230620910564906,0.14230620910564906,0.14230620910564906,-0.009035996848479146,-0.009035996848479146,-0.009035996848479146,0.1513422059541282,0.1513422059541282,0.1513422059541282,0.0,0.0,0.0,107.09404410333838
2024-01-29 17:15:39.185076,-1.2107194427253702,97.37369137448317,117.94725101236291,-1.2107194427253702,-1.2107194427253702,0.1471077224476507,0.1471077224476507,0.1471077224476507,-0.00561755262961779,-0.00561755262961779,-0.00561755262961779,0.1527252750772685,0.1527252750772685,0.1527252750772685,0.0,0.0,0.0,107.11268133345061
2024-01-30 17:15:39.185076,-1.2048556106792057,95.96110990357644,116.71804771460208,-1.2048556106792057,-1.2048556106792057,0.17427735683747037,0.17427735683747037,0.17427735683747037,0.020164489095895546,0.020164489095895546,0.020164489095895546,0.15411286774157482,0.15411286774157482,0.15411286774157482,0.0,0.0,0.0,106.56496036414839
2024-01-31 17:15:39.185076,-1.1989917786330413,96.19076920575618,117.0366736885783,-1.1989917786330413,-1.1989917786330413,0.17967861782088923,0.17967861782088923,0.17967861782088923,0.02419768708928737,0.02419768708928737,0.02419768708928737,0.15548093073160185,0.15548093073160185,0.15548093073160185,0.0,0.0,0.0,106.57358813422327
2024-02-01 17:15:39.185076,-1.1931279465868767,96.98485947118024,118.30300524801723,-1.1931279465868767,-1.1931279465868767,0.13593691959413934,0.13593691959413934,0.13593691959413934,-0.02086781241151215,-0.02086781241151215,-0.02086781241151215,0.15680473200565148,0.15680473200565148,0.15680473200565148,0.0,0.0,0.0,107.81831220965489
2024-02-02 17:15:39.185076,-1.1872641145407123,96.58921995843639,116.84359269450896,-1.1872641145407123,-1.1872641145407123,0.15916542900237587,0.15916542900237587,0.15916542900237587,0.0011054477714613105,0.0011054477714613105,0.0011054477714613105,0.15805998123091458,0.15805998123091458,0.15805998123091458,0.0,0.0,0.0,107.3778147296411
2024-02-03 17:15:39.185076,-1.1814002824945478,97.5869191364708,118.34406676105516,-1.1814002824945478,-1.1814002824945478,0.1492775405283638,0.1492775405283638,0.1492775405283638,-0.009946262067089096,-0.009946262067089096,-0.009946262067089096,0.1592238025954529,0.1592238025954529,0.1592238025954529,0.0,0.0,0.0,107.76695538173368
2024-02-04 17:15:39.185076,-1.1755364504483832,97.17317169437746,117.51703564273512,-1.1755364504483832,-1.1755364504483832,0.15123955103362852,0.15123955103362852,0.15123955103362852,-0.009035996848565028,-0.009035996848565028,-0.009035996848565028,0.16027554788219353,0.16027554788219353,0.16027554788219353,0.0,0.0,0.0,107.86030420401565
2024-02-05 17:15:39.185076,-1.1696726184022188,97.14713522634128,117.63785672582739,-1.1696726184022188,-1.1696726184022188,0.15557989220825788,0.15557989220825788,0.15557989220825788,-0.005617552629506894,-0.005617552629506894,-0.005617552629506894,0.1611974448377648,0.1611974448377648,0.1611974448377648,0.0,0.0,0.0,107.89555458572487
2024-02-06 17:15:39.185076,-1.1638087863560542,97.4318847093985,117.46705492859803,-1.1638087863560542,-1.1638087863560542,0.18213957157041694,0.18213957157041694,0.18213957157041694,0.020164489095961247,0.020164489095961247,0.020164489095961247,0.1619750824744557,0.1619750824744557,0.1619750824744557,0.0,0.0,0.0,107.3873143136502
2024-02-07 17:15:39.185076,-1.15794495430989,97.26026204836111,117.92337295537806,-1.15794495430989,-1.15794495430989,0.18679542795256104,0.18679542795256104,0.18679542795256104,0.02419768708939257,0.02419768708939257,0.02419768708939257,0.16259774086316847,0.16259774086316847,0.16259774086316847,0.0,0.0,0.0,107.41975850309228
2024-02-08 17:15:39.185076,-1.1520811222637257,97.99906595535536,119.93543587021846,-1.1520811222637257,-1.1520811222637257,0.1421907656156839,0.1421907656156839,0.1421907656156839,-0.020867812411507577,-0.020867812411507577,-0.020867812411507577,0.16305857802719148,0.16305857802719148,0.16305857802719148,0.0,0.0,0.0,108.64848791718607
2024-02-09 17:15:39.185076,-1.1462172902175611,97.25559837222141,118.32720901067694,-1.1462172902175611,-1.1462172902175611,0.16446013832221945,0.16446013832221945,0.16446013832221945,0.001105447771480736,0.001105447771480736,0.001105447771480736,0.16335469055073873,0.16335469055073873,0.16335469055073873,0.0,0.0,0.0,108.2519930951098
2024-02-10 17:15:39.185076,-1.1403534581713966,97.88752271311114,119.15764421004346,-1.1403534581713966,-1.1403534581713966,0.15354080531526504,0.15354080531526504,0.15354080531526504,-0.009946262067083569,-0.009946262067083569,-0.009946262067083569,0.1634870673823486,0.1634870673823486,0.1634870673823486,0.0,0.0,0.0,108.65801016114584
2024-02-11 17:15:39.185076,-1.1344896261252322,98.3569215500662,119.70617151829543,-1.1344896261252322,-1.1344896261252322,0.1544244611136464,0.1544244611136464,0.1544244611136464,-0.009035996848522384,-0.009035996848522384,-0.009035996848522384,0.1634604579621688,0.1634604579621688,0.1634604579621688,0.0,0.0,0.0,108.77934444369967
2024-02-12 17:15:39.185076,-1.1286257940790676,98.7844876601721,119.2492865163159,-1.1286257940790676,-1.1286257940790676,0.15766562361056824,0.15766562361056824,0.15766562361056824,-0.005617552629543379,-0.005617552629543379,-0.005617552629543379,0.16328317624011163,0.16328317624011163,0.16328317624011163,0.0,0.0,0.0,108.84486472679457
2024-02-13 17:15:39.185076,-1.1227619620329032,97.19286363688303,118.77227580743973,-1.1227619620329032,-1.1227619620329032,0.18313135050554646,0.18313135050554646,0.18313135050554646,0.02016448909581954,0.02016448909581954,0.02016448909581954,0.1629668614097269,0.1629668614097269,0.1629668614097269,0.0,0.0,0.0,108.38570571115773
2024-02-14 17:15:39.185076,-1.1168981299867384,98.09341081836897,118.15008539100432,-1.1168981299867384,-1.1168981299867384,0.18672390144530285,0.18672390144530285,0.18672390144530285,0.024197687089333293,0.024197687089333293,0.024197687089333293,0.16252621435596956,0.16252621435596956,0.16252621435596956,0.0,0.0,0.0,108.44730648687198
2024-02-15 17:15:39.185076,-1.1078553187976745,99.41870840207116,120.0144161501183,-1.1078553187976745,-1.1078553187976745,0.1411109136286406,0.1411109136286406,0.1411109136286406,-0.020867812411545367,-0.020867812411545367,-0.020867812411545367,0.16197872604018596,0.16197872604018596,0.16197872604018596,0.0,0.0,0.0,109.73745520662865
2024-02-16 17:15:39.185076,-1.098812507608611,98.79269941200923,119.52603595620762,-1.098812507608611,-1.098812507608611,0.16244985826595765,0.16244985826595765,0.16244985826595765,0.0011054477714769351,0.0011054477714769351,0.0011054477714769351,0.1613444104944807,0.1613444104944807,0.1613444104944807,0.0,0.0,0.0,109.46098070506405
2024-02-17 17:15:39.185076,-1.0897696964195471,99.94878845769847,119.78132408421662,-1.0897696964195471,-1.0897696964195471,0.15069928890839873,0.15069928890839873,0.15069928890839873,-0.009946262067078045,-0.009946262067078045,-0.009946262067078045,0.16064555097547678,0.16064555097547678,0.16064555097547678,0.0,0.0,0.0,109.95201518965136
2024-02-18 17:15:39.185076,-1.0807268852304837,99.33905229284073,120.91181348830875,-1.0807268852304837,-1.0807268852304837,0.15087046652119293,0.15087046652119293,0.15087046652119293,-0.009035996848505498,-0.009035996848505498,-0.009035996848505498,0.1599064633696984,0.1599064633696984,0.1599064633696984,0.0,0.0,0.0,110.16724863319732
2024-02-19 17:15:39.185076,-1.0716840740414197,100.40784787151263,120.287049629856,-1.0716840740414197,-1.0716840740414197,0.15353572375579225,0.15353572375579225,0.15353572375579225,-0.005617552629579864,-0.005617552629579864,-0.005617552629579864,0.15915327638537213,0.15915327638537213,0.15915327638537213,0.0,0.0,0.0,110.32625974780126
2024-02-20 17:15:39.185076,-1.062641262852356,98.54936298082399,120.46460130768517,-1.062641262852356,-1.062641262852356,0.1785782127583473,0.1785782127583473,0.1785782127583473,0.020164489095885238,0.020164489095885238,0.020164489095885238,0.15841372366246206,0.15841372366246206,0.15841372366246206,0.0,0.0,0.0,109.98552773494869
2024-02-21 17:15:39.185076,-1.0535984516632924,100.02055953256549,121.39630521303357,-1.0535984516632924,-1.0535984516632924,0.18191462601155634,0.18191462601155634,0.18191462601155634,0.0241976870893238,0.0241976870893238,0.0241976870893238,0.1577169389222325,0.1577169389222325,0.1577169389222325,0.0,0.0,0.0,110.13593903500684
2024-02-22 17:15:39.185076,-1.0445556404742284,100.92152526465466,121.38421273931,-1.0445556404742284,-1.0445556404742284,0.13622542947774535,0.13622542947774535,0.13622542947774535,-0.020867812411540794,-0.020867812411540794,-0.020867812411540794,0.15709324188928614,0.15709324188928614,0.15709324188928614,0.0,0.0,0.0,111.36604528319242
2024-02-23 17:15:39.185076,-1.035512829285165,101.55607786319815,121.63782843134297,-1.035512829285165,-1.035512829285165,0.15767934792329968,0.15767934792329968,0.15767934792329968,0.0011054477714271625,0.0011054477714271625,0.0011054477714271625,0.15657390015187253,0.15657390015187253,0.15657390015187253,0.0,0.0,0.0,111.11457846234646
2024-02-24 17:15:39.185076,-1.026470018096101,100.80909322878186,122.48470143171679,-1.026470018096101,-1.026470018096101,0.14624458848513655,0.14624458848513655,0.14624458848513655,-0.009946262067072522,-0.009946262067072522,-0.009946262067072522,0.15619085055220908,0.15619085055220908,0.15619085055220908,0.0,0.0,0.0,111.58221411054531
2024-02-25 17:15:39.185076,-1.0174272069070376,101.22450676720823,122.29970742106566,-1.0174272069070376,-1.0174272069070376,0.14694036639032487,0.14694036639032487,0.14694036639032487,-0.009035996848462853,-0.009035996848462853,-0.009035996848462853,0.15597636323878772,0.15597636323878772,0.15597636323878772,0.0,0.0,0.0,111.78558740643297
2024-02-26 17:15:39.185076,-1.0083843957179737,100.92900537021143,122.66317488538856,-1.0083843957179737,-1.0083843957179737,0.150345079625685,0.150345079625685,0.150345079625685,-0.005617552629468968,-0.005617552629468968,-0.005617552629468968,0.15596263225515394,0.15596263225515394,0.15596263225515394,0.0,0.0,0.0,111.93170027675798
2024-02-27 17:15:39.185076,-0.9993415845289099,101.42238210956779,121.73826580883934,-0.9993415845289099,-0.9993415845289099,0.17634576760325169,0.17634576760325169,0.17634576760325169,0.020164489095813896,0.020164489095813896,0.020164489095813896,0.1561812785074378,0.1561812785074378,0.1561812785074378,0.0,0.0,0.0,111.60357749422649
2024-02-28 17:15:39.185076,-0.9902987733398464,100.87677151399072,121.39337251014952,-0.9902987733398464,-0.9902987733398464,0.18086044121623218,0.18086044121623218,0.18086044121623218,0.02419768708931431,0.02419768708931431,0.02419768708931431,0.15666275412691788,0.15666275412691788,0.15666275412691788,0.0,0.0,0.0,111.7334390548003
2024-02-29 17:15:39.185076,-0.9812559621507823,102.9062431043504,123.27324333214973,-0.9812559621507823,-0.9812559621507823,0.13656782912922502,0.13656782912922502,0.13656782912922502,-0.020867812411492492,-0.020867812411492492,-0.020867812411492492,0.1574356415407175,0.1574356415407175,0.1574356415407175,0.0,0.0,0.0,112.87358073695869
2024-03-01 17:15:39.185076,-0.9722131509617187,102.31187747454372,123.06923636093012,-0.9722131509617187,-0.9722131509617187,0.15963129363034326,0.15963129363034326,0.15963129363034326,0.0011054477714349756,0.0011054477714349756,0.0011054477714349756,0.15852584585890828,0.15852584585890828,0.15852584585890828,0.0,0.0,0.0,112.61782423594735
2024-03-02 17:15:39.185076,-0.9631703397726551,102.67897249777181,123.12361135867489,-0.9631703397726551,-0.9631703397726551,0.15000942322689867,0.15000942322689867,0.15000942322689867,-0.009946262067109104,-0.009946262067109104,-0.009946262067109104,0.15995568529400778,0.15995568529400778,0.15995568529400778,0.0,0.0,0.0,113.03381750326153
2024-03-03 17:15:39.185076,-0.9541275285835915,102.3713290157416,123.7420873994614,-0.9541275285835915,-0.9541275285835915,0.15270689418103614,0.15270689418103614,0.15270689418103614,-0.009035996848484475,-0.009035996848484475,-0.009035996848484475,0.1617428910295206,0.1617428910295206,0.1617428910295206,0.0,0.0,0.0,113.19861551488498
2024-03-04 17:15:39.185076,-0.9420481668839208,102.4897001352011,123.28452117605603,-0.9420481668839208,-0.9420481668839208,0.15828198235733162,0.15828198235733162,0.15828198235733162,-0.0056175526295054535,-0.0056175526295054535,-0.0056175526295054535,0.16389953498683707,0.16389953498683707,0.16389953498683707,0.0,0.0,0.0,113.38123722993438
2024-03-05 17:15:39.185076,-0.9299688051842494,103.29507011793712,123.61123979416794,-0.9299688051842494,-0.9299688051842494,0.18659540011000408,0.18659540011000408,0.18659540011000408,0.020164489095809236,0.020164489095809236,0.020164489095809236,0.16643091101419485,0.16643091101419485,0.16643091101419485,0.0,0.0,0.0,113.12138576748602
2024-03-06 17:15:39.185076,-0.9178894434845775,103.41178515059948,123.4008147986522,-0.9178894434845775,-0.9178894434845775,0.19353208892433113,0.19353208892433113,0.19353208892433113,0.02419768708930482,0.02419768708930482,0.02419768708930482,0.16933440183502632,0.16933440183502632,0.16933440183502632,0.0,0.0,0.0,113.28914496802925
2024-03-07 17:15:39.185076,-0.9058100817849062,104.42209255211617,124.27575910586351,-0.9058100817849062,-0.9058100817849062,0.15173055791675796,0.15173055791675796,0.15173055791675796,-0.02086781241148792,-0.02086781241148792,-0.02086781241148792,0.1725983703282459,0.1725983703282459,0.1725983703282459,0.0,0.0,0.0,114.39013118474307
2024-03-08 17:15:39.185076,-0.8937307200852354,103.80241528191456,124.78310818683804,-0.8937307200852354,-0.8937307200852354,0.17730656683615323,0.17730656683615323,0.17730656683615323,0.001105447771454401,0.001105447771454401,0.001105447771454401,0.17620111906469885,0.17620111906469885,0.17620111906469885,0.0,0.0,0.0,114.20174075106387
2024-03-09 17:15:39.185076,-0.8816513583855635,103.82419382450502,124.72955500216194,-0.8816513583855635,-0.8816513583855635,0.17016370412592374,0.17016370412592374,0.17016370412592374,-0.009946262067061468,-0.009946262067061468,-0.009946262067061468,0.1801099661929852,0.1801099661929852,0.1801099661929852,0.0,0.0,0.0,114.63383983006293
2024-03-10 17:15:39.185076,-0.8695719966858921,104.603328602284,125.80681360451467,-0.8695719966858921,-0.8695719966858921,0.1752444916468974,0.1752444916468974,0.1752444916468974,-0.009035996848506096,-0.009035996848506096,-0.009035996848506096,0.1842804884954035,0.1842804884954035,0.1842804884954035,0.0,0.0,0.0,114.83846297114913
2024-03-11 17:15:39.185076,-0.8574926349862207,104.20880093197007,126.05914888741515,-0.8574926349862207,-0.8574926349862207,0.18303843085434734,0.18303843085434734,0.18303843085434734,-0.005617552629507076,-0.005617552629507076,-0.005617552629507076,0.1886559834838544,0.1886559834838544,0.1886559834838544,0.0,0.0,0.0,114.99667737042428
2024-03-12 17:15:39.185076,-0.8454132732865495,104.39933262216371,124.59756927210061,-0.8454132732865495,-0.8454132732865495,0.21333169070034536,0.21333169070034536,0.21333169070034536,0.02016448909580641,0.02016448909580641,0.02016448909580641,0.1931672016045389,0.1931672016045389,0.1931672016045389,0.0,0.0,0.0,114.75829149613442
2024-03-13 17:15:39.185076,-0.8333339115868781,104.90397725154772,125.72494101162953,-0.8333339115868781,-0.8333339115868781,0.22193008392692307,0.22193008392692307,0.22193008392692307,0.024197687089245544,0.024197687089245544,0.024197687089245544,0.19773239683767752,0.19773239683767752,0.19773239683767752,0.0,0.0,0.0,114.91604221828204
2024-03-14 17:15:39.185076,-0.8212545498872067,105.71716804078523,125.89920071995087,-0.8212545498872067,-0.8212545498872067,0.18138992675217114,0.18138992675217114,0.18138992675217114,-0.020867812411504524,-0.020867812411504524,-0.020867812411504524,0.20225773916367565,0.20225773916367565,0.20225773916367565,0.0,0.0,0.0,115.92800353716737
2024-03-15 17:15:39.185076,-0.8091751881875348,105.6535065702524,126.38530554907094,-0.8091751881875348,-0.8091751881875348,0.20774357328897428,0.20774357328897428,0.20774357328897428,0.0011054477714738248,0.0011054477714738248,0.0011054477714738248,0.20663812551750044,0.20663812551750044,0.20663812551750044,0.0,0.0,0.0,115.77944836060172
2024-03-16 17:15:39.185076,-0.797095826487864,105.94000286659305,126.70801737422376,-0.797095826487864,-0.797095826487864,0.20081215499644575,0.20081215499644575,0.20081215499644575,-0.00994626206707569,-0.00994626206707569,-0.00994626206707569,0.21075841706352144,0.21075841706352144,0.21075841706352144,0.0,0.0,0.0,116.20302174763941
2024-03-17 17:15:39.185076,-0.7850164647881926,105.94443771631643,126.39176348972991,-0.7850164647881926,-0.7850164647881926,0.20545912318104906,0.20545912318104906,0.20545912318104906,-0.009035996848527718,-0.009035996848527718,-0.009035996848527718,0.21449512002957677,0.21449512002957677,0.21449512002957677,0.0,0.0,0.0,116.43165995477364
2024-03-18 17:15:39.185076,-0.7729371030885207,106.37709630408976,126.23401387712298,-0.7729371030885207,-0.7729371030885207,0.2121009625538004,0.2121009625538004,0.2121009625538004,-0.005617552629543562,-0.005617552629543562,-0.005617552629543562,0.21771851518334395,0.21771851518334395,0.21771851518334395,0.0,0.0,0.0,116.63019145137315
2024-03-19 17:15:39.185076,-0.76085774138885,106.37502568409644,127.04408523519461,-0.76085774138885,-0.76085774138885,0.24045971668348634,0.24045971668348634,0.24045971668348634,0.020164489095872113,0.020164489095872113,0.020164489095872113,0.22029522758761425,0.22029522758761425,0.22029522758761425,0.0,0.0,0.0,116.48413615194258
2024-03-20 17:15:39.185076,-0.7487783796891786,106.58854179733837,126.67446079229562,-0.7487783796891786,-0.7487783796891786,0.24628890098863643,0.24628890098863643,0.24628890098863643,0.024197687089285835,0.024197687089285835,0.024197687089285835,0.22209121389935058,0.22209121389935058,0.22209121389935058,0.0,0.0,0.0,116.70776438230413
2024-03-21 17:15:39.185076,-0.7366990179895068,107.37608577557536,128.08897254557542,-0.7366990179895068,-0.7366990179895068,0.2021073171563002,0.2021073171563002,0.2021073171563002,-0.02086781241152113,-0.02086781241152113,-0.02086781241152113,0.22297512956782134,0.22297512956782134,0.22297512956782134,0.0,0.0,0.0,117.71022772669585
2024-03-22 17:15:39.185076,-0.7246196562898354,107.60684644386578,127.74026529344809,-0.7246196562898354,-0.7246196562898354,0.22392747106190686,0.22392747106190686,0.22392747106190686,0.0011054477714700257,0.0011054477714700257,0.0011054477714700257,0.22282202329043682,0.22282202329043682,0.22282202329043682,0.0,0.0,0.0,117.68304865813244
2024-03-23 17:15:39.185076,-0.7104327607118637,107.80977643941934,128.30324539921196,-0.7104327607118637,-0.7104327607118637,0.2115710293945493,0.2115710293945493,0.2115710293945493,-0.009946262067070166,-0.009946262067070166,-0.009946262067070166,0.22151729146161947,0.22151729146161947,0.22151729146161947,0.0,0.0,0.0,118.23357283215029
2024-03-24 17:15:39.185076,-0.6962458651338915,108.21142846499595,129.07428706229194,-0.6962458651338915,-0.6962458651338915,0.20992481474520014,0.20992481474520014,0.20992481474520014,-0.009035996848485077,-0.009035996848485077,-0.009035996848485077,0.21896081159368522,0.21896081159368522,0.21896081159368522,0.0,0.0,0.0,118.61967882102995
2024-03-25 17:15:39.185076,-0.6820589695559193,108.25828265155647,129.10324702545526,-0.6820589695559193,-0.6820589695559193,0.2094536086391751,0.2094536086391751,0.2094536086391751,-0.005617552629506357,-0.005617552629506357,-0.005617552629506357,0.21507116126868145,0.21507116126868145,0.21507116126868145,0.0,0.0,0.0,118.98792405676983
2024-03-26 17:15:39.185076,-0.667872073977947,108.84953246386743,129.32848674190504,-0.667872073977947,-0.667872073977947,0.22995430767476352,0.22995430767476352,0.22995430767476352,0.020164489095937807,0.020164489095937807,0.020164489095937807,0.2097898185788257,0.2097898185788257,0.2097898185788257,0.0,0.0,0.0,119.06092563208804
2024-03-27 17:15:39.185076,-0.6536851783999754,109.10483214576415,129.54971744913257,-0.6536851783999754,-0.6536851783999754,0.22728291874312748,0.22728291874312748,0.22728291874312748,0.02419768708934125,0.02419768708934125,0.02419768708934125,0.20308523165378622,0.20308523165378622,0.20308523165378622,0.0,0.0,0.0,119.46516075655508
2024-03-28 17:15:39.185076,-0.6394982828220032,110.65420351336633,131.25683502196674,-0.6394982828220032,-0.6394982828220032,0.17408882674568782,0.17408882674568782,0.17408882674568782,-0.020867812411494015,-0.020867812411494015,-0.020867812411494015,0.19495663915718184,0.19495663915718184,0.19495663915718184,0.0,0.0,0.0,120.54819452023814
2024-03-29 17:15:39.185076,-0.625311387244031,110.43593581408152,131.84679131800794,-0.625311387244031,-0.625311387244031,0.18654296865646722,0.18654296865646722,0.18654296865646722,0.0011054477714894494,0.0011054477714894494,0.0011054477714894494,0.18543752088497778,0.18543752088497778,0.18543752088497778,0.0,0.0,0.0,120.73496476768037
2024-03-30 17:15:39.185076,-0.6111244916660593,111.24071346333997,131.70207192968905,-0.6111244916660593,-0.6111244916660593,0.16465229601377315,0.16465229601377315,0.16465229601377315,-0.009946262067106748,-0.009946262067106748,-0.009946262067106748,0.1745985580808799,0.1745985580808799,0.1745985580808799,0.0,0.0,0.0,121.3711803290955
2024-03-31 17:15:39.185076,-0.5969375960880872,111.30747945425553,131.3051934341827,-0.5969375960880872,-0.5969375960880872,0.15351399012105604,0.15351399012105604,0.15351399012105604,-0.009035996848570958,-0.009035996848570958,-0.009035996848570958,0.162549986969627,0.162549986969627,0.162549986969627,0.0,0.0,0.0,121.85914959130197
2024-04-01 17:15:39.185076,-0.5827507005101149,111.95526873357332,132.41474324221122,-0.5827507005101149,-0.5827507005101149,0.14382568375379753,0.14382568375379753,0.14382568375379753,-0.00561755262958167,-0.00561755262958167,-0.00561755262958167,0.1494432363833792,0.1494432363833792,0.1494432363833792,0.0,0.0,0.0,122.3226689961886
2024-04-02 17:15:39.185076,-0.5685638049321426,111.89265476933988,132.96978001137842,-0.5685638049321426,-0.5685638049321426,0.15563624030282877,0.15563624030282877,0.15563624030282877,0.020164489095866465,0.020164489095866465,0.020164489095866465,0.1354717512069623,0.1354717512069623,0.1354717512069623,0.0,0.0,0.0,122.52298687217366
2024-04-03 17:15:39.185076,-0.554376909354171,112.58960973922659,134.2181323852744,-0.554376909354171,-0.554376909354171,0.14506860466399205,0.14506860466399205,0.14506860466399205,0.02419768708933176,0.02419768708933176,0.02419768708933176,0.12087091757466029,0.12087091757466029,0.12087091757466029,0.0,0.0,0.0,122.99161713844417
2024-04-04 17:15:39.185076,-0.5401900137761988,113.67151228291098,133.84905505629192,-0.5401900137761988,-0.5401900137761988,0.08504921068803487,0.08504921068803487,0.08504921068803487,-0.020867812411489443,-0.020867812411489443,-0.020867812411489443,0.1059170230995243,0.1059170230995243,0.1059170230995243,0.0,0.0,0.0,124.01648590168094
2024-04-05 17:15:39.185076,-0.5260031181982266,114.26137597970741,134.592155311091,-0.5260031181982266,-0.5260031181982266,0.09203065335638796,0.09203065335638796,0.09203065335638796,0.0011054477714972626,0.0011054477714972626,0.0011054477714972626,0.0909252055848907,0.0909252055848907,0.0909252055848907,0.0,0.0,0.0,124.26332152908553
2024-04-06 17:15:39.185076,-0.5118162226202538,114.91402383440592,135.08808165665351,-0.5118162226202538,-0.5118162226202538,0.06630010418116403,0.06630010418116403,0.06630010418116403,-0.00994626206714333,-0.00994626206714333,-0.00994626206714333,0.07624636624830736,0.07624636624830736,0.07624636624830736,0.0,0.0,0.0,124.86690742386294
2024-04-07 17:15:39.185076,-0.49762932704228274,114.80603148982594,135.56382758057939,-0.49762932704228274,-0.49762932704228274,0.053227051124948035,0.053227051124948035,0.053227051124948035,-0.009035996848489809,-0.009035996848489809,-0.009035996848489809,0.06226304797343784,0.06226304797343784,0.06226304797343784,0.0,0.0,0.0,125.32247443057278
2024-04-08 17:15:39.185076,-0.48344243146431054,115.48604951231428,135.661842417891,-0.48344243146431054,-0.48344243146431054,0.04376675230172087,0.04376675230172087,0.04376675230172087,-0.005617552629544465,-0.005617552629544465,-0.005617552629544465,0.04938430493126533,0.04938430493126533,0.04938430493126533,0.0,0.0,0.0,125.73344947532973
2024-04-09 17:15:39.185076,-0.4692555358863377,115.16216209544055,136.24580286005525,-0.4692555358863377,-0.4692555358863377,0.05820410553145575,0.05820410553145575,0.05820410553145575,0.020164489095932166,0.020164489095932166,0.020164489095932166,0.03803961643552359,0.03803961643552359,0.03803961643552359,0.0,0.0,0.0,125.90261541683564
2024-04-10 17:15:39.185076,-0.4550686403083661,116.60850222228947,136.67568491903742,-0.4550686403083661,-0.4550686403083661,0.052869611529590035,0.052869611529590035,0.052869611529590035,0.024197687089272484,0.024197687089272484,0.024197687089272484,0.028671924440317555,0.028671924440317555,0.028671924440317555,0.0,0.0,0.0,126.26988614753911
2024-04-11 17:15:39.185076,-0.43989986541627185,116.120333728286,138.02155434545912,-0.43989986541627185,-0.43989986541627185,0.000862087530802717,0.000862087530802717,0.000862087530802717,-0.02086781241150605,-0.02086781241150605,-0.02086781241150605,0.021729899942308766,0.021729899942308766,0.021729899942308766,0.0,0.0,0.0,127.08799890702647
2024-04-12 17:15:39.185076,-0.42473109052417646,116.85658192318358,138.1582369047548,-0.42473109052417646,-0.42473109052417646,0.018765015769367836,0.018765015769367836,0.018765015769367836,0.00110544777144749,0.00110544777144749,0.00110544777144749,0.017659567997920348,0.017659567997920348,0.017659567997920348,0.0,0.0,0.0,127.24758136706626
2024-04-13 17:15:39.185076,-0.40956231563208106,117.66945319612014,138.17223253419024,-0.40956231563208106,-0.40956231563208106,0.006949181332561219,0.006949181332561219,0.006949181332561219,-0.009946262067095698,-0.009946262067095698,-0.009946262067095698,0.016895443399656915,0.016895443399656915,0.016895443399656915,0.0,0.0,0.0,127.67492348416224
2024-04-14 17:15:39.185076,-0.3943935407399869,117.82582842681356,138.00876702258216,-0.3943935407399869,-0.3943935407399869,0.010815351752329838,0.010815351752329838,0.010815351752329838,-0.009035996848575693,-0.009035996848575693,-0.009035996848575693,0.01985134860090553,0.01985134860090553,0.01985134860090553,0.0,0.0,0.0,127.96447015456117
2024-04-15 17:15:39.185076,-0.3792247658478915,117.8744551715863,138.3247411780267,-0.3792247658478915,-0.3792247658478915,0.021293548984182724,0.021293548984182724,0.021293548984182724,-0.005617552629580948,-0.005617552629580948,-0.005617552629580948,0.02691110161376367,0.02691110161376367,0.02691110161376367,0.0,0.0,0.0,128.203682879725
2024-04-16 17:15:39.185076,-0.3640559909557961,117.10893850020318,138.77635658054308,-0.3640559909557961,-0.3640559909557961,0.05858376286131325,0.05858376286131325,0.05858376286131325,0.02016448909592934,0.02016448909592934,0.02016448909592934,0.038419273765383906,0.038419273765383906,0.038419273765383906,0.0,0.0,0.0,128.24403264631414
2024-04-17 17:15:39.185076,-0.3488872160637007,117.95223263276799,138.35122123845014,-0.3488872160637007,-0.3488872160637007,0.07886991201967276,0.07886991201967276,0.07886991201967276,0.02419768708921321,0.02419768708921321,0.02419768708921321,0.054672224930459555,0.054672224930459555,0.054672224930459555,0.0,0.0,0.0,128.43313794058926
2024-04-18 17:15:39.185076,-0.3337184411716065,118.93000047883046,139.01261608232613,-0.3337184411716065,-0.3337184411716065,0.0550418143699355,0.0550418143699355,0.0550418143699355,-0.02086781241150147,-0.02086781241150147,-0.02086781241150147,0.07590962678143698,0.07590962678143698,0.07590962678143698,0.0,0.0,0.0,128.94522669236665
2024-04-19 17:15:39.185076,-0.3185496662795111,118.28775256301498,138.45918300946119,-0.3185496662795111,-0.3185496662795111,0.10341213024849312,0.10341213024849312,0.10341213024849312,0.0011054477714553014,0.0011054477714553014,0.0011054477714553014,0.10230668247703781,0.10230668247703781,0.10230668247703781,0.0,0.0,0.0,128.95776395987878
2024-04-20 17:15:39.185076,-0.3033808913874157,118.33611547911136,138.59640697493032,-0.3033808913874157,-0.3033808913874157,0.12402098183931694,0.12402098183931694,0.12402098183931694,-0.00994626206713228,-0.00994626206713228,-0.00994626206713228,0.1339672439064492,0.1339672439064492,0.1339672439064492,0.0,0.0,0.0,129.1785678596874
2024-04-21 17:15:39.185076,-0.2882121164953203,118.88205405250122,140.54779749109014,-0.2882121164953203,-0.2882121164953203,0.16188201829231522,0.16188201829231522,0.16188201829231522,-0.00903599684853305,-0.00903599684853305,-0.00903599684853305,0.17091801514084826,0.17091801514084826,0.17091801514084826,0.0,0.0,0.0,129.30782744973953
2024-04-22 17:15:39.185076,-0.27304334160322613,119.6276786623674,139.74803389419546,-0.27304334160322613,-0.27304334160322613,0.20748646062282336,0.20748646062282336,0.20748646062282336,-0.005617552629543746,-0.005617552629543746,-0.005617552629543746,0.2131040132523671,0.2131040132523671,0.2131040132523671,0.0,0.0,0.0,129.4167510298366
2024-04-23 17:15:39.185076,-0.25787456671113074,118.36066031700402,139.70089600993026,-0.25787456671113074,-0.25787456671113074,0.2805499245167193,0.2805499245167193,0.2805499245167193,0.020164489095856157,0.020164489095856157,0.020164489095856157,0.2603854354208631,0.2603854354208631,0.2603854354208631,0.0,0.0,0.0,129.40569262176547
2024-04-24 17:15:39.185076,-0.24270579181903532,119.63130389683504,140.29934210211687,-0.24270579181903532,-0.24270579181903532,0.33673374177399246,0.33673374177399246,0.33673374177399246,0.02419768708941797,0.02419768708941797,0.02419768708941797,0.3125360546845745,0.3125360546845745,0.3125360546845745,0.0,0.0,0.0,129.52758632231965
2024-04-25 17:15:39.185076,-0.22753701692694112,119.38793685981773,140.2354747907338,-0.22753701692694112,-0.22753701692694112,0.34837542390330345,0.34837542390330345,0.34837542390330345,-0.02086781241153926,-0.02086781241153926,-0.02086781241153926,0.3692432363148427,0.3692432363148427,0.3692432363148427,0.0,0.0,0.0,129.8988057494016
2024-04-26 17:15:39.185076,-0.21236824203484572,119.05719274802715,139.93458526036932,-0.21236824203484572,-0.21236824203484572,0.43121508105026557,0.43121508105026557,0.43121508105026557,0.0011054477714747268,0.0011054477714747268,0.0011054477714747268,0.4301096332787908,0.4301096332787908,0.4301096332787908,0.0,0.0,0.0,129.95904866636158
2024-04-27 17:15:39.185076,-0.19719946714275033,119.8352221365077,141.28726907318054,-0.19719946714275033,-0.19719946714275033,0.48471032125744895,0.48471032125744895,0.48471032125744895,-0.009946262067126756,-0.009946262067126756,-0.009946262067126756,0.49465658332457574,0.49465658332457574,0.49465658332457574,0.0,0.0,0.0,130.19407716022036
2024-04-28 17:15:39.185076,-0.18203069225065494,119.33934259860403,141.15262465939338,-0.18203069225065494,-0.18203069225065494,0.5532931958686967,0.5532931958686967,0.5532931958686967,-0.009035996848516165,-0.009035996848516165,-0.009035996848516165,0.5623291927172128,0.5623291927172128,0.5623291927172128,0.0,0.0,0.0,130.40544605574172
2024-04-29 17:15:39.185076,-0.16686191716765603,120.0752285955338,141.00752149882902,-0.16686191716765603,-0.16686191716765603,0.6268855008201802,0.6268855008201802,0.6268855008201802,-0.00561755262958023,-0.00561755262958023,-0.00561755262958023,0.6325030534497604,0.6325030534497604,0.6325030534497604,0.0,0.0,0.0,130.64302805357346
2024-04-30 17:15:39.185076,-0.15169314208465592,120.56384351036883,140.33515449790784,-0.15169314208465592,-0.15169314208465592,0.7246569918796827,0.7246569918796827,0.7246569918796827,0.020164489095853333,0.020164489095853333,0.020164489095853333,0.7044925027838294,0.7044925027838294,0.7044925027838294,0.0,0.0,0.0,130.850386225499
2024-05-01 17:15:39.185076,-0.136524367001657,120.94575142077689,141.27246972698853,-0.136524367001657,-0.136524367001657,0.8017579842674967,0.8017579842674967,0.8017579842674967,0.024197687089408476,0.024197687089408476,0.024197687089408476,0.7775602971780882,0.7775602971780882,0.7775602971780882,0.0,0.0,0.0,131.17963680440266
2024-05-02 17:15:39.185076,-0.1213555919186569,121.26868555857396,142.37555482710985,-0.1213555919186569,-0.1213555919186569,0.830060725546979,0.830060725546979,0.830060725546979,-0.020867812411534688,-0.020867812411534688,-0.020867812411534688,0.8509285379585136,0.8509285379585136,0.8509285379585136,0.0,0.0,0.0,131.68285461811996
2024-05-03 17:15:39.185076,-0.10618681683565914,120.8788746797876,142.17799055920764,-0.10618681683565914,-0.10618681683565914,0.9248961021594191,0.9248961021594191,0.9248961021594191,0.00110544777148254,0.00110544777148254,0.00110544777148254,0.9237906543879365,0.9237906543879365,0.9237906543879365,0.0,0.0,0.0,132.05537576073553
2024-05-04 17:15:39.185076,-0.09101804175265904,122.45353218578755,142.54475172648634,-0.09101804175265904,-0.09101804175265904,0.9853779598633565,0.9853779598633565,0.9853779598633565,-0.009946262067098866,-0.009946262067098866,-0.009946262067098866,0.9953242219304554,0.9953242219304554,0.9953242219304554,0.0,0.0,0.0,132.554331471637
2024-05-05 17:15:39.185076,-0.07584926666966012,123.22089840837916,142.86931356924546,-0.07584926666966012,-0.07584926666966012,1.0556683733802852,1.0556683733802852,1.0556683733802852,-0.009035996848537784,-0.009035996848537784,-0.009035996848537784,1.064704370228823,1.064704370228823,1.064704370228823,0.0,0.0,0.0,133.07626029552077
2024-05-06 17:15:39.185076,-0.060680491586660015,122.91841741944054,142.8644159279759,-0.060680491586660015,-0.060680491586660015,1.125499964673581,1.125499964673581,1.125499964673581,-0.005617552629469335,-0.005617552629469335,-0.005617552629469335,1.1311175173030503,1.1311175173030503,1.1311175173030503,0.0,0.0,0.0,133.64368218483796
2024-05-07 17:15:39.185076,-0.045511716503662265,123.72954597671337,144.68896061422055,-0.045511716503662265,-0.045511716503662265,1.2139396433273082,1.2139396433273082,1.2139396433273082,0.020164489095919037,0.020164489095919037,0.020164489095919037,1.193775154231389,1.193775154231389,1.193775154231389,0.0,0.0,0.0,134.23788323625658
2024-05-08 17:15:39.185076,-0.030342941420662163,124.77498715570891,145.5258198838829,-0.030342941420662163,-0.030342941420662163,1.2761250856203306,1.2761250856203306,1.2761250856203306,0.024197687089349204,0.024197687089349204,0.024197687089349204,1.2519273985309816,1.2519273985309816,1.2519273985309816,0.0,0.0,0.0,134.9053622874963
2024-05-09 17:15:39.185076,-0.015174166337663237,125.63779298794682,145.68235169457253,-0.015174166337663237,-0.015174166337663237,1.2840082224147382,1.2840082224147382,1.2840082224147382,-0.02086781241148639,-0.02086781241148639,-0.02086781241148639,1.3048760348262247,1.3048760348262247,1.3048760348262247,0.0,0.0,0.0,135.62992237751493
2024-05-10 17:15:39.185076,-5.391254664310633e-06,126.54898245820593,146.62320907344807,-5.391254664310633e-06,-5.391254664310633e-06,1.3530922160662657,1.3530922160662657,1.3530922160662657,0.0011054477715019637,0.0011054477715019637,0.0011054477715019637,1.3519867682947637,1.3519867682947637,1.3519867682947637,0.0,0.0,0.0,136.35951185435118
2024-05-11 17:15:39.185076,0.01516338382833579,127.36898265141558,147.27122096946903,0.01516338382833579,0.01516338382833579,1.3827541676685509,1.3827541676685509,1.3827541676685509,-0.009946262067093346,-0.009946262067093346,-0.009946262067093346,1.3927004297356442,1.3927004297356442,1.3927004297356442,0.0,0.0,0.0,137.120648940753
2024-05-12 17:15:39.185076,0.030332158911334714,127.50887628088937,148.38310892404263,0.030332158911334714,0.030332158911334714,1.4175068938240116,1.4175068938240116,1.4175068938240116,-0.009035996848559406,-0.009035996848559406,-0.009035996848559406,1.426542890672571,1.426542890672571,1.426542890672571,0.0,0.0,0.0,137.90398808017233
2024-05-13 17:15:39.185076,0.045500933994334816,128.31295475263386,149.43645995831133,0.045500933994334816,0.045500933994334816,1.447515919672236,1.447515919672236,1.447515919672236,-0.005617552629505817,-0.005617552629505817,-0.005617552629505817,1.4531334723017417,1.4531334723017417,1.4531334723017417,0.0,0.0,0.0,138.7049844453196
2024-05-14 17:15:39.185076,0.060669709077332566,129.42816053994565,149.44779259989525,0.060669709077332566,0.060669709077332566,1.4923561518738702,1.4923561518738702,1.4923561518738702,0.020164489095916213,0.020164489095916213,0.020164489095916213,1.472191662777954,1.472191662777954,1.472191662777954,0.0,0.0,0.0,139.54410168786143
2024-05-15 17:15:39.185076,0.07583848416033266,129.10654318976475,151.59396130002315,0.07583848416033266,0.07583848416033266,1.5077396797023306,1.5077396797023306,1.5077396797023306,0.024197687089289932,0.024197687089289932,0.024197687089289932,1.4835419926130406,1.4835419926130406,1.4835419926130406,0.0,0.0,0.0,140.36482171209587
2024-05-16 17:15:39.185076,0.0910072592433316,131.5415705100989,150.77803851669685,0.0910072592433316,0.0910072592433316,1.4662491446360273,1.4662491446360273,1.4662491446360273,-0.020867812411502998,-0.020867812411502998,-0.020867812411502998,1.4871169570475304,1.4871169570475304,1.4871169570475304,0.0,0.0,0.0,141.0863701696277
2024-05-17 17:15:39.185076,0.1061760343263317,131.62186507346541,151.74026356092045,0.1061760343263317,0.1061760343263317,1.4840633640043308,1.4840633640043308,1.4840633640043308,0.0011054477714981647,0.0011054477714981647,0.0011054477714981647,1.4829579162328326,1.4829579162328326,1.4829579162328326,0.0,0.0,0.0,141.9140136850352
2024-05-18 17:15:39.185076,0.12134480939926218,132.3391529222929,153.05045502413566,0.12134480939926218,0.12134480939926218,1.4612676858822853,1.4612676858822853,1.4612676858822853,-0.009946262067087819,-0.009946262067087819,-0.009946262067087819,1.471213947949373,1.471213947949373,1.471213947949373,0.0,0.0,0.0,142.64926434733303
2024-05-19 17:15:39.185076,0.13651358447219383,132.6306583201655,153.5340663823337,0.13651358447219383,0.13651358447219383,1.4431026754866176,1.4431026754866176,1.4431026754866176,-0.009035996848516763,-0.009035996848516763,-0.009035996848516763,1.4521386723351344,1.4521386723351344,1.4521386723351344,0.0,0.0,0.0,143.38326377629176
2024-05-20 17:15:39.185076,0.15168235954512668,134.10634414798096,154.75444916862966,0.15168235954512668,0.15168235954512668,1.4204675600168164,1.4204675600168164,1.4204675600168164,-0.005617552629581132,-0.005617552629581132,-0.005617552629581132,1.4260851126463976,1.4260851126463976,1.4260851126463976,0.0,0.0,0.0,144.09137936959397
2024-05-21 17:15:39.185076,0.16685113461805717,134.16283628588442,155.22001058217467,0.16685113461805717,0.16685113461805717,1.4136631884293958,1.4136631884293958,1.4136631884293958,0.020164489095843032,0.020164489095843032,0.020164489095843032,1.3934986993335527,1.3934986993335527,1.3934986993335527,0.0,0.0,0.0,144.84065839052107
2024-05-22 17:15:39.185076,0.18201990969098883,135.2955475954097,156.6554220450094,0.18201990969098883,0.18201990969098883,1.3791062527378823,1.3791062527378823,1.3791062527378823,0.02419768708928044,0.02419768708928044,0.02419768708928044,1.354908565648602,1.354908565648602,1.354908565648602,0.0,0.0,0.0,145.47921098751857
2024-05-23 17:15:39.185076,0.19718868476392049,135.76941390518692,155.84255624727123,0.19718868476392049,0.19718868476392049,1.2900495081952237,1.2900495081952237,1.2900495081952237,-0.020867812411519603,-0.020867812411519603,-0.020867812411519603,1.3109173206067433,1.3109173206067433,1.3109173206067433,0.0,0.0,0.0,145.86937172432184
2024-05-24 17:15:39.185076,0.21235745983685217,136.7716296058504,156.96674826335453,0.21235745983685217,0.21235745983685217,1.2632949662499848,1.2632949662499848,1.2632949662499848,0.0011054477715175901,0.0011054477715175901,0.0011054477715175901,1.2621895184784673,1.2621895184784673,1.2621895184784673,0.0,0.0,0.0,146.48125232871442
2024-05-25 17:15:39.185076,0.22752623490978266,137.33101363800085,157.3292093726545,0.22752623490978266,0.22752623490978266,1.1994928102191817,1.1994928102191817,1.1994928102191817,-0.009946262067059933,-0.009946262067059933,-0.009946262067059933,1.2094390722862416,1.2094390722862416,1.2094390722862416,0.0,0.0,0.0,146.89852852137986
2024-05-26 17:15:39.185076,0.24269500998271548,136.23445351223774,157.39291129168734,0.24269500998271548,0.24269500998271548,1.1443798844613946,1.1443798844613946,1.1443798844613946,-0.00903599684847412,-0.00903599684847412,-0.00903599684847412,1.1534158813098687,1.1534158813098687,1.1534158813098687,0.0,0.0,0.0,147.3194527782438
2024-05-27 17:15:39.185076,0.25786378505564717,138.11786490303004,157.7776897157451,0.25786378505564717,0.25786378505564717,1.0892744062049045,1.0892744062049045,1.0892744062049045,-0.005617552629543927,-0.005617552629543927,-0.005617552629543927,1.0948919588344483,1.0948919588344483,1.0948919588344483,0.0,0.0,0.0,147.70520723385073
2024-05-28 17:15:39.185076,0.2730325601285788,138.16213428530114,158.3745840512969,0.2730325601285788,0.2730325601285788,1.054811844984208,1.054811844984208,1.054811844984208,0.020164489095771686,0.020164489095771686,0.020164489095771686,1.0346473558884366,1.0346473558884366,1.0346473558884366,0.0,0.0,0.0,148.1744479622721
2024-05-29 17:15:39.185076,0.2882013352015093,138.15289029215674,158.63371419281793,0.2882013352015093,0.2882013352015093,0.9976538663981526,0.9976538663981526,0.9976538663981526,0.024197687089270947,0.024197687089270947,0.024197687089270947,0.9734561793088816,0.9734561793088816,0.9734561793088816,0.0,0.0,0.0,148.48392854017862
2024-05-30 17:15:39.185076,0.30337011027444094,138.3598187390141,159.640202143262,0.30337011027444094,0.30337011027444094,0.8912051856545816,0.8912051856545816,0.8912051856545816,-0.02086781241151503,-0.02086781241151503,-0.02086781241151503,0.9120729980660967,0.9120729980660967,0.9120729980660967,0.0,0.0,0.0,148.44199220539863
2024-05-31 17:15:39.185076,0.3185388853473726,137.98395918771817,158.6671062676739,0.3185388853473726,0.3185388853473726,0.8523253682763805,0.8523253682763805,0.8523253682763805,0.0011054477714678157,0.0011054477714678157,0.0011054477714678157,0.8512199205049127,0.8512199205049127,0.8512199205049127,0.0,0.0,0.0,148.78530510905068
2024-06-01 17:15:39.185076,0.3337076604203043,138.77158457484202,159.43873511215654,0.3337076604203043,0.3337076604203043,0.7816283452451434,0.7816283452451434,0.7816283452451434,-0.009946262067096513,-0.009946262067096513,-0.009946262067096513,0.7915746073122398,0.7915746073122398,0.7915746073122398,0.0,0.0,0.0,148.88018308138612
2024-06-02 17:15:39.185076,0.34887643549323594,139.13986177571186,158.99098196284623,0.34887643549323594,0.34887643549323594,0.7247234642033331,0.7247234642033331,0.7247234642033331,-0.009035996848495743,-0.009035996848495743,-0.009035996848495743,0.7337594610518288,0.7337594610518288,0.7337594610518288,0.0,0.0,0.0,149.03122461361932
2024-06-03 17:15:39.185076,0.3640452105661676,138.68377527174573,158.81733929876754,0.3640452105661676,0.3640452105661676,0.6727146509995106,0.6727146509995106,0.6727146509995106,-0.005617552629506722,-0.005617552629506722,-0.005617552629506722,0.6783322036290172,0.6783322036290172,0.6783322036290172,0.0,0.0,0.0,149.18344618729427
2024-06-04 17:15:39.185076,0.37921398563909925,137.94995103276472,159.4964694292347,0.37921398563909925,0.37921398563909925,0.6459425079028803,0.6459425079028803,0.6459425079028803,0.020164489095837384,0.020164489095837384,0.020164489095837384,0.625778018807043,0.625778018807043,0.625778018807043,0.0,0.0,0.0,149.50397610698602
2024-06-05 17:15:39.185076,0.3943827607914245,139.38490742138927,159.56463549515317,0.3943827607914245,0.3943827607914245,0.6007010858552507,0.6007010858552507,0.6007010858552507,0.024197687089376144,0.024197687089376144,0.024197687089376144,0.5765033987658745,0.5765033987658745,0.5765033987658745,0.0,0.0,0.0,149.6540099157493
2024-06-06 17:15:39.185076,0.40955153594375093,138.2039638144603,159.6180625770194,0.40955153594375093,0.40955153594375093,0.5099639802141407,0.5099639802141407,0.5099639802141407,-0.020867812411510457,-0.020867812411510457,-0.020867812411510457,0.5308317926256512,0.5308317926256512,0.5308317926256512,0.0,0.0,0.0,149.3827538569069
2024-06-07 17:15:39.185076,0.42472031109607733,138.82727512572328,159.76800674208084,0.42472031109607733,0.42472031109607733,0.49010655965538263,0.49010655965538263,0.49010655965538263,0.0011054477714756306,0.0011054477714756306,0.0011054477714756306,0.489001111883907,0.489001111883907,0.489001111883907,0.0,0.0,0.0,149.68748526631566
2024-06-08 17:15:39.185076,0.43988908624840256,139.4682051790305,159.7009615630899,0.43988908624840256,0.43988908624840256,0.4412168418570346,0.4412168418570346,0.4412168418570346,-0.009946262067048883,-0.009946262067048883,-0.009946262067048883,0.45116310392408343,0.45116310392408343,0.45116310392408343,0.0,0.0,0.0,149.7105876479147
2024-06-09 17:15:39.185076,0.4550578614007278,139.50603814909962,160.6698123506106,0.4550578614007278,0.4550578614007278,0.40834856437173855,0.40834856437173855,0.40834856437173855,-0.009035996848517363,-0.009035996848517363,-0.009035996848517363,0.4173845612202559,0.4173845612202559,0.4173845612202559,0.0,0.0,0.0,149.85598916393505
2024-06-10 17:15:39.185076,0.4702266365530542,139.03090162605707,159.76955839533505,0.4702266365530542,0.4702266365530542,0.38203273904364693,0.38203273904364693,0.38203273904364693,-0.005617552629543206,-0.005617552629543206,-0.005617552629543206,0.3876502916731901,0.3876502916731901,0.3876502916731901,0.0,0.0,0.0,150.04527724873816
2024-06-11 17:15:39.185076,0.4853954117053794,139.94906488877447,160.67961760986833,0.4853954117053794,0.4853954117053794,0.38203222480681603,0.38203222480681603,0.38203222480681603,0.02016448909583456,0.02016448909583456,0.02016448909583456,0.36186773571098146,0.36186773571098146,0.36186773571098146,0.0,0.0,0.0,150.4867447407265
2024-06-12 17:15:39.185076,0.5005641868577058,140.86204188861055,160.82953940584025,0.5005641868577058,0.5005641868577058,0.36407076641668706,0.36407076641668706,0.36407076641668706,0.024197687089316865,0.024197687089316865,0.024197687089316865,0.3398730793273702,0.3398730793273702,0.3398730793273702,0.0,0.0,0.0,150.73887991735575
2024-06-13 17:15:39.185076,0.515732962010031,140.46656860426765,160.6940355125975,0.515732962010031,0.515732962010031,0.300570867599915,0.300570867599915,0.300570867599915,-0.020867812411527055,-0.020867812411527055,-0.020867812411527055,0.3214386800114421,0.3214386800114421,0.3214386800114421,0.0,0.0,0.0,150.48495821365233
2024-06-14 17:15:39.185076,0.5309017371623574,141.43807644863557,161.21804368598555,0.5309017371623574,0.5309017371623574,0.30738704305267384,0.30738704305267384,0.30738704305267384,0.001105447771483442,0.001105447771483442,0.001105447771483442,0.30628159528119037,0.30628159528119037,0.30628159528119037,0.0,0.0,0.0,150.9766151449852
2024-06-15 17:15:39.185076,0.5460705123146826,140.68042447596446,161.7562921330179,0.5460705123146826,0.5460705123146826,0.2841267198586415,0.2841267198586415,0.2841267198586415,-0.009946262067085463,-0.009946262067085463,-0.009946262067085463,0.29407298192572695,0.29407298192572695,0.29407298192572695,0.0,0.0,0.0,151.12675821986667
2024-06-16 17:15:39.185076,0.5612392874670079,141.4773748874456,162.25347204147485,0.5612392874670079,0.5612392874670079,0.2754121216914786,0.2754121216914786,0.2754121216914786,-0.009035996848500476,-0.009035996848500476,-0.009035996848500476,0.2844481185399791,0.2844481185399791,0.2844481185399791,0.0,0.0,0.0,151.4339577361213
2024-06-17 17:15:39.185076,0.5764080626193343,141.37722547765225,162.3763586621239,0.5764080626193343,0.5764080626193343,0.27139924220582795,0.27139924220582795,0.27139924220582795,-0.005617552629579693,-0.005617552629579693,-0.005617552629579693,0.27701679483540764,0.27701679483540764,0.27701679483540764,0.0,0.0,0.0,151.79266154036995
2024-06-18 17:15:39.185076,0.5915768377716596,142.8336680072966,162.99459493088514,0.5915768377716596,0.5915768377716596,0.2915382977646825,0.2915382977646825,0.2915382977646825,0.020164489095900257,0.020164489095900257,0.020164489095900257,0.27137380866878225,0.27137380866878225,0.27137380866878225,0.0,0.0,0.0,152.449684963365
2024-06-19 17:15:39.185076,0.606745612923986,141.24559995277423,163.33378159845356,0.606745612923986,0.606745612923986,0.2913070028163169,0.2913070028163169,0.2913070028163169,0.02419768708935716,0.02419768708935716,0.02419768708935716,0.26710931572695973,0.26710931572695973,0.26710931572695973,0.0,0.0,0.0,152.8592950729511
2024-06-20 17:15:39.185076,0.6219143880763112,143.20746008450354,162.6353927888237,0.6219143880763112,0.6219143880763112,0.24295097473235752,0.24295097473235752,0.24295097473235752,-0.020867812411543667,-0.020867812411543667,-0.020867812411543667,0.26381878714390117,0.26381878714390117,0.26381878714390117,0.0,0.0,0.0,152.63847673546704
2024-06-21 17:15:39.185076,0.6370831632286376,143.28848619709942,163.95429967181929,0.6370831632286376,0.6370831632286376,0.2622177944199379,0.2622177944199379,0.2622177944199379,0.0011054477714336694,0.0011054477714336694,0.0011054477714336694,0.26111234664850425,0.26111234664850425,0.26111234664850425,0.0,0.0,0.0,153.2940100803567
2024-06-22 17:15:39.185076,0.6522519383809628,142.74280540141822,163.20890964029147,0.6522519383809628,0.6522519383809628,0.24867701857073268,0.24867701857073268,0.24867701857073268,-0.00994626206707994,-0.00994626206707994,-0.00994626206707994,0.2586232806378126,0.2586232806378126,0.2586232806378126,0.0,0.0,0.0,153.5112175921374
2024-06-23 17:15:39.185076,0.6674207135332892,143.70424632657816,164.05837159340365,0.6674207135332892,0.6674207135332892,0.24697954434378966,0.24697954434378966,0.24697954434378966,-0.009035996848457835,-0.009035996848457835,-0.009035996848457835,0.2560155411922475,0.2560155411922475,0.2560155411922475,0.0,0.0,0.0,153.88623334116704
2024-06-24 17:15:39.185076,0.6825894886824074,144.9534429019191,164.7854616570697,0.6825894886824074,0.6825894886824074,0.24737254009629886,0.24737254009629886,0.24737254009629886,-0.005617552629581313,-0.005617552629581313,-0.005617552629581313,0.2529900927258802,0.2529900927258802,0.2529900927258802,0.0,0.0,0.0,154.29021420957042
2024-06-25 17:15:39.185076,0.6977582638315267,144.09100434583615,165.60228999973376,0.6977582638315267,0.6977582638315267,0.26945447593122407,0.26945447593122407,0.26945447593122407,0.020164489095897437,0.020164489095897437,0.020164489095897437,0.24928998683532666,0.24928998683532666,0.24928998683532666,0.0,0.0,0.0,155.01314344476475
2024-06-26 17:15:39.185076,0.7129270389806449,145.71632887832158,165.72001639939958,0.7129270389806449,0.7129270389806449,0.26890177311768526,0.26890177311768526,0.26890177311768526,0.02419768708929788,0.02419768708929788,0.02419768708929788,0.2447040860283874,0.2447040860283874,0.2447040860283874,0.0,0.0,0.0,155.41035653229625
2024-06-27 17:15:39.185076,0.7280958141297642,144.93849421883996,164.44989171026694,0.7280958141297642,0.7280958141297642,0.21820158198512551,0.21820158198512551,0.21820158198512551,-0.02086781241149537,-0.02086781241149537,-0.02086781241149537,0.2390693943966209,0.2390693943966209,0.2390693943966209,0.0,0.0,0.0,155.03831135196845
2024-06-28 17:15:39.185076,0.7432645892788824,145.30548493433022,165.8380751147571,0.7432645892788824,0.7432645892788824,0.23337743870147645,0.23337743870147645,0.23337743870147645,0.0011054477714414826,0.0011054477714414826,0.0011054477714414826,0.23227199093003495,0.23227199093003495,0.23227199093003495,0.0,0.0,0.0,155.6649875699011
2024-06-29 17:15:39.185076,0.7584333644280017,146.152702856486,165.88812816086525,0.7584333644280017,0.7584333644280017,0.21430033599196552,0.21430033599196552,0.21430033599196552,-0.00994626206711652,-0.00994626206711652,-0.00994626206711652,0.22424659805908204,0.22424659805908204,0.22424659805908204,0.0,0.0,0.0,155.7542795745469
2024-06-30 17:15:39.185076,0.7736021395771199,145.29302243503625,166.35053195972122,0.7736021395771199,0.7736021395771199,0.20593885632572176,0.20593885632572176,0.20593885632572176,-0.009035996848543717,-0.009035996848543717,-0.009035996848543717,0.21497485317426548,0.21497485317426548,0.21497485317426548,0.0,0.0,0.0,156.00595391872807
2024-07-01 17:15:39.185076,0.7887709147262381,145.89394289395233,166.38561248176407,0.7887709147262381,0.7887709147262381,0.19886483078224862,0.19886483078224862,0.19886483078224862,-0.005617552629470421,-0.005617552629470421,-0.005617552629470421,0.20448238341171904,0.20448238341171904,0.20448238341171904,0.0,0.0,0.0,156.27367174277575
2024-07-02 17:15:39.185076,0.8039396898753575,146.10352567851695,167.5917549423602,0.8039396898753575,0.8039396898753575,0.21299930217054586,0.21299930217054586,0.21299930217054586,0.020164489095824255,0.020164489095824255,0.020164489095824255,0.19283481307472158,0.19283481307472158,0.19283481307472158,0.0,0.0,0.0,156.89593130092166
2024-07-03 17:15:39.185076,0.8191084650244768,146.5934240949447,166.5310509701819,0.8191084650244768,0.8191084650244768,0.20433054505240145,0.20433054505240145,0.20433054505240145,0.02419768708928839,0.02419768708928839,0.02419768708928839,0.18013285796311304,0.18013285796311304,0.18013285796311304,0.0,0.0,0.0,157.13387676011948
2024-07-04 17:15:39.185076,0.834277240173595,146.61673039140837,166.0209896327685,0.834277240173595,0.834277240173595,0.145638868597528,0.145638868597528,0.145638868597528,-0.020867812411511977,-0.020867812411511977,-0.020867812411511977,0.16650668100903998,0.16650668100903998,0.16650668100903998,0.0,0.0,0.0,156.48743452254183
2024-07-05 17:15:39.185076,0.8494460153227131,146.85271365806472,168.0055813515125,0.8494460153227131,0.8494460153227131,0.15321514627802016,0.15321514627802016,0.15321514627802016,0.0011054477714609063,0.0011054477714609063,0.0011054477714609063,0.15210969850655925,0.15210969850655925,0.15210969850655925,0.0,0.0,0.0,156.98892154125178
2024-07-06 17:15:39.185076,0.8646147904718324,146.62863607121122,168.08041453147482,0.8646147904718324,0.8646147904718324,0.1271657734970948,0.1271657734970948,0.1271657734970948,-0.009946262067110995,-0.009946262067110995,-0.009946262067110995,0.1371120355642058,0.1371120355642058,0.1371120355642058,0.0,0.0,0.0,156.8829993917974
2024-07-07 17:15:39.185076,0.8797835656209517,147.1179640059387,167.14152409534114,0.8797835656209517,0.8797835656209517,0.11265783620128415,0.11265783620128415,0.11265783620128415,-0.009035996848501076,-0.009035996848501076,-0.009035996848501076,0.12169383304978523,0.12169383304978523,0.12169383304978523,0.0,0.0,0.0,156.97426599229948
2024-07-08 17:15:39.185076,0.8949523407700699,147.14278841497364,167.59809604300557,0.8949523407700699,0.8949523407700699,0.10042105360972829,0.10042105360972829,0.10042105360972829,-0.0056175526295069046,-0.0056175526295069046,-0.0056175526295069046,0.1060386062392352,0.1060386062392352,0.1060386062392352,0.0,0.0,0.0,157.0990675778679
2024-07-09 17:15:39.185076,0.9101211159191881,147.35216795806167,168.46469109078703,0.9101211159191881,0.9101211159191881,0.11049133688746443,0.11049133688746443,0.11049133688746443,0.020164489095821435,0.020164489095821435,0.020164489095821435,0.090326847791643,0.090326847791643,0.090326847791643,0.0,0.0,0.0,157.64359133851033
2024-07-10 17:15:39.185076,0.9252898910683075,147.0147626652145,167.75903888139143,0.9252898910683075,0.9252898910683075,0.09892774194523325,0.09892774194523325,0.09892774194523325,0.024197687089229116,0.024197687089229116,0.024197687089229116,0.07473005485600413,0.07473005485600413,0.07473005485600413,0.0,0.0,0.0,157.77300053269158
2024-07-11 17:15:39.185076,0.9404586662174268,146.11011239630523,166.9487594216538,0.9404586662174268,0.9404586662174268,0.038537530123127446,0.038537530123127446,0.038537530123127446,-0.02086781241152858,-0.02086781241152858,-0.02086781241152858,0.05940534253465603,0.05940534253465603,0.05940534253465603,0.0,0.0,0.0,156.92801106858818
2024-07-12 17:15:39.185076,0.955627441366545,146.70434149384906,167.15003705752645,0.955627441366545,0.955627441366545,0.045596231923710824,0.045596231923710824,0.045596231923710824,0.0011054477714571055,0.0011054477714571055,0.0011054477714571055,0.044490784152253715,0.044490784152253715,0.044490784152253715,0.0,0.0,0.0,157.40181102552995
2024-07-13 17:15:39.185076,0.970796216498171,147.2917245287632,167.06726113558582,0.970796216498171,0.970796216498171,0.020155331438787366,0.020155331438787366,0.020155331438787366,-0.00994626206708311,-0.00994626206708311,-0.00994626206708311,0.03010159350587048,0.03010159350587048,0.03010159350587048,0.0,0.0,0.0,157.21570293243187
2024-07-14 17:15:39.185076,0.9859649916297971,146.7851106585149,168.03818967489912,0.9859649916297971,0.9859649916297971,0.007291239417512514,0.007291239417512514,0.007291239417512514,-0.009035996848522696,-0.009035996848522696,-0.009035996848522696,0.01632723626603521,0.01632723626603521,0.01632723626603521,0.0,0.0,0.0,157.2744774465021
2024-07-15 17:15:39.185076,1.001133766761423,148.26855760446466,168.1771002272094,1.001133766761423,1.001133766761423,-0.0023880248171929915,-0.0023880248171929915,-0.0023880248171929915,-0.00561755262954339,-0.00561755262954339,-0.00561755262954339,0.003229527812350398,0.003229527812350398,0.003229527812350398,0.0,0.0,0.0,157.3921783335274
2024-07-16 17:15:39.185076,1.0163025418930491,147.74141980954965,168.21502843094584,1.0163025418930491,1.0163025418930491,0.011006232991465878,0.011006232991465878,0.011006232991465878,0.020164489095887132,0.020164489095887132,0.020164489095887132,-0.009158256104421253,-0.009158256104421253,-0.009158256104421253,0.0,0.0,0.0,157.99751911962917
2024-07-17 17:15:39.185076,1.0314713170246752,147.3915337604842,168.88754149620243,1.0314713170246752,1.0314713170246752,0.0033664266114383596,0.0033664266114383596,0.0033664266114383596,0.024197687089219627,0.024197687089219627,0.024197687089219627,-0.020831260477781267,-0.020831260477781267,-0.020831260477781267,0.0,0.0,0.0,158.15452320721062
2024-07-18 17:15:39.185076,1.0466400921563013,147.09551375605517,167.75377948973707,1.0466400921563013,1.0466400921563013,-0.05267977116640443,-0.05267977116640443,-0.05267977116640443,-0.020867812411459102,-0.020867812411459102,-0.020867812411459102,-0.03181195875494533,-0.03181195875494533,-0.03181195875494533,0.0,0.0,0.0,157.23971837480235
2024-07-19 17:15:39.185076,1.0618088672879287,148.01598584184217,168.2469509427391,1.0618088672879287,1.0618088672879287,-0.04104270275972177,-0.04104270275972177,-0.04104270275972177,0.001105447771476531,0.001105447771476531,0.001105447771476531,-0.04214815053119831,-0.04214815053119831,-0.04214815053119831,0.0,0.0,0.0,157.8025383544072
2024-07-20 17:15:39.185076,1.0769776424195534,147.6214654820493,168.2036381654669,1.0769776424195534,1.0769776424195534,-0.061856400827422574,-0.061856400827422574,-0.061856400827422574,-0.009946262067077584,-0.009946262067077584,-0.009946262067077584,-0.05191013876034499,-0.05191013876034499,-0.05191013876034499,0.0,0.0,0.0,157.63681179220757
2024-07-21 17:15:39.185076,1.0921464175511795,147.58366332424706,168.3713241471386,1.0921464175511795,1.0921464175511795,-0.07022319585416105,-0.07022319585416105,-0.07022319585416105,-0.009035996848505808,-0.009035996848505808,-0.009035996848505808,-0.061187199005655245,-0.061187199005655245,-0.061187199005655245,0.0,0.0,0.0,157.74405880454677
2024-07-22 17:15:39.185076,1.1073151926828055,147.9597050078228,168.09247928871952,1.1073151926828055,1.1073151926828055,-0.07570102511451827,-0.07570102511451827,-0.07570102511451827,-0.0056175526295061855,-0.0056175526295061855,-0.0056175526295061855,-0.07008347248501208,-0.07008347248501208,-0.07008347248501208,0.0,0.0,0.0,157.91332771772758
2024-07-23 17:15:39.185076,1.122483967814433,147.8967841518476,168.78214934920837,1.122483967814433,1.122483967814433,-0.058548940530907666,-0.058548940530907666,-0.058548940530907666,0.020164489095815787,0.020164489095815787,0.020164489095815787,-0.07871342962672345,-0.07871342962672345,-0.07871342962672345,0.0,0.0,0.0,158.61402839928584
2024-07-24 17:15:39.185076,1.1376527429460577,147.77094215992975,169.45716132451642,1.1376527429460577,1.1376527429460577,-0.06299937409444786,-0.06299937409444786,-0.06299937409444786,0.02419768708932482,0.02419768708932482,0.02419768708932482,-0.08719706118377268,-0.08719706118377268,-0.08719706118377268,0.0,0.0,0.0,158.8081408771771
2024-07-25 17:15:39.185076,1.1528215180776837,147.89844471754128,168.73463139073812,1.1528215180776837,1.1528215180776837,-0.1165227718294127,-0.1165227718294127,-0.1165227718294127,-0.020867812411496885,-0.020867812411496885,-0.020867812411496885,-0.09565495941791582,-0.09565495941791582,-0.09565495941791582,0.0,0.0,0.0,157.80805994382257
2024-07-26 17:15:39.185076,1.167990293209311,148.3487041638984,167.8893333396552,1.167990293209311,1.167990293209311,-0.10309800460473906,-0.10309800460473906,-0.10309800460473906,0.0011054477714959546,0.0011054477714959546,0.0011054477714959546,-0.10420345237623502,-0.10420345237623502,-0.10420345237623502,0.0,0.0,0.0,158.420478515696
2024-07-27 17:15:39.185076,1.1831590683409359,148.05238941247543,168.01631340713857,1.1831590683409359,1.1831590683409359,-0.12289621195269594,-0.12289621195269594,-0.12289621195269594,-0.009946262067114166,-0.009946262067114166,-0.009946262067114166,-0.11294994988558177,-0.11294994988558177,-0.11294994988558177,0.0,0.0,0.0,158.21369044285981
2024-07-28 17:15:39.185076,1.198327843472562,148.26714112063195,167.94470021291343,1.198327843472562,1.198327843472562,-0.13102464765216135,-0.13102464765216135,-0.13102464765216135,-0.00903599684852743,-0.00903599684852743,-0.00903599684852743,-0.12198865080363393,-0.12198865080363393,-0.12198865080363393,0.0,0.0,0.0,158.28874550300833
2024-07-29 17:15:39.185076,1.2134966186041891,148.35496420011586,169.00828545779638,1.2134966186041891,1.2134966186041891,-0.13701430022274336,-0.13701430022274336,-0.13701430022274336,-0.005617552629655186,-0.005617552629655186,-0.005617552629655186,-0.13139674759308817,-0.13139674759308817,-0.13139674759308817,0.0,0.0,0.0,158.41326383124434
2024-07-30 17:15:39.185076,1.2286653937358152,148.45569765021042,169.01302394354286,1.2286653937358152,1.2286653937358152,-0.12106675780842878,-0.12106675780842878,-0.12106675780842878,0.020164489095881484,0.020164489095881484,0.020164489095881484,-0.14123124690431027,-0.14123124690431027,-0.14123124690431027,0.0,0.0,0.0,159.1015651817324
2024-07-31 17:15:39.185076,1.2438341687781436,149.67625010160424,169.67118796503314,1.2438341687781436,1.2438341687781436,-0.12732881702262033,-0.12732881702262033,-0.12732881702262033,0.02419768708931533,0.02419768708931533,0.02419768708931533,-0.15152650411193566,-0.15152650411193566,-0.15152650411193566,0.0,0.0,0.0,159.21830244374604
2024-08-01 17:15:39.185076,1.2590029438204744,147.76219039832588,168.3825264813612,1.2590029438204744,1.2590029438204744,-0.1831603587230619,-0.1831603587230619,-0.1831603587230619,-0.020867812411492315,-0.020867812411492315,-0.020867812411492315,-0.1622925463115696,-0.1622925463115696,-0.1622925463115696,0.0,0.0,0.0,158.01679448277136
2024-08-02 17:15:39.185076,1.274171718862804,147.94803708225385,168.99657474330385,1.274171718862804,1.274171718862804,-0.17240878509825272,-0.17240878509825272,-0.17240878509825272,0.0011054477715037678,0.0011054477715037678,0.0011054477715037678,-0.17351423286975648,-0.17351423286975648,-0.17351423286975648,0.0,0.0,0.0,158.56621634325154
2024-08-03 17:15:39.185076,1.2893404939051347,147.91559350287469,167.52885747820994,1.2893404939051347,1.2893404939051347,-0.1950975380758789,-0.1950975380758789,-0.1950975380758789,-0.009946262067066534,-0.009946262067066534,-0.009946262067066534,-0.18515127600881237,-0.18515127600881237,-0.18515127600881237,0.0,0.0,0.0,158.21453357889303
2024-08-04 17:15:39.185076,1.304509268947463,148.25990096268777,168.39045805857106,1.304509268947463,1.304509268947463,-0.2061751137525482,-0.2061751137525482,-0.2061751137525482,-0.00903599684854905,-0.00903599684854905,-0.00903599684854905,-0.19713911690399916,-0.19713911690399916,-0.19713911690399916,0.0,0.0,0.0,158.16733189644378
2024-08-05 17:15:39.185076,1.319678043989794,147.66023556735144,168.75213303586423,1.319678043989794,1.319678043989794,-0.21500817880606402,-0.21500817880606402,-0.21500817880606402,-0.005617552629544291,-0.005617552629544291,-0.005617552629544291,-0.2093906261765197,-0.2093906261765197,-0.2093906261765197,0.0,0.0,0.0,158.17543006600974
2024-08-06 17:15:39.185076,1.3348468190321234,148.5109183450654,169.33932990653622,1.3348468190321234,1.3348468190321234,-0.20163408317690049,-0.20163408317690049,-0.20163408317690049,0.02016448909594718,0.02016448909594718,0.02016448909594718,-0.22179857227284766,-0.22179857227284766,-0.22179857227284766,0.0,0.0,0.0,158.80213640994234
2024-08-07 17:15:39.185076,1.3500155940744532,148.33094805809256,169.68221521587486,1.3500155940744532,1.3500155940744532,-0.21004109068010643,-0.21004109068010643,-0.21004109068010643,0.024197687089305836,0.024197687089305836,0.024197687089305836,-0.23423877776941227,-0.23423877776941227,-0.23423877776941227,0.0,0.0,0.0,158.81815466567974
2024-08-08 17:15:39.185076,1.3651843691167838,147.31287575672422,167.17542007319858,1.3651843691167838,1.3651843691167838,-0.26744167522662565,-0.26744167522662565,-0.26744167522662565,-0.020867812411508924,-0.020867812411508924,-0.020867812411508924,-0.24657386281511673,-0.24657386281511673,-0.24657386281511673,0.0,0.0,0.0,157.4202738130936
2024-08-09 17:15:39.185076,1.3803531441591135,147.35525410051295,168.43050262586996,1.3803531441591135,1.3803531441591135,-0.25755200954134655,-0.25755200954134655,-0.25755200954134655,0.0011054477714656091,0.0011054477714656091,0.0011054477714656091,-0.25865745731281214,-0.25865745731281214,-0.25865745731281214,0.0,0.0,0.0,157.94175972995896
2024-08-10 17:15:39.185076,1.395521919201444,146.85979187935197,167.67796625160435,1.395521919201444,1.395521919201444,-0.28028501162011227,-0.28028501162011227,-0.28028501162011227,-0.009946262067103117,-0.009946262067103117,-0.009946262067103117,-0.27033874955300913,-0.27033874955300913,-0.27033874955300913,0.0,0.0,0.0,157.5108452191383
2024-08-11 17:15:39.185076,1.4106906942437725,147.16530992439934,167.25329493913205,1.4106906942437725,1.4106906942437725,-0.2905032260619807,-0.2905032260619807,-0.2905032260619807,-0.00903599684857067,-0.00903599684857067,-0.00903599684857067,-0.28146722921341,-0.28146722921341,-0.28146722921341,0.0,0.0,0.0,157.4371908693547
2024-08-12 17:15:39.185076,1.4258594692861033,146.81421270076478,167.67005394358853,1.4258594692861033,1.4258594692861033,-0.297515029838499,-0.297515029838499,-0.297515029838499,-0.005617552629580776,-0.005617552629580776,-0.005617552629580776,-0.29189747720891823,-0.29189747720891823,-0.29189747720891823,0.0,0.0,0.0,157.4532872193972
2024-08-13 17:15:39.185076,1.4410282443284328,148.1066767276502,168.28995868395384,1.4410282443284328,1.4410282443284328,-0.28132936482473775,-0.28132936482473775,-0.28132936482473775,0.02016448909594436,0.02016448909594436,0.02016448909594436,-0.3014938539206821,-0.3014938539206821,-0.3014938539206821,0.0,0.0,0.0,158.16886417403822
2024-08-14 17:15:39.185076,1.4561970193707636,147.78902970856225,169.44014942236478,1.4561970193707636,1.4561970193707636,-0.28593725377987983,-0.28593725377987983,-0.28593725377987983,0.024197687089411033,0.024197687089411033,0.024197687089411033,-0.31013494086929083,-0.31013494086929083,-0.31013494086929083,0.0,0.0,0.0,158.25712945733557
2024-08-15 17:15:39.185076,1.4713657944130931,147.06396101422496,167.28738682031806,1.4713657944130931,1.4713657944130931,-0.33858541118203234,-0.33858541118203234,-0.33858541118203234,-0.020867812411525535,-0.020867812411525535,-0.020867812411525535,-0.3177175987705068,-0.3177175987705068,-0.3177175987705068,0.0,0.0,0.0,156.85390872900348
2024-08-16 17:15:39.185076,1.4865345694554228,147.03594890097327,168.31954345297987,1.4865345694554228,1.4865345694554228,-0.32305506909725484,-0.32305506909725484,-0.32305506909725484,0.0011054477714618084,0.0011054477714618084,0.0011054477714618084,-0.3241605168687166,-0.3241605168687166,-0.3241605168687166,0.0,0.0,0.0,157.55136247461016
2024-08-17 17:15:39.185076,1.5017033444977534,146.65414707087223,167.87066761722286,1.5017033444977534,1.5017033444977534,-0.3393534061639762,-0.3393534061639762,-0.3393534061639762,-0.009946262067033125,-0.009946262067033125,-0.009946262067033125,-0.32940714409694305,-0.32940714409694305,-0.32940714409694305,0.0,0.0,0.0,157.25218244344651
2024-08-18 17:15:39.185076,1.5168721195400843,147.70780482178463,167.70385880979606,1.5168721195400843,1.5168721195400843,-0.34246390832199863,-0.34246390832199863,-0.34246390832199863,-0.00903599684852803,-0.00903599684852803,-0.00903599684852803,-0.3334279114734706,-0.3334279114734706,-0.3334279114734706,0.0,0.0,0.0,157.36385690371628
2024-08-19 17:15:39.185076,1.5320408694743393,146.7096957573926,168.07624587432315,1.5320408694743393,1.5320408694743393,-0.3418392292646441,-0.3418392292646441,-0.3418392292646441,-0.005617552629543571,-0.005617552629543571,-0.005617552629543571,-0.33622167663510055,-0.33622167663510055,-0.33622167663510055,0.0,0.0,0.0,157.59405213156882
2024-08-20 17:15:39.185076,1.5472096194085967,148.50956489147757,168.77945987307766,1.5472096194085967,1.5472096194085967,-0.31765185577419575,-0.31765185577419575,-0.31765185577419575,0.020164489095939698,0.020164489095939698,0.020164489095939698,-0.33781634487013545,-0.33781634487013545,-0.33781634487013545,0.0,0.0,0.0,158.5923776026822
2024-08-21 17:15:39.185076,1.5623783693428528,148.47781543089488,169.60539215950732,1.5623783693428528,1.5623783693428528,-0.31407095865511586,-0.31407095865511586,-0.31407095865511586,0.02419768708935176,0.02419768708935176,0.02419768708935176,-0.33826864574446763,-0.33826864574446763,-0.33826864574446763,0.0,0.0,0.0,158.92816305934235
2024-08-22 17:15:39.185076,1.5775471192771078,146.6015283903639,167.51696443292954,1.5775471192771078,1.5775471192771078,-0.3585308820768622,-0.3585308820768622,-0.3585308820768622,-0.020867812411542133,-0.020867812411542133,-0.020867812411542133,-0.33766306966532,-0.33766306966532,-0.33766306966532,0.0,0.0,0.0,157.67025490702054
2024-08-23 17:15:39.185076,1.5927158692113652,148.37223858926896,168.90540943058073,1.5927158692113652,1.5927158692113652,-0.3350045459837112,-0.3350045459837112,-0.3350045459837112,0.0011054477714812338,0.0011054477714812338,0.0011054477714812338,-0.33610999375519246,-0.33610999375519246,-0.33610999375519246,0.0,0.0,0.0,158.66425573709316
2024-08-24 17:15:39.185076,1.6078846191456213,148.5487600722609,169.1959673672037,1.6078846191456213,1.6078846191456213,-0.3436893125355682,-0.3436893125355682,-0.3436893125355682,-0.009946262067069703,-0.009946262067069703,-0.009946262067069703,-0.3337430504684985,-0.3337430504684985,-0.3337430504684985,0.0,0.0,0.0,158.58261149343
2024-08-25 17:15:39.185076,1.6230533690798787,149.1573177855227,168.60732630852743,1.6230533690798787,1.6230533690798787,-0.33975181160812684,-0.33975181160812684,-0.33975181160812684,-0.009035996848511143,-0.009035996848511143,-0.009035996848511143,-0.3307158147596157,-0.3307158147596157,-0.3307158147596157,0.0,0.0,0.0,158.9268437105693
2024-08-26 17:15:39.185076,1.6382221190141337,149.1336498503432,168.84970552068063,1.6382221190141337,1.6382221190141337,-0.33281545829960313,-0.33281545829960313,-0.33281545829960313,-0.005617552629506366,-0.005617552629506366,-0.005617552629506366,-0.32719790567009677,-0.32719790567009677,-0.32719790567009677,0.0,0.0,0.0,159.37704921862274
2024-08-27 17:15:39.185076,1.6533908689483898,150.13512823703957,171.48428423511223,1.6533908689483898,1.6533908689483898,-0.30320612624062393,-0.30320612624062393,-0.30320612624062393,0.020164489095868356,0.020164489095868356,0.020164489095868356,-0.32337061533649225,-0.32337061533649225,-0.32337061533649225,0.0,0.0,0.0,160.62112625746778
2024-08-28 17:15:39.185076,1.6685596188826473,151.09712754704893,171.9611237430782,1.6685596188826473,1.6685596188826473,-0.2952245050694612,-0.2952245050694612,-0.2952245050694612,0.024197687089392052,0.024197687089392052,0.024197687089392052,-0.31942219215885326,-0.31942219215885326,-0.31942219215885326,0.0,0.0,0.0,161.12416585228263
2024-08-29 17:15:39.185076,1.6837283688169034,149.56133871153492,170.11319798471055,1.6837283688169034,1.6837283688169034,-0.33641072721791704,-0.33641072721791704,-0.33641072721791704,-0.02086781241153756,-0.02086781241153756,-0.02086781241153756,-0.31554291480637947,-0.31554291480637947,-0.31554291480637947,0.0,0.0,0.0,159.88894001093652
2024-08-30 17:15:39.185076,1.6988971187511595,151.30639293622252,172.3705093843318,1.6988971187511595,1.6988971187511595,-0.3108146518339875,-0.3108146518339875,-0.3108146518339875,0.001105447771489047,0.001105447771489047,0.001105447771489047,-0.3119200996054765,-0.3119200996054765,-0.3119200996054765,0.0,0.0,0.0,161.01666181955272
2024-08-31 17:15:39.185076,1.7140658686854158,151.42651680943294,170.79378238039175,1.7140658686854158,1.7140658686854158,-0.3186794475672932,-0.3186794475672932,-0.3186794475672932,-0.009946262067106287,-0.009946262067106287,-0.009946262067106287,-0.3087331855001869,-0.3087331855001869,-0.3087331855001869,0.0,0.0,0.0,160.95292298683285
2024-09-01 17:15:39.185076,1.7292346186196719,151.17276327021085,171.6844996380875,1.7292346186196719,1.7292346186196719,-0.31518503500736583,-0.31518503500736583,-0.31518503500736583,-0.0090359968484685,-0.0090359968484685,-0.0090359968484685,-0.3061490381588973,-0.3061490381588973,-0.3061490381588973,0.0,0.0,0.0,161.2978133654982
2024-09-02 17:15:39.185076,1.7444033685539282,152.10149970355081,171.63191816700493,1.7444033685539282,1.7444033685539282,-0.3099351606641981,-0.3099351606641981,-0.3099351606641981,-0.005617552629469163,-0.005617552629469163,-0.005617552629469163,-0.3043176080347289,-0.3043176080347289,-0.3043176080347289,0.0,0.0,0.0,161.7094234064416
2024-09-03 17:15:39.185076,1.7595721184881843,152.84065321193577,173.3836125627196,1.7595721184881843,1.7595721184881843,-0.28320357737485913,-0.28320357737485913,-0.28320357737485913,0.020164489095865528,0.020164489095865528,0.020164489095865528,-0.3033680664707247,-0.3033680664707247,-0.3033680664707247,0.0,0.0,0.0,162.92038358053034
2024-09-04 17:15:39.185076,1.7747408684224415,153.3451646156241,174.51183764489764,1.7747408684224415,1.7747408684224415,-0.2792078425379027,-0.2792078425379027,-0.2792078425379027,0.02419768708933278,0.02419768708933278,0.02419768708933278,-0.3034055296272355,-0.3034055296272355,-0.3034055296272355,0.0,0.0,0.0,163.29869142326967
2024-09-05 17:15:39.185076,1.7899096183566978,151.08321956422202,172.53447640686886,1.7899096183566978,1.7899096183566978,-0.3253762749252834,-0.3253762749252834,-0.3253762749252834,-0.020867812411489266,-0.020867812411489266,-0.020867812411489266,-0.30450846251379415,-0.30450846251379415,-0.30450846251379415,0.0,0.0,0.0,161.78869033989514
2024-09-06 17:15:39.185076,1.8050783682909528,153.04134838275914,173.10540594767014,1.8050783682909528,1.8050783682909528,-0.3056213875135567,-0.3056213875135567,-0.3056213875135567,0.0011054477714968584,0.0011054477714968584,0.0011054477714968584,-0.30672683528505357,-0.30672683528505357,-0.30672683528505357,0.0,0.0,0.0,162.75513069110875
2024-09-07 17:15:39.185076,1.8202471182252102,152.0349315167895,172.62905588373815,1.8202471182252102,1.8202471182252102,-0.3200273438536586,-0.3200273438536586,-0.3200273438536586,-0.009946262067058655,-0.009946262067058655,-0.009946262067058655,-0.3100810817866,-0.3100810817866,-0.3100810817866,0.0,0.0,0.0,162.4247266093241
2024-09-08 17:15:39.185076,1.8354158681594663,153.34076368896112,172.54122013805716,1.8354158681594663,1.8354158681594663,-0.32359788364942144,-0.32359788364942144,-0.32359788364942144,-0.009035996848554384,-0.009035996848554384,-0.009035996848554384,-0.31456188680086705,-0.31456188680086705,-0.31456188680086705,0.0,0.0,0.0,162.5039271180344
2024-09-09 17:15:39.185076,1.8505846180937224,152.82423822862881,172.64889210972314,1.8505846180937224,1.8505846180937224,-0.32574835684765613,-0.32574835684765613,-0.32574835684765613,-0.005617552629505648,-0.005617552629505648,-0.005617552629505648,-0.3201308042181505,-0.3201308042181505,-0.3201308042181505,0.0,0.0,0.0,162.6361882316544
2024-09-10 17:15:39.185076,1.8657533680279788,153.32972548867775,173.92896917565525,1.8657533680279788,1.8657533680279788,-0.30655719508396667,-0.30655719508396667,-0.30655719508396667,0.020164489095792347,0.020164489095792347,0.020164489095792347,-0.326721684179759,-0.326721684179759,-0.326721684179759,0.0,0.0,0.0,163.60560232152014
2024-09-11 17:15:39.185076,1.8809221179622349,153.86593907625965,174.40016703334243,1.8809221179622349,1.8809221179622349,-0.31004517671697346,-0.31004517671697346,-0.31004517671697346,0.024197687089273504,0.024197687089273504,0.024197687089273504,-0.33424286380624696,-0.33424286380624696,-0.33424286380624696,0.0,0.0,0.0,163.6889541423817
2024-09-12 17:15:39.185076,1.8960908678964923,151.04253275116832,171.5060647093041,1.8960908678964923,1.8960908678964923,-0.3634478665367373,-0.3634478665367373,-0.3634478665367373,-0.02086781241148469,-0.02086781241148469,-0.02086781241148469,-0.3425800541252526,-0.3425800541252526,-0.3425800541252526,0.0,0.0,0.0,161.77700672987996
2024-09-13 17:15:39.185076,1.9112596178307484,152.5914010279515,173.45331840748503,1.9112596178307484,1.9112596178307484,-0.35049438811889755,-0.35049438811889755,-0.35049438811889755,0.00110544777150467,0.00110544777150467,0.00110544777150467,-0.3515998358904022,-0.3515998358904022,-0.3515998358904022,0.0,0.0,0.0,162.50170898595843
2024-09-14 17:15:39.185076,1.9264283677650045,151.1089937725409,171.98752797478494,1.9264283677650045,1.9264283677650045,-0.3710999217757403,-0.3710999217757403,-0.3710999217757403,-0.009946262067095236,-0.009946262067095236,-0.009946262067095236,-0.3611536597086451,-0.3611536597086451,-0.3611536597086451,0.0,0.0,0.0,161.87325132308132
2024-09-15 17:15:39.185076,1.9415971176992608,151.75998010551626,171.79534656555154,1.9415971176992608,1.9415971176992608,-0.3801182286172306,-0.3801182286172306,-0.3801182286172306,-0.009035996848511741,-0.009035996848511741,-0.009035996848511741,-0.37108223176871885,-0.37108223176871885,-0.37108223176871885,0.0,0.0,0.0,161.70540601374566
2024-09-16 17:15:39.185076,1.956765867633517,152.01065988280573,172.21920322731688,1.956765867633517,1.956765867633517,-0.38683770851379073,-0.38683770851379073,-0.38683770851379073,-0.00561755262958096,-0.00561755262958096,-0.00561755262958096,-0.38122015588420977,-0.38122015588420977,-0.38122015588420977,0.0,0.0,0.0,161.62652754681412
2024-09-17 17:15:39.185076,1.971934617567773,152.63965878010862,172.87463032952945,1.971934617567773,1.971934617567773,-0.3712362067343723,-0.3712362067343723,-0.3712362067343723,0.020164489095858044,0.020164489095858044,0.020164489095858044,-0.39140069583023035,-0.39140069583023035,-0.39140069583023035,0.0,0.0,0.0,162.47027320402557
2024-09-18 17:15:39.185076,1.9871033675020293,152.03339805356876,172.07338885248606,1.9871033675020293,1.9871033675020293,-0.3772628321508735,-0.3772628321508735,-0.3772628321508735,0.024197687089313795,0.024197687089313795,0.024197687089313795,-0.4014605192401873,-0.4014605192401873,-0.4014605192401873,0.0,0.0,0.0,162.41893237674358
2024-09-19 17:15:39.185076,2.0022721174362856,150.0282576911134,170.78693452110568,2.0022721174362856,2.0022721174362856,-0.43211209811491746,-0.43211209811491746,-0.43211209811491746,-0.02086781241152248,-0.02086781241152248,-0.02086781241152248,-0.41124428570339494,-0.41124428570339494,-0.41124428570339494,0.0,0.0,0.0,160.30510598046422
2024-09-20 17:15:39.185076,2.0174408673705426,150.12344587916687,171.37213451607857,2.0174408673705426,2.0174408673705426,-0.4195034993315482,-0.4195034993315482,-0.4195034993315482,0.0011054477714549007,0.0011054477714549007,0.0011054477714549007,-0.4206089471030031,-0.4206089471030031,-0.4206089471030031,0.0,0.0,0.0,161.02218685678702
2024-09-21 17:15:39.185076,2.032609617304798,150.03586533015334,170.65801255329677,2.032609617304798,2.032609617304798,-0.43937389955122386,-0.43937389955122386,-0.43937389955122386,-0.009946262067067349,-0.009946262067067349,-0.009946262067067349,-0.42942763748415647,-0.42942763748415647,-0.42942763748415647,0.0,0.0,0.0,160.35707699017198
2024-09-22 17:15:39.185076,2.0477783672390553,150.8171026643647,171.27444831307065,2.0477783672390553,2.0477783672390553,-0.4466290393980855,-0.4466290393980855,-0.4466290393980855,-0.0090359968484691,-0.0090359968484691,-0.0090359968484691,-0.4375930425496164,-0.4375930425496164,-0.4375930425496164,0.0,0.0,0.0,160.22329164884349
2024-09-23 17:15:39.185076,2.0629471171733114,149.71659710964335,170.12402605555008,2.0629471171733114,2.0629471171733114,-0.45063770748759074,-0.45063770748759074,-0.45063770748759074,-0.005617552629617444,-0.005617552629617444,-0.005617552629617444,-0.4450201548579733,-0.4450201548579733,-0.4450201548579733,0.0,0.0,0.0,160.22590874919803
2024-09-24 17:15:39.185076,2.0781158671075675,150.60278607766858,171.7943633083944,2.0781158671075675,2.0781158671075675,-0.431483850360363,-0.431483850360363,-0.431483850360363,0.020164489095855227,0.020164489095855227,0.020164489095855227,-0.4516483394562183,-0.4516483394562183,-0.4516483394562183,0.0,0.0,0.0,161.23962110598214
2024-09-25 17:15:39.185076,2.0932846170418236,150.8632955632804,171.81359556811992,2.0932846170418236,2.0932846170418236,-0.4332449683697763,-0.4332449683697763,-0.4332449683697763,0.024197687089254523,0.024197687089254523,0.024197687089254523,-0.4574426554590308,-0.4574426554590308,-0.4574426554590308,0.0,0.0,0.0,161.34359207394797
2024-09-26 17:15:39.185076,2.1084533669760797,148.786060870992,169.4297676961445,2.1084533669760797,2.1084533669760797,-0.4832622137776481,-0.4832622137776481,-0.4832622137776481,-0.020867812411517903,-0.020867812411517903,-0.020867812411517903,-0.4623944013661302,-0.4623944013661302,-0.4623944013661302,0.0,0.0,0.0,159.30378649638294
2024-09-27 17:15:39.185076,2.123622116910337,150.02704379364562,170.92096806876089,2.123622116910337,2.123622116910337,-0.46541542725380664,-0.46541542725380664,-0.46541542725380664,0.0011054477714627104,0.0011054477714627104,0.0011054477714627104,-0.46652087502526934,-0.46652087502526934,-0.46652087502526934,0.0,0.0,0.0,160.26697911331243
2024-09-28 17:15:39.185076,2.1387908668445923,148.75458791256546,170.22928953918893,2.1387908668445923,2.1387908668445923,-0.4798106244822894,-0.4798106244822894,-0.4798106244822894,-0.009946262067103931,-0.009946262067103931,-0.009946262067103931,-0.4698643624151855,-0.4698643624151855,-0.4698643624151855,0.0,0.0,0.0,159.7893779201318
2024-09-29 17:15:39.185076,2.1539596167788484,150.1682947744291,169.59815966671758,2.1539596167788484,2.1539596167788484,-0.48152638900366507,-0.48152638900366507,-0.48152638900366507,-0.009035996848554984,-0.009035996848554984,-0.009035996848554984,-0.4724903921551101,-0.4724903921551101,-0.4724903921551101,0.0,0.0,0.0,159.87771851062718
2024-09-30 17:15:39.185076,2.169128366713106,149.80529403769364,170.24697128656783,2.169128366713106,2.169128366713106,-0.48010286680725617,-0.48010286680725617,-0.48010286680725617,-0.005617552629506549,-0.005617552629506549,-0.005617552629506549,-0.4744853141777496,-0.4744853141777496,-0.4744853141777496,0.0,0.0,0.0,160.1083636514575
2024-10-01 17:15:39.185076,2.184297116647362,151.0294818503118,171.46763338498212,2.184297116647362,2.184297116647362,-0.4557887915978126,-0.4557887915978126,-0.4557887915978126,0.020164489095852407,0.020164489095852407,0.020164489095852407,-0.47595328069366505,-0.47595328069366505,-0.47595328069366505,0.0,0.0,0.0,161.3928568569088
2024-10-02 17:15:39.185076,2.199465866581618,151.49077565446797,172.24248818753608,2.199465866581618,2.199465866581618,-0.4528150377783539,-0.4528150377783539,-0.4528150377783539,0.024197687089359717,0.024197687089359717,0.024197687089359717,-0.4770127248677136,-0.4770127248677136,-0.4770127248677136,0.0,0.0,0.0,161.7044370210739
2024-10-03 17:15:39.185076,2.214634616515874,149.16059264490693,170.4026923074146,2.214634616515874,2.214634616515874,-0.4986602594122291,-0.4986602594122291,-0.4986602594122291,-0.020867812411513326,-0.020867812411513326,-0.020867812411513326,-0.47779244700071577,-0.47779244700071577,-0.47779244700071577,0.0,0.0,0.0,159.74111222830655
2024-10-04 17:15:39.185076,2.22980336645013,150.53830204723857,170.70669857128638,2.22980336645013,2.22980336645013,-0.4773219812975309,-0.4773219812975309,-0.4773219812975309,0.0011054477714821376,0.0011054477714821376,0.0011054477714821376,-0.47842742906901303,-0.47842742906901303,-0.47842742906901303,0.0,0.0,0.0,160.90324303101517
2024-10-05 17:15:39.185076,2.2449721163843877,150.48266229871155,170.9117570114641,2.2449721163843877,2.2449721163843877,-0.4890007679622229,-0.4890007679622229,-0.4890007679622229,-0.009946262067098408,-0.009946262067098408,-0.009946262067098408,-0.4790545058951245,-0.4790545058951245,-0.4790545058951245,0.0,0.0,0.0,160.5180725522704
2024-10-06 17:15:39.185076,2.260140866318643,150.35256872423201,171.0929384780868,2.260140866318643,2.260140866318643,-0.48884402164529006,-0.48884402164529006,-0.48884402164529006,-0.009035996848512341,-0.009035996848512341,-0.009035996848512341,-0.4798080247967777,-0.4798080247967777,-0.4798080247967777,0.0,0.0,0.0,160.6887649739022
2024-10-07 17:15:39.185076,2.2753096162529003,150.86792895496842,171.75848205977994,2.2753096162529003,2.2753096162529003,-0.486433177839633,-0.486433177839633,-0.486433177839633,-0.005617552629581864,-0.005617552629581864,-0.005617552629581864,-0.4808156252100511,-0.4808156252100511,-0.4808156252100511,0.0,0.0,0.0,160.96756362873208
2024-10-08 17:15:39.185076,2.2904783661871564,151.53740236264684,172.64997498649572,2.2904783661871564,2.2904783661871564,-0.4620297764146752,-0.4620297764146752,-0.4620297764146752,0.02016448909584958,0.02016448909584958,0.02016448909584958,-0.4821942655105248,-0.4821942655105248,-0.4821942655105248,0.0,0.0,0.0,162.30871100030322
2024-10-09 17:15:39.185076,2.3056471161214125,152.67181079968012,173.71370193122914,2.3056471161214125,2.3056471161214125,-0.45984892913310266,-0.45984892913310266,-0.45984892913310266,0.024197687089300444,0.024197687089300444,0.024197687089300444,-0.4840466162224031,-0.4840466162224031,-0.4840466162224031,0.0,0.0,0.0,162.5864480086909
2024-10-10 17:15:39.185076,2.3208158660556686,150.69970180960192,170.77984061104027,2.3208158660556686,2.3208158660556686,-0.5073257396566473,-0.5073257396566473,-0.5073257396566473,-0.020867812411551112,-0.020867812411551112,-0.020867812411551112,-0.4864579272450962,-0.4864579272450962,-0.4864579272450962,0.0,0.0,0.0,160.4386219182606
2024-10-11 17:15:39.185076,2.3359846159899247,150.4441319722467,171.60470496540518,2.3359846159899247,2.3359846159899247,-0.4883880142259193,-0.4883880142259193,-0.4883880142259193,0.001105447771478335,0.001105447771478335,0.001105447771478335,-0.4894934619973977,-0.4894934619973977,-0.4894934619973977,0.0,0.0,0.0,161.52760739907066
2024-10-12 17:15:39.185076,2.351153365924181,151.35637205730103,171.97253572601932,2.351153365924181,2.351153365924181,-0.5031428359972167,-0.5031428359972167,-0.5031428359972167,-0.00994626206709288,-0.00994626206709288,-0.00994626206709288,-0.4931965739301237,-0.4931965739301237,-0.4931965739301237,0.0,0.0,0.0,160.96048499462347
2024-10-13 17:15:39.185076,2.3663221158584373,151.0277893911034,170.840713682644,2.3663221158584373,2.3663221158584373,-0.5066234780525191,-0.5066234780525191,-0.5066234780525191,-0.009035996848495455,-0.009035996848495455,-0.009035996848495455,-0.4975874812040235,-0.4975874812040235,-0.4975874812040235,0.0,0.0,0.0,160.94575182620218
2024-10-14 17:15:39.185076,2.3814908657926934,150.91300389807594,171.1168275716165,2.3814908657926934,2.3814908657926934,-0.5082803266959798,-0.5082803266959798,-0.5082803266959798,-0.005617552629544659,-0.005617552629544659,-0.005617552629544659,-0.5026627740664351,-0.5026627740664351,-0.5026627740664351,0.0,0.0,0.0,161.02026095345678
2024-10-15 17:15:39.185076,2.396659615726951,151.75125784268505,172.8887001140754,2.396659615726951,2.396659615726951,-0.48823117811626326,-0.48823117811626326,-0.48823117811626326,0.02016448909591528,0.02016448909591528,0.02016448909591528,-0.5083956672121785,-0.5083956672121785,-0.5083956672121785,0.0,0.0,0.0,162.1892336978477
2024-10-16 17:15:39.185076,2.411828365661207,151.72955323608753,172.48050526395468,2.411828365661207,2.411828365661207,-0.4905392997615037,-0.4905392997615037,-0.4905392997615037,0.024197687089290952,0.024197687089290952,0.024197687089290952,-0.5147369868507946,-0.5147369868507946,-0.5147369868507946,0.0,0.0,0.0,162.2354810819571
2024-10-17 17:15:39.185076,2.426997115595463,149.53606375503685,170.51065584885694,2.426997115595463,2.426997115595463,-0.5424846723935276,-0.5424846723935276,-0.5424846723935276,-0.020867812411481636,-0.020867812411481636,-0.020867812411481636,-0.521616859982046,-0.521616859982046,-0.521616859982046,0.0,0.0,0.0,159.7433031151996
2024-10-18 17:15:39.185076,2.442165865529719,150.28117309286156,170.85946432825347,2.442165865529719,2.442165865529719,-0.5278416043951498,-0.5278416043951498,-0.5278416043951498,0.0011054477714401746,0.0011054477714401746,0.0011054477714401746,-0.52894705216659,-0.52894705216659,-0.52894705216659,0.0,0.0,0.0,160.64253235532013
2024-10-19 17:15:39.185076,2.4573346154639752,148.92454154522602,170.02917273796373,2.4573346154639752,2.4573346154639752,-0.5465701425591171,-0.5465701425591171,-0.5465701425591171,-0.009946262067087357,-0.009946262067087357,-0.009946262067087357,-0.5366238804920297,-0.5366238804920297,-0.5366238804920297,0.0,0.0,0.0,159.82417978670549
2024-10-20 17:15:39.185076,2.4725033653982327,149.28521332609367,170.09965764464468,2.4725033653982327,2.4725033653982327,-0.553567607899428,-0.553567607899428,-0.553567607899428,-0.009035996848452812,-0.009035996848452812,-0.009035996848452812,-0.5445316110509751,-0.5445316110509751,-0.5445316110509751,0.0,0.0,0.0,159.6046770295382
2024-10-21 17:15:39.185076,2.487672115332488,149.28324372849292,170.5897515956858,2.487672115332488,2.487672115332488,-0.5581637882071433,-0.5581637882071433,-0.5581637882071433,-0.005617552629581143,-0.005617552629581143,-0.005617552629581143,-0.5525462355775621,-0.5525462355775621,-0.5525462355775621,0.0,0.0,0.0,159.5065012476713
2024-10-22 17:15:39.185076,2.502840865266744,151.11747795861857,171.4915439229692,2.502840865266744,2.502840865266744,-0.5403750212682524,-0.5403750212682524,-0.5403750212682524,0.020164489095843934,0.020164489095843934,0.020164489095843934,-0.5605395103640963,-0.5605395103640963,-0.5605395103640963,0.0,0.0,0.0,160.58523248938477
2024-10-23 17:15:39.185076,2.5180096152010014,150.26158184945163,171.05714699463766,2.5180096152010014,2.5180096152010014,-0.5441854454386731,-0.5441854454386731,-0.5441854454386731,0.02419768708928146,0.02419768708928146,0.02419768708928146,-0.5683831325279545,-0.5683831325279545,-0.5683831325279545,0.0,0.0,0.0,160.53000037425085
2024-10-24 17:15:39.185076,2.533178365135256,147.44613888128634,168.2630020239008,2.533178365135256,2.533178365135256,-0.5968207367794076,-0.5968207367794076,-0.5968207367794076,-0.020867812411519422,-0.020867812411519422,-0.020867812411519422,-0.5759529243678883,-0.5759529243678883,-0.5759529243678883,0.0,0.0,0.0,157.86772872394957
2024-10-25 17:15:39.185076,2.5483471150695136,148.78622667669623,169.37879806896635,2.5483471150695136,2.5483471150695136,-0.582027448276123,-0.582027448276123,-0.582027448276123,0.0011054477714479895,0.0011054477714479895,0.0011054477714479895,-0.583132896047571,-0.583132896047571,-0.583132896047571,0.0,0.0,0.0,158.79040539539966
2024-10-26 17:15:39.185076,2.5635158650037697,148.34827942064553,167.58335545809166,2.5635158650037697,2.5635158650037697,-0.5997653222640342,-0.5997653222640342,-0.5997653222640342,-0.00994626206712394,-0.00994626206712394,-0.00994626206712394,-0.5898190601969103,-0.5898190601969103,-0.5898190601969103,0.0,0.0,0.0,157.96634655189587
2024-10-27 17:15:39.185076,2.578684614938026,147.64210675838498,168.1695700723275,2.578684614938026,2.578684614938026,-0.60495887597083,-0.60495887597083,-0.60495887597083,-0.00903599684847443,-0.00903599684847443,-0.00903599684847443,-0.5959228791223556,-0.5959228791223556,-0.5959228791223556,0.0,0.0,0.0,157.81216451620088
2024-10-28 17:15:39.185076,2.5938533648722824,147.04267502483756,167.0997390132864,2.5938533648722824,2.5938533648722824,-0.6069917885855012,-0.6069917885855012,-0.6069917885855012,-0.005617552629617625,-0.005617552629617625,-0.005617552629617625,-0.6013742359558836,-0.6013742359558836,-0.6013742359558836,0.0,0.0,0.0,157.82731011413952
2024-10-29 17:15:39.185076,2.6090221148065385,149.1030278556626,169.31118027147141,2.6090221148065385,2.6090221148065385,-0.5859593458457019,-0.5859593458457019,-0.5859593458457019,0.02016448909583927,0.02016448909583927,0.02016448909583927,-0.6061238349415411,-0.6061238349415411,-0.6061238349415411,0.0,0.0,0.0,159.10843806039753
2024-10-30 17:15:39.185076,2.624190864740796,148.76565442512108,169.80295894313812,2.624190864740796,2.624190864740796,-0.5859472656535345,-0.5859472656535345,-0.5859472656535345,0.02419768708927196,0.02419768708927196,0.02419768708927196,-0.6101449527428064,-0.6101449527428064,-0.6101449527428064,0.0,0.0,0.0,159.24136543326534
2024-10-31 17:15:39.185076,2.639359614675052,147.1982077553453,167.07380791604533,2.639359614675052,2.639359614675052,-0.6343022940926771,-0.6343022940926771,-0.6343022940926771,-0.020867812411514846,-0.020867812411514846,-0.020867812411514846,-0.6134344816811622,-0.6134344816811622,-0.6134344816811622,0.0,0.0,0.0,156.6859632802845
2024-11-01 17:15:39.185076,2.6545283646093067,147.94780882508974,168.32081581047797,2.6545283646093067,2.6545283646093067,-0.6149077788395659,-0.6149077788395659,-0.6149077788395659,0.0011054477714674132,0.0011054477714674132,0.0011054477714674132,-0.6160132266110334,-0.6160132266110334,-0.6160132266110334,0.0,0.0,0.0,157.88696046703836
2024-11-02 17:15:39.185076,2.669697114543564,147.3216969776014,167.66720988838858,2.669697114543564,2.669697114543564,-0.6278717011835292,-0.6278717011835292,-0.6278717011835292,-0.009946262067076307,-0.009946262067076307,-0.009946262067076307,-0.6179254391164528,-0.6179254391164528,-0.6179254391164528,0.0,0.0,0.0,157.28113093631828
2024-11-03 17:15:39.185076,2.6848658644778203,147.86288047003447,169.11110814443444,2.6848658644778203,2.6848658644778203,-0.6282735920695937,-0.6282735920695937,-0.6282735920695937,-0.009035996848521811,-0.009035996848521811,-0.009035996848521811,-0.6192375952210718,-0.6192375952210718,-0.6192375952210718,0.0,0.0,0.0,157.3772793748442
2024-11-04 17:15:39.185076,2.7000346144120777,146.84120192609174,168.21764226424702,2.7000346144120777,2.7000346144120777,-0.6256539978294924,-0.6256539978294924,-0.6256539978294924,-0.005617552629506732,-0.005617552629506732,-0.005617552629506732,-0.6200364451999856,-0.6200364451999856,-0.6200364451999856,0.0,0.0,0.0,157.64497172383784
2024-11-05 17:15:39.185076,2.715203364346333,149.6683808224265,170.10168140794968,2.715203364346333,2.715203364346333,-0.6002618966079852,-0.6002618966079852,-0.6002618966079852,0.02016448909583645,0.02016448909583645,0.02016448909583645,-0.6204263857038216,-0.6204263857038216,-0.6204263857038216,0.0,0.0,0.0,159.2164494252087
2024-11-06 17:15:39.185076,2.730372114280589,149.5232533731921,169.25144773428974,2.730372114280589,2.730372114280589,-0.5963285375567643,-0.5963285375567643,-0.5963285375567643,0.024197687089212695,0.024197687089212695,0.024197687089212695,-0.620526224645977,-0.620526224645977,-0.620526224645977,0.0,0.0,0.0,159.5703028998139
2024-11-07 17:15:39.185076,2.7455408642148464,146.49070575153706,166.76534819786872,2.7455408642148464,2.7455408642148464,-0.6413332399710624,-0.6413332399710624,-0.6413332399710624,-0.020867812411531454,-0.020867812411531454,-0.020867812411531454,-0.6204654275595309,-0.6204654275595309,-0.6204654275595309,0.0,0.0,0.0,157.09716908990768
2024-11-08 17:15:39.185076,2.760709614149101,148.40013251937785,169.14191573995225,2.760709614149101,2.760709614149101,-0.6192745021190547,-0.6192745021190547,-0.6192745021190547,0.001105447771486837,0.001105447771486837,0.001105447771486837,-0.6203799498905415,-0.6203799498905415,-0.6203799498905415,0.0,0.0,0.0,158.49417861583794
2024-11-09 17:15:39.185076,2.7758783640833586,148.06587020301336,168.16172144535076,2.7758783640833586,2.7758783640833586,-0.630354034561507,-0.630354034561507,-0.630354034561507,-0.009946262067090528,-0.009946262067090528,-0.009946262067090528,-0.6204077724944165,-0.6204077724944165,-0.6204077724944165,0.0,0.0,0.0,157.96812164045863
2024-11-10 17:15:39.185076,2.7910471140176147,148.56294780616318,168.5914017037433,2.7910471140176147,2.7910471140176147,-0.6297202639309789,-0.6297202639309789,-0.6297202639309789,-0.009035996848543431,-0.009035996848543431,-0.009035996848543431,-0.6206842670824354,-0.6206842670824354,-0.6206842670824354,0.0,0.0,0.0,158.12345082868205
2024-11-11 17:15:39.185076,2.806215863951871,147.80175039969768,167.9845211528652,2.806215863951871,2.806215863951871,-0.6269550768774397,-0.6269550768774397,-0.6269550768774397,-0.005617552629543218,-0.005617552629543218,-0.005617552629543218,-0.6213375242478965,-0.6213375242478965,-0.6213375242478965,0.0,0.0,0.0,158.40514253398538
2024-11-12 17:15:39.185076,2.821384613886127,149.70776136954547,170.6790473152554,2.821384613886127,2.821384613886127,-0.6023192897261657,-0.6023192897261657,-0.6023192897261657,0.02016448909590215,0.02016448909590215,0.02016448909590215,-0.6224837788220678,-0.6224837788220678,-0.6224837788220678,0.0,0.0,0.0,159.9880462812712
2024-11-13 17:15:39.185076,2.8365533638203835,150.36903455821817,170.58892278135335,2.8365533638203835,2.8365533638203835,-0.6000253785179872,-0.6000253785179872,-0.6000253785179872,0.02419768708925298,0.02419768708925298,0.02419768708925298,-0.6242230656072402,-0.6242230656072402,-0.6242230656072402,0.0,0.0,0.0,160.25210599109235
2024-11-14 17:15:39.185076,2.8517221137546405,147.11914438517553,167.82647611131873,2.8517221137546405,2.8517221137546405,-0.647503045467631,-0.647503045467631,-0.647503045467631,-0.02086781241148316,-0.02086781241148316,-0.02086781241148316,-0.6266352330561479,-0.6266352330561479,-0.6266352330561479,0.0,0.0,0.0,157.52864666928488
2024-11-15 17:15:39.185076,2.866890863688897,148.07643289673177,169.2168836514504,2.866890863688897,2.866890863688897,-0.6286709856001761,-0.6286709856001761,-0.6286709856001761,0.001105447771483038,0.001105447771483038,0.001105447771483038,-0.6297764333716591,-0.6297764333716591,-0.6297764333716591,0.0,0.0,0.0,158.77820414836285
2024-11-16 17:15:39.185076,2.8820596136231518,147.0869975614974,168.3825916169359,2.8820596136231518,2.8820596136231518,-0.6436224571142045,-0.6436224571142045,-0.6436224571142045,-0.009946262067085005,-0.009946262067085005,-0.009946262067085005,-0.6336761950471195,-0.6336761950471195,-0.6336761950471195,0.0,0.0,0.0,157.98937184508992
2024-11-17 17:15:39.185076,2.897228363557409,147.7622160463473,168.72673314746072,2.897228363557409,2.897228363557409,-0.647371165255976,-0.647371165255976,-0.647371165255976,-0.009035996848500788,-0.009035996848500788,-0.009035996848500788,-0.6383351684074752,-0.6383351684074752,-0.6383351684074752,0.0,0.0,0.0,157.8744944115845
2024-11-18 17:15:39.185076,2.9123971134916653,147.15965432669043,168.16073862283812,2.9123971134916653,2.9123971134916653,-0.6493411693176256,-0.6493411693176256,-0.6493411693176256,-0.005617552629506012,-0.005617552629506012,-0.005617552629506012,-0.6437236166881196,-0.6437236166881196,-0.6437236166881196,0.0,0.0,0.0,157.86631313490298
2024-11-19 17:15:39.185076,2.9275658634259214,149.73324926916177,169.51097449986,2.9275658634259214,2.9275658634259214,-0.6296162160065029,-0.6296162160065029,-0.6296162160065029,0.02016448909596785,0.02016448909596785,0.02016448909596785,-0.6497807051024708,-0.6497807051024708,-0.6497807051024708,0.0,0.0,0.0,159.19439403302312
2024-11-20 17:15:39.185076,2.942734613360178,148.5816587372099,169.793805524338,2.942734613360178,2.942734613360178,-0.6322169316893637,-0.6322169316893637,-0.6322169316893637,0.024197687089308396,0.024197687089308396,0.024197687089308396,-0.656414618778672,-0.656414618778672,-0.656414618778672,0.0,0.0,0.0,159.15154013765388
2024-11-21 17:15:39.185076,2.957903363294434,145.3497038112942,166.71884660246337,2.957903363294434,2.957903363294434,-0.6843713303955364,-0.6843713303955364,-0.6843713303955364,-0.02086781241149976,-0.02086781241149976,-0.02086781241149976,-0.6635035179840367,-0.6635035179840367,-0.6635035179840367,0.0,0.0,0.0,156.02032078334628
2024-11-22 17:15:39.185076,2.9730721132286915,147.0361700075953,167.0420966161655,2.9730721132286915,2.9730721132286915,-0.6697918685690435,-0.6697918685690435,-0.6697918685690435,0.0011054477715024616,0.0011054477715024616,0.0011054477715024616,-0.670897316340546,-0.670897316340546,-0.670897316340546,0.0,0.0,0.0,157.03395754074086
2024-11-23 17:15:39.185076,2.9882408631629462,145.62073873782273,166.31332389366295,2.9882408631629462,2.9882408631629462,-0.6883665074630876,-0.6883665074630876,-0.6883665074630876,-0.009946262067121583,-0.009946262067121583,-0.009946262067121583,-0.678420245395966,-0.678420245395966,-0.678420245395966,0.0,0.0,0.0,155.97055516510838
2024-11-24 17:15:39.185076,3.0034096130972037,145.39554768110995,165.8205388925743,3.0034096130972037,3.0034096130972037,-0.6949101444181695,-0.6949101444181695,-0.6949101444181695,-0.009035996848522406,-0.009035996848522406,-0.009035996848522406,-0.685874147569647,-0.685874147569647,-0.685874147569647,0.0,0.0,0.0,155.65622770582078
2024-11-25 17:15:39.185076,3.0185783630314598,145.0302346615774,165.06775613327864,3.0185783630314598,3.0185783630314598,-0.6986599723657517,-0.6986599723657517,-0.6986599723657517,-0.005617552629581326,-0.005617552629581326,-0.005617552629581326,-0.6930424197361704,-0.6930424197361704,-0.6930424197361704,0.0,0.0,0.0,155.5153161172429
2024-11-26 17:15:39.185076,3.033747112965716,146.47768823302198,167.5278832243949,3.033747112965716,3.033747112965716,-0.6795300229786397,-0.6795300229786397,-0.6795300229786397,0.020164489095896507,0.020164489095896507,0.020164489095896507,-0.6996945120745363,-0.6996945120745363,-0.6996945120745363,0.0,0.0,0.0,156.83373571482744
2024-11-27 17:15:39.185076,3.048915862899972,146.05921097035824,167.79399889961343,3.048915862899972,3.048915862899972,-0.6813931846955997,-0.6813931846955997,-0.6813931846955997,0.024197687089348684,0.024197687089348684,0.024197687089348684,-0.7055908717849485,-0.7055908717849485,-0.7055908717849485,0.0,0.0,0.0,156.81647808973088
2024-11-28 17:15:39.185076,3.0640846128342285,142.84568218404578,164.46024090356997,3.0640846128342285,3.0640846128342285,-0.731356021666847,-0.731356021666847,-0.731356021666847,-0.020867812411495188,-0.020867812411495188,-0.020867812411495188,-0.7104882092553517,-0.7104882092553517,-0.7104882092553517,0.0,0.0,0.0,153.69434288066685
2024-11-29 17:15:39.185076,3.0792533627684846,144.1511605045813,164.8427448451746,3.0792533627684846,3.0792533627684846,-0.713039507791406,-0.713039507791406,-0.713039507791406,0.0011054477715102765,0.0011054477715102765,0.0011054477715102765,-0.7141449555629164,-0.7141449555629164,-0.7141449555629164,0.0,0.0,0.0,154.9679028747655
2024-11-30 17:15:39.185076,3.094422112702742,142.39709488882164,164.702031906117,3.094422112702742,3.094422112702742,-0.7262730371160419,-0.7262730371160419,-0.7262730371160419,-0.009946262067051593,-0.009946262067051593,-0.009946262067051593,-0.7163267750489903,-0.7163267750489903,-0.7163267750489903,0.0,0.0,0.0,154.19720523653186
2024-12-01 17:15:39.185076,3.109590862636997,143.3532076202917,164.52774330759283,3.109590862636997,3.109590862636997,-0.7258479920692875,-0.7258479920692875,-0.7258479920692875,-0.009035996848479767,-0.009035996848479767,-0.009035996848479767,-0.7168119952208077,-0.7168119952208077,-0.7168119952208077,0.0,0.0,0.0,154.31247753056056
2024-12-02 17:15:39.185076,3.1247596125712542,145.6739834969341,164.685419116446,3.1247596125712542,3.1247596125712542,-0.7210143710677901,-0.7210143710677901,-0.7210143710677901,-0.005617552629544121,-0.005617552629544121,-0.005617552629544121,-0.715396818438246,-0.715396818438246,-0.715396818438246,0.0,0.0,0.0,154.71812288879005
2024-12-03 17:15:39.185076,3.1399283625055103,147.25611564412176,168.14015140741313,3.1399283625055103,3.1399283625055103,-0.6917356965512274,-0.6917356965512274,-0.6917356965512274,0.020164489095962204,0.020164489095962204,0.020164489095962204,-0.7119001856471896,-0.7119001856471896,-0.7119001856471896,0.0,0.0,0.0,156.74324495121834
2024-12-04 17:15:39.185076,3.1550971124397664,146.83500174734,168.13976803057,3.1550971124397664,3.1550971124397664,-0.6819704845492696,-0.6819704845492696,-0.6819704845492696,0.02419768708928941,0.02419768708928941,0.02419768708928941,-0.7061681716385589,-0.7061681716385589,-0.7061681716385589,0.0,0.0,0.0,157.49054371088084
2024-12-05 17:15:39.185076,3.1702658623740225,144.23142880683343,165.3206426344845,3.1702658623740225,3.1702658623740225,-0.7189456160861446,-0.7189456160861446,-0.7189456160861446,-0.020867812411511796,-0.020867812411511796,-0.020867812411511796,-0.6980778036746328,-0.6980778036746328,-0.6980778036746328,0.0,0.0,0.0,155.12359232285007
2024-12-06 17:15:39.185076,3.185434612308279,146.7710553895398,167.33221547942676,3.185434612308279,3.185434612308279,-0.686434762684527,-0.686434762684527,-0.686434762684527,0.0011054477714605038,0.0011054477714605038,0.0011054477714605038,-0.6875402104559875,-0.6875402104559875,-0.6875402104559875,0.0,0.0,0.0,157.3942531729808
2024-12-07 17:15:39.185076,3.200603362242536,147.4009571238885,167.58392346931066,3.200603362242536,3.200603362242536,-0.6844492879490737,-0.6844492879490737,-0.6844492879490737,-0.009946262067046067,-0.009946262067046067,-0.009946262067046067,-0.6745030258820276,-0.6745030258820276,-0.6745030258820276,0.0,0.0,0.0,157.6282405850578
2024-12-08 17:15:39.185076,3.2157721121767913,148.47877199869845,168.39383516767353,3.2157721121767913,3.2157721121767913,-0.6679879882260069,-0.6679879882260069,-0.6679879882260069,-0.00903599684856565,-0.00903599684856565,-0.00903599684856565,-0.6589519913774412,-0.6589519913774412,-0.6589519913774412,0.0,0.0,0.0,158.84380694036017
2024-12-09 17:15:39.185076,3.2309408621110474,149.54385134516122,170.2543979641368,3.2309408621110474,3.2309408621110474,-0.6465292738121492,-0.6465292738121492,-0.6465292738121492,-0.005617552629580604,-0.005617552629580604,-0.005617552629580604,-0.6409117211825686,-0.6409117211825686,-0.6409117211825686,0.0,0.0,0.0,160.4099138901774
2024-12-10 17:15:39.185076,3.246109612045305,153.7920006053596,173.77525218536562,3.246109612045305,3.246109612045305,-0.6002811272645047,-0.6002811272645047,-0.6002811272645047,0.02016448909595938,0.02016448909595938,0.02016448909595938,-0.620445616360464,-0.620445616360464,-0.620445616360464,0.0,0.0,0.0,163.68432092561991
2024-12-11 17:15:39.185076,3.261278361979561,154.52326086558284,174.77620403844858,3.261278361979561,3.261278361979561,-0.5734572476815378,-0.5734572476815378,-0.5734572476815378,0.024197687089394612,0.024197687089394612,0.024197687089394612,-0.5976549347709323,-0.5976549347709323,-0.5976549347709323,0.0,0.0,0.0,165.65423863386073
2024-12-12 17:15:39.185076,3.276447111913817,154.55424457493848,175.2330684992624,3.276447111913817,3.276447111913817,-0.5935448577360367,-0.5935448577360367,-0.5935448577360367,-0.020867812411507224,-0.020867812411507224,-0.020867812411507224,-0.5726770453245295,-0.5726770453245295,-0.5726770453245295,0.0,0.0,0.0,164.40448166268354
2024-12-13 17:15:39.185076,3.2916158618480735,157.2236724570094,177.86154041933946,3.2916158618480735,3.2916158618480735,-0.5445774671187773,-0.5445774671187773,-0.5445774671187773,0.0011054477714683153,0.0011054477714683153,0.0011054477714683153,-0.5456829148902456,-0.5456829148902456,-0.5456829148902456,0.0,0.0,0.0,167.92862570588662
2024-12-14 17:15:39.185076,3.3067846117823296,158.8802924920082,179.32400165431832,3.3067846117823296,3.3067846117823296,-0.5268201568244415,-0.5268201568244415,-0.5268201568244415,-0.00994626206704054,-0.00994626206704054,-0.00994626206704054,-0.516873894757401,-0.516873894757401,-0.516873894757401,0.0,0.0,0.0,169.31067279729464
2024-12-15 17:15:39.185076,3.321953361716587,161.4756489305815,182.71416359340236,3.321953361716587,3.321953361716587,-0.4955138869265542,-0.4955138869265542,-0.4955138869265542,-0.009035996848523006,-0.009035996848523006,-0.009035996848523006,-0.48647789007803116,-0.48647789007803116,-0.48647789007803116,0.0,0.0,0.0,171.65190347519865
2024-12-16 17:15:39.185076,3.337122111650842,163.3816814236693,184.1430502180301,3.337122111650842,3.337122111650842,-0.4603625624432299,-0.4603625624432299,-0.4603625624432299,-0.0056175526295434,-0.0056175526295434,-0.0056175526295434,-0.4547450098136865,-0.4547450098136865,-0.4547450098136865,0.0,0.0,0.0,174.28335002842738
2024-12-17 17:15:39.185076,3.352290861585098,168.79010157700776,188.45193871521772,3.352290861585098,3.352290861585098,-0.4017783169474896,-0.4017783169474896,-0.4017783169474896,0.020164489095886196,0.020164489095886196,0.020164489095886196,-0.4219428060433758,-0.4219428060433758,-0.4219428060433758,0.0,0.0,0.0,178.59151157646377
2024-12-18 17:15:39.185076,3.3674596115193554,170.9472712396647,192.3591362109506,3.3673194428617905,3.3674596115193554,-0.36415353270520984,-0.36415353270520984,-0.36415353270520984,0.024197687089385113,0.024197687089385113,0.024197687089385113,-0.38835121979459497,-0.38835121979459497,-0.38835121979459497,0.0,0.0,0.0,181.45076309515383
2024-12-19 17:15:39.185076,3.3826283614536106,171.2494521838172,191.20125257745607,3.382206767801523,3.382761475037905,-0.37512516808236446,-0.37512516808236446,-0.37512516808236446,-0.020867812411545006,-0.020867812411545006,-0.020867812411545006,-0.35425735567081945,-0.35425735567081945,-0.35425735567081945,0.0,0.0,0.0,180.872318719172
2024-12-20 17:15:39.185076,3.397797111387869,174.81829645736377,196.50213339024515,3.3969567954367257,3.398243937360418,-0.31884476160146785,-0.31884476160146785,-0.31884476160146785,0.0011054477714877425,0.0011054477714877425,0.0011054477714877425,-0.3199502093729556,-0.3199502093729556,-0.3199502093729556,0.0,0.0,0.0,185.09900174191017
2024-12-21 17:15:39.185076,3.412965861322124,176.32089884486945,196.53222637560492,3.4116676396558474,3.413760114501537,-0.29566173284560265,-0.29566173284560265,-0.29566173284560265,-0.009946262067077122,-0.009946262067077122,-0.009946262067077122,-0.28571547077852555,-0.28571547077852555,-0.28571547077852555,0.0,0.0,0.0,186.98282627391572
2024-12-22 17:15:39.185076,3.42813461125638,179.84650815557734,200.28186017270914,3.426431742435183,3.4295140439851797,-0.26086651748661543,-0.26086651748661543,-0.26086651748661543,-0.009035996848506122,-0.009035996848506122,-0.009035996848506122,-0.25183052063810935,-0.25183052063810935,-0.25183052063810935,0.0,0.0,0.0,189.7197762315858
2024-12-23 17:15:39.185076,3.4433033611906376,182.42618893687796,202.80562745002078,3.441098673580481,3.4452416030451505,-0.22417728400490117,-0.22417728400490117,-0.22417728400490117,-0.005617552629579886,-0.005617552629579886,-0.005617552629579886,-0.21855973137532128,-0.21855973137532128,-0.21855973137532128,0.0,0.0,0.0,192.61629511560406
2024-12-24 17:15:39.185076,3.4584721111248924,186.42583842699713,208.1845756641686,3.455690724485329,3.4609610289569774,-0.16598568309639422,-0.16598568309639422,-0.16598568309639422,0.020164489095883375,0.020164489095883375,0.020164489095883375,-0.1861501721922776,-0.1861501721922776,-0.1861501721922776,0.0,0.0,0.0,197.10230373383828
2024-12-25 17:15:39.185076,3.4736408610591485,188.91853096772903,209.7615652909132,3.470396830855799,3.476678061623144,-0.1306301189439413,-0.1306301189439413,-0.1306301189439413,0.024197687089375627,0.024197687089375627,0.024197687089375627,-0.15482780603331692,-0.15482780603331692,-0.15482780603331692,0.0,0.0,0.0,199.95501164002314
2024-12-26 17:15:39.185076,3.488809610993406,188.76016138623856,209.66696105748088,3.4850559060767266,3.4924476020143516,-0.1456620637568459,-0.1456620637568459,-0.1456620637568459,-0.020867812411540433,-0.020867812411540433,-0.020867812411540433,-0.12479425134530545,-0.12479425134530545,-0.12479425134530545,0.0,0.0,0.0,199.12831751177185
2024-12-27 17:15:39.185076,3.503978360927662,193.4584090179486,213.56433157716947,3.4996133390424253,3.508292000560647,-0.09511871765491406,-0.09511871765491406,-0.09511871765491406,0.001105447771495554,0.001105447771495554,0.001105447771495554,-0.09622416542640962,-0.09622416542640962,-0.09622416542640962,0.0,0.0,0.0,203.13080900724646
2024-12-28 17:15:39.185076,3.5191471108619172,194.24031168800988,214.5042021705903,3.5141145870808446,3.5242767010814324,-0.07920955103650532,-0.07920955103650532,-0.07920955103650532,-0.009946262067113708,-0.009946262067113708,-0.009946262067113708,-0.06926328896939161,-0.06926328896939161,-0.06926328896939161,0.0,0.0,0.0,204.59887788912317
2024-12-29 17:15:39.185076,3.5343158607961747,196.83453747584943,217.07861414094242,3.5283239613112762,3.5403920966790565,-0.05306317051806592,-0.05306317051806592,-0.05306317051806592,-0.009035996848527742,-0.009035996848527742,-0.009035996848527742,-0.044027173669538185,-0.044027173669538185,-0.044027173669538185,0.0,0.0,0.0,206.83905320493392
2024-12-30 17:15:39.185076,3.5494846107304308,198.49458053743587,219.60115000209547,3.5428802158176698,3.556149421158989,-0.026218149608141887,-0.026218149608141887,-0.026218149608141887,-0.0056175526294689904,-0.0056175526294689904,-0.0056175526294689904,-0.020600596978672895,-0.020600596978672895,-0.020600596978672895,0.0,0.0,0.0,209.1481548144546
2024-12-31 17:15:39.185076,3.564653360664688,202.4735336476614,223.1956269513857,3.5573221252418543,3.572057855444754,0.021126838352399972,0.021126838352399972,0.021126838352399972,0.02016448909588055,0.02016448909588055,0.02016448909588055,0.0009623492565194233,0.0009623492565194233,0.0009623492565194233,0.0,0.0,0.0,213.01328971250675
2025-01-01 17:15:39.185076,3.579822110598943,204.0514016912415,225.02118060861778,3.571715902652663,3.5880582804496224,0.0448352130610474,0.0448352130610474,0.0448352130610474,0.02419768708931635,0.02419768708931635,0.02419768708931635,0.020637525971731054,0.020637525971731054,0.020637525971731054,0.0,0.0,0.0,215.12677853769088
2025-01-02 17:15:39.185076,3.594990860533199,203.41923606586158,223.30165293558025,3.586112728696731,3.604593086942698,0.01756160226979112,0.01756160226979112,0.01756160226979112,-0.020867812411492135,-0.020867812411492135,-0.020867812411492135,0.038429414681283254,0.038429414681283254,0.038429414681283254,0.0,0.0,0.0,213.39574919742768
2025-01-03 17:15:39.185076,3.6101596104674565,206.11937390393456,226.7459411497724,3.6005266445405413,3.6207794704411307,0.055474691860870895,0.055474691860870895,0.055474691860870895,0.0011054477714457795,0.0011054477714457795,0.0011054477714457795,0.05436924408942512,0.05436924408942512,0.05436924408942512,0.0,0.0,0.0,216.60317176212374
2025-01-04 17:15:39.185076,3.6253283604017126,207.61931073665517,227.1328329081096,3.614621552379016,3.6368750612632468,0.05856638300186829,0.05856638300186829,0.05856638300186829,-0.009946262067108181,-0.009946262067108181,-0.009946262067108181,0.06851264506897647,0.06851264506897647,0.06851264506897647,0.0,0.0,0.0,217.176365283729
2025-01-05 17:15:39.185076,3.640497110335968,207.8255191461609,228.78731100887785,3.628703650729543,3.653159939688823,0.07190091578702157,0.07190091578702157,0.07190091578702157,-0.00903599684854936,-0.00903599684854936,-0.00903599684854936,0.08093691263557094,0.08093691263557094,0.08093691263557094,0.0,0.0,0.0,218.53679893876102
2025-01-06 17:15:39.185076,3.655665860270225,210.5002573523206,230.12422476562529,3.6427821444282107,3.6690832436647933,0.08612040752715003,0.08612040752715003,0.08612040752715003,-0.005617552629505474,-0.005617552629505474,-0.005617552629505474,0.0917379601566555,0.0917379601566555,0.0917379601566555,0.0,0.0,0.0,219.97387952170516
2025-01-07 17:15:39.185076,3.6708346102044813,212.29553683080994,233.69273618928355,3.656877317473212,3.68555146930721,0.1211915441739969,0.1211915441739969,0.1211915441739969,0.02016448909580737,0.02016448909580737,0.02016448909580737,0.10102705507818953,0.10102705507818953,0.10102705507818953,0.0,0.0,0.0,223.03195234831844
2025-01-08 17:15:39.185076,3.686003360138736,213.5101516173392,234.97371488015705,3.6709951406092753,3.701314533718529,0.1331251139980975,0.1331251139980975,0.1331251139980975,0.024197687089257076,0.024197687089257076,0.024197687089257076,0.10892742690884044,0.10892742690884044,0.10892742690884044,0.0,0.0,0.0,224.3164223606509
2025-01-09 17:15:39.185076,3.701172110072995,211.31626900253508,232.2071998900094,3.685022426737923,3.7172628210974596,0.09470302470055098,0.09470302470055098,0.09470302470055098,-0.020867812411508743,-0.020867812411508743,-0.020867812411508743,0.11557083711205972,0.11557083711205972,0.11557083711205972,0.0,0.0,0.0,221.68367041150418
2025-01-10 17:15:39.185076,3.7163408600072496,213.6980153621219,235.33765040756666,3.699144646506355,3.734102485067483,0.12219964483271661,0.12219964483271661,0.12219964483271661,0.0011054477714419805,0.0011054477714419805,0.0011054477714419805,0.12109419706127462,0.12109419706127462,0.12109419706127462,0.0,0.0,0.0,224.18529753011367
2025-01-11 17:15:39.185076,3.731509609941507,214.09559140414603,234.52802572715956,3.713224065046289,3.7500542057317974,0.11569005241805473,0.11569005241805473,0.11569005241805473,-0.009946262067102654,-0.009946262067102654,-0.009946262067102654,0.12563631448515739,0.12563631448515739,0.12563631448515739,0.0,0.0,0.0,224.03223659357462
2025-01-12 17:15:39.185076,3.746678359875763,215.10373081288193,235.17912670918923,3.727351827459623,3.766744374643352,0.12029884429014584,0.12029884429014584,0.12029884429014584,-0.009035996848506722,-0.009035996848506722,-0.009035996848506722,0.12933484113865254,0.12933484113865254,0.12933484113865254,0.0,0.0,0.0,224.75226638850188
